trial,breached,objective,maximin,avg_net,worst_tdd,n_survived,fail_window,tp1_r_multiple,tp2_r_multiple,tp3_r_multiple,tp4_r_multiple,tp5_r_multiple,tp1_close_pct,tp2_close_pct,tp3_close_pct,tp4_close_pct,tp5_close_pct,sl_after_tp2_r,sl_after_tp3_r,sl_after_tp4_r,net_w0,net_w1,net_w2,net_w3,net_w4
9,True,-997000000.0,,,,3,3,0.6,0.9,1.3,2.0,3.5,0.25,0.3,0.15,0.2,0.1,0.5,0.9,0.9,177173,81076,72150,,
12,False,0.0,,,,5,,0.5,0.7999999999999999,2.3,3.6999999999999997,3.9999999999999996,0.45,0.4,0.3,0.1,-0.25,,,,,,,,
11,True,-997000000.0,,,,3,3,0.7000000000000001,0.9000000000000001,2.6,3.1,6.0,0.15000000000000002,0.2,0.3,0.25,0.1,0.35000000000000003,0.75,0.8,154011,30978,53744,,
10,False,14288.0,17026,59222,8.37,5,,0.9,1.8,2.5,3.2,5.0,0.15,0.15,0.1,0.1,0.5,0.5,0.55,0.7,74607,17026,73119,75710,55648
8,False,49069.0,49069,107836,6.67,5,,0.9,1.7,2.4,3.4,4.7,0.1,0.35,0.15,0.1,0.3,0.7,1.6,2.0,106612,137062,100608,49069,145831
14,False,0.0,,,,5,,0.4,0.6000000000000001,2.5,3.0,3.8,0.30000000000000004,0.35,0.2,0.15000000000000002,0.0,,,,,,,,
15,False,0.0,,,,5,,0.7000000000000001,1.4000000000000001,2.8,3.3,4.199999999999999,0.30000000000000004,0.30000000000000004,0.2,0.2,0.0,,,,,,,,
16,False,0.0,,,,5,,0.7000000000000001,1.7000000000000002,2.5,3.9,4.7,0.45,0.25,0.15000000000000002,0.2,-0.05,,,,,,,,
20,False,0.0,,,,5,,1.0,1.2,2.8,3.6999999999999997,5.3999999999999995,0.15000000000000002,0.25,0.3,0.25,0.05,,,,,,,,
