ticket,symbol,type,volume,open_price,close_price,open_time,close_time,pnl,sl,tp
1000009,CAD_JPY,buy,0.05000000000000001,106.7118,108.09228629071418,2024-01-03 07:00:00+00:00,2024-01-04 12:00:00+00:00,69.02431453570942,108.09228629071418,0
1000012,USD_JPY,sell,0.11,143.303,144.8182857142857,2024-01-03 14:30:00+00:00,2024-01-04 14:30:00+00:00,-166.6814285714281,144.8182857142857,0
1000013,AUD_CAD,buy,0.16,0.89488452,0.9022025,2024-01-04 17:30:00+00:00,2024-01-04 18:00:00+00:00,117.08768000000092,0.9022025,0
1000014,EUR_JPY,sell,0.1,156.970148,158.7003265592225,2024-01-04 05:30:00+00:00,2024-01-05 06:30:00+00:00,-173.01785592225087,158.7003265592225,0
1000015,GBP_JPY,buy,0.019999999999999997,182.284532,183.77078689127075,2024-01-04 08:45:00+00:00,2024-01-05 08:00:00+00:00,29.725097825414647,183.77078689127075,0
1000002,NZD_JPY,buy,0.06000000000000001,89.26564,90.33118860264423,2024-01-02 01:30:00+00:00,2024-01-05 14:15:00+00:00,63.932916158653676,90.33118860264423,0
1000017,EUR_JPY,buy,0.030000000000000002,156.482834,158.7227382455361,2024-01-04 00:45:00+00:00,2024-01-05 14:30:00+00:00,67.1971273660833,158.7227382455361,0
1000023,GBP_NZD,buy,0.03999999999999999,2.0194989,2.037399667710423,2024-01-04 07:00:00+00:00,2024-01-05 14:45:00+00:00,71.60307084169301,2.037399667710423,0
1000018,EUR_AUD,buy,0.07999999999999999,1.62351632,1.6297079000092036,2024-01-04 01:00:00+00:00,2024-01-05 15:00:00+00:00,49.53264007362889,1.6297079000092036,0
1000004,GBP_USD,buy,0.07,1.26894342,1.26894342,2024-01-02 11:00:00+00:00,2024-01-08 08:30:00+00:00,0.0,1.26894342,0
1000000,AUD_JPY,buy,0.07999999999999999,96.01,96.55686353180936,2024-01-02 15:15:00+00:00,2024-01-08 12:45:00+00:00,43.74908254474803,96.55686353180936,0
1000005,GBP_CAD,buy,0.019999999999999993,1.69573132,1.7019350939239888,2024-01-04 10:00:00+00:00,2024-01-08 21:15:00+00:00,12.407547847977701,1.7019350939239888,0
1000006,EUR_USD,buy,0.1,1.09648308,1.08742,2024-01-02 12:15:00+00:00,2024-01-16 13:45:00+00:00,-90.63080000000002,1.0840254198552743,0
1000008,EUR_GBP,sell,0.09000000000000001,0.86642936,0.86014,2024-01-03 08:15:00+00:00,2024-01-16 13:45:00+00:00,56.604240000000196,0.8637759269889838,0
1000001,AUD_NZD,sell,0.14,1.0777023000000001,1.07248,2024-01-03 11:15:00+00:00,2024-01-16 13:45:00+00:00,73.11220000000019,1.07776,0
1000010,AUD_NZD,sell,0.18,1.07776,1.07248,2024-01-03 11:15:00+00:00,2024-01-16 13:45:00+00:00,95.03999999999911,1.0883177089058074,0
1000011,XAU_USD,buy,0.04,2044.3255476074216,2037.695,2024-01-03 12:00:00+00:00,2024-01-16 13:45:00+00:00,-26.522190429686816,2010.3218938571508,0
1000007,NZD_USD,buy,0.13,0.62343006,0.61532,2024-01-03 13:00:00+00:00,2024-01-16 13:45:00+00:00,-105.4307800000004,0.6141390630342382,0
1000016,GBP_CAD,buy,0.06,1.69573132,1.70207,2024-01-04 10:00:00+00:00,2024-01-16 13:45:00+00:00,38.03208000000024,1.670539855687426,0
1000030,AUD_CAD,buy,0.25,0.89488452,0.88842,2024-01-05 05:00:00+00:00,2024-01-16 13:45:00+00:00,-161.61299999999932,0.8882792947094071,0
1000028,AUD_USD,buy,0.08,0.6658415599999999,0.6599,2024-01-05 13:30:00+00:00,2024-01-16 13:45:00+00:00,-47.532479999999204,0.6509905400628837,0
1000032,AUD_USD,buy,0.08,0.6658415599999999,0.6599,2024-01-05 13:30:00+00:00,2024-01-16 13:45:00+00:00,-47.532479999999204,0.6508333586298206,0
1000031,XAG_USD,buy,0.01,23.291456008911133,23.0,2024-01-05 15:00:00+00:00,2024-01-16 13:45:00+00:00,-145.72800445556666,22.416282431916095,0
1000027,EUR_CAD,buy,0.11,1.4655333,1.46402,2024-01-08 13:30:00+00:00,2024-01-16 13:45:00+00:00,-16.646299999998117,1.4512694307701375,0
1000029,EUR_CAD,buy,0.11,1.4655333,1.46402,2024-01-08 13:30:00+00:00,2024-01-16 13:45:00+00:00,-16.646299999998117,1.4513101857151276,0
1000033,EUR_CAD,buy,0.12,1.4655333,1.46402,2024-01-08 13:30:00+00:00,2024-01-16 13:45:00+00:00,-18.159599999997944,1.4517514581640472,0
1000037,GBP_USD,buy,0.09,1.27095,1.26425,2024-01-09 11:30:00+00:00,2024-01-16 13:45:00+00:00,-60.29999999999934,1.2573091200736846,0
1000034,NAS100_USD,buy,0.25,16752.9439296875,16830.7109375,2024-01-10 00:00:00+00:00,2024-01-16 13:45:00+00:00,19.441751953125276,16250.165441034409,0
1000036,NAS100_USD,buy,0.22,16803.75,16830.7109375,2024-01-10 00:00:00+00:00,2024-01-16 13:45:00+00:00,5.93140625,16243.800052389095,0
1000035,USD_CAD,sell,0.09,1.34401426,1.34632,2024-01-11 16:15:00+00:00,2024-01-16 13:45:00+00:00,-20.751659999999504,1.3627697226074191,0
1000043,SPX500_USD,buy,2.22,4768.029,4765.97998047,2024-01-16 00:00:00+00:00,2024-01-16 13:45:00+00:00,-4.548823356601789,4711.928038561247,0
1000044,SPX500_USD,buy,2.2,4768.029,4765.97998047,2024-01-16 00:00:00+00:00,2024-01-16 13:45:00+00:00,-4.507842966001772,4711.299250092587,0
1000046,SPX500_USD,buy,2.21,4768.029,4765.97998047,2024-01-16 00:00:00+00:00,2024-01-16 13:45:00+00:00,-4.52833316130178,4711.438589371688,0
1000048,USD_CHF,sell,0.08,0.86039962,0.86094,2024-01-16 07:15:00+00:00,2024-01-16 13:45:00+00:00,-4.323040000000056,0.8746070079643106,0
1000052,USD_CHF,sell,0.08,0.86159,0.86094,2024-01-16 09:45:00+00:00,2024-01-16 13:45:00+00:00,5.199999999999427,0.8745915073954312,0
1000054,EUR_GBP,sell,0.10000000000000002,0.86134236,0.857343837168726,2024-01-17 05:00:00+00:00,2024-01-17 16:45:00+00:00,39.98522831273999,0.857343837168726,0
1000060,AUD_CHF,sell,0.24,0.56925696,0.5736448171428572,2024-01-18 14:00:00+00:00,2024-01-19 12:00:00+00:00,-105.30857142857197,0.5736448171428572,0
1000055,AUD_CHF,sell,0.23,0.56925696,0.5738768269020026,2024-01-18 14:00:00+00:00,2024-01-22 01:00:00+00:00,-106.2569387460588,0.5738768269020026,0
1000057,GBP_USD,buy,0.07999999999999999,1.268,1.268,2024-01-17 09:45:00+00:00,2024-01-23 14:30:00+00:00,0.0,1.268,0
1000062,CAD_CHF,sell,0.05,0.64574634,0.6396246990371908,2024-01-19 17:00:00+00:00,2024-01-25 03:30:00+00:00,30.608204814046026,0.6396246990371908,0
1000068,EUR_CAD,buy,0.11000000000000001,1.46338,1.4672994227868186,2024-01-19 19:45:00+00:00,2024-01-25 13:45:00+00:00,43.113650655005394,1.4672994227868186,0
1000078,GBP_CAD,buy,0.09999999999999999,1.7107684,1.7152524322940776,2024-01-24 03:45:00+00:00,2024-01-25 15:30:00+00:00,44.84032294077566,1.7152524322940776,0
1000067,AUD_NZD,sell,0.24,1.07885,1.07885,2024-01-19 05:00:00+00:00,2024-01-26 01:30:00+00:00,0.0,1.07885,0
1000065,EUR_CHF,sell,0.04000000000000001,0.94601,0.9348105310910158,2024-01-19 11:00:00+00:00,2024-01-29 12:45:00+00:00,44.79787563593708,0.9348105310910158,0
1000074,AUD_JPY,buy,0.14,97.041232,97.28856936782515,2024-01-24 13:15:00+00:00,2024-01-29 18:15:00+00:00,34.62723149552147,97.28856936782515,0
1000097,GBP_CAD,buy,0.19,1.70856,1.6996710763048581,2024-01-26 07:45:00+00:00,2024-01-30 09:00:00+00:00,-168.8895502076968,1.6996710763048581,0
1000095,CHF_JPY,buy,0.07999999999999999,170.767906,170.767906,2024-01-26 09:00:00+00:00,2024-01-30 09:00:00+00:00,0.0,170.767906,0
1000064,EUR_GBP,sell,0.11000000000000001,0.85778,0.8555208941261814,2024-01-19 07:00:00+00:00,2024-01-30 11:45:00+00:00,24.850164612004736,0.8555208941261814,0
1000075,AUD_JPY,buy,0.22,97.041232,96.22165939431689,2024-01-24 13:15:00+00:00,2024-02-01 04:15:00+00:00,-180.3059732502834,96.22165939431689,0
1000080,AUD_JPY,buy,0.24,96.984,96.2225765804371,2024-01-24 15:00:00+00:00,2024-02-01 04:15:00+00:00,-182.74162069509316,96.2225765804371,0
1000082,CAD_JPY,buy,0.07,109.083,109.083,2024-01-24 15:00:00+00:00,2024-02-01 07:00:00+00:00,0.0,109.083,0
1000101,AUD_NZD,sell,0.11000000000000001,1.07802,1.0711937441221449,2024-01-29 20:00:00+00:00,2024-02-01 09:45:00+00:00,75.08881465640638,1.0711937441221449,0
1000063,XAG_USD,sell,0.01,22.915228691101074,22.651278016225564,2024-01-24 13:30:00+00:00,2024-02-01 12:15:00+00:00,131.9753374377548,23.398525458020384,0
1000066,XAG_USD,sell,0.01,22.915228691101074,22.739261574517403,2024-01-24 13:30:00+00:00,2024-02-01 14:00:00+00:00,87.98355829183535,22.739261574517403,0
1000093,EUR_AUD,buy,0.04000000000000001,1.64162312,1.6550332831240175,2024-01-29 08:00:00+00:00,2024-02-01 15:45:00+00:00,53.64065249607021,1.6550332831240175,0
1000111,AUD_CAD,sell,0.11000000000000001,0.88524258,0.8796899371428571,2024-01-31 14:30:00+00:00,2024-02-01 19:30:00+00:00,61.07907142857139,0.8796899371428571,0
1000100,GBP_USD,buy,0.07,1.26838104,1.26838104,2024-01-29 13:15:00+00:00,2024-02-02 13:30:00+00:00,0.0,1.26838104,0
1000113,NAS100_USD,buy,0.10999999999999999,17137.24033438,17575.506378662532,2024-01-31 00:00:00+00:00,2024-02-05 00:00:00+00:00,48.20926487107859,17575.506378662532,0
1000114,CHF_JPY,buy,0.1,170.6,170.6,2024-01-31 15:45:00+00:00,2024-02-05 09:45:00+00:00,0.0,170.6,0
1000084,XAG_USD,sell,0.01,22.915228691101074,22.38732734135006,2024-01-24 13:30:00+00:00,2024-02-05 13:15:00+00:00,263.95067487550784,23.355146482560254,0
1000118,GBP_JPY,buy,0.05,185.367614,186.3722778066248,2024-02-01 11:15:00+00:00,2024-02-05 14:30:00+00:00,50.23319033123954,186.3722778066248,0
1000106,USD_CHF,sell,0.08,0.85839112,0.8712204898239276,2024-01-31 14:30:00+00:00,2024-02-05 15:00:00+00:00,-102.63495859142148,0.8712204898239276,0
1000102,NZD_CHF,sell,0.15000000000000002,0.52826,0.52826,2024-01-29 20:00:00+00:00,2024-02-06 02:00:00+00:00,0.0,0.52826,0
1000079,AUD_CHF,sell,0.1,0.56925696,0.5666860476748637,2024-01-24 16:30:00+00:00,2024-02-06 04:30:00+00:00,25.70912325136288,0.5666860476748637,0
1000127,NZD_CAD,sell,0.14,0.8207743200000001,0.8207743200000001,2024-02-02 13:30:00+00:00,2024-02-06 04:30:00+00:00,0.0,0.8207743200000001,0
1000132,NZD_USD,sell,0.09999999999999999,0.61136546,0.6080329429060429,2024-02-02 13:45:00+00:00,2024-02-06 17:45:00+00:00,33.32517093957099,0.6080329429060429,0
1000130,USD_JPY,buy,0.07,147.157742,147.83649037915652,2024-02-02 13:30:00+00:00,2024-02-06 18:00:00+00:00,47.51238654095517,147.83649037915652,0
1000061,EUR_CHF,sell,0.11,0.94639436,0.93538,2024-01-19 11:15:00+00:00,2024-02-06 18:30:00+00:00,121.15796000000002,0.9562491304004042,0
1000069,CAD_CHF,sell,0.17,0.64639,0.64525,2024-01-19 18:45:00+00:00,2024-02-06 18:30:00+00:00,19.380000000000507,0.6525402736025538,0
1000081,GBP_CHF,sell,0.08,1.0979,1.09604,2024-01-24 19:15:00+00:00,2024-02-06 18:30:00+00:00,14.88000000000156,1.1118359739305201,0
1000096,EUR_AUD,buy,0.11,1.64162312,1.6486,2024-01-29 08:00:00+00:00,2024-02-06 18:30:00+00:00,76.74568000000082,1.6242752123261366,0
1000104,EUR_AUD,buy,0.13,1.63888,1.6486,2024-01-29 10:30:00+00:00,2024-02-06 18:30:00+00:00,126.36000000000224,1.624195197159984,0
1000094,EUR_NZD,buy,0.07,1.76689002,1.76882,2024-01-29 15:45:00+00:00,2024-02-06 18:30:00+00:00,13.509860000000762,1.76676,0
1000105,EUR_NZD,buy,0.1,1.76676,1.76882,2024-01-29 15:45:00+00:00,2024-02-06 18:30:00+00:00,20.59999999999951,1.7457968528077654,0
1000071,USD_CAD,buy,0.17,1.34072178,1.34832,2024-01-30 00:00:00+00:00,2024-02-06 18:30:00+00:00,129.1697399999998,1.3312203058737784,0
1000072,USD_CAD,buy,0.17,1.34072178,1.34832,2024-01-30 00:00:00+00:00,2024-02-06 18:30:00+00:00,129.1697399999998,1.3312259983113657,0
1000087,USD_CAD,buy,0.17,1.34072178,1.34832,2024-01-30 00:00:00+00:00,2024-02-06 18:30:00+00:00,129.1697399999998,1.3312230291562284,0
1000099,USD_CAD,buy,0.17,1.34072178,1.34832,2024-01-30 00:00:00+00:00,2024-02-06 18:30:00+00:00,129.1697399999998,1.3312336067724624,0
1000092,EUR_JPY,buy,0.09,159.253144,158.994,2024-01-30 07:00:00+00:00,2024-02-06 18:30:00+00:00,-23.322959999999284,157.25814131813777,0
1000107,EUR_JPY,buy,0.09,159.253144,158.994,2024-01-30 07:00:00+00:00,2024-02-06 18:30:00+00:00,-23.322959999999284,157.25692032023105,0
1000108,EUR_JPY,buy,0.09,159.253144,158.994,2024-01-30 07:00:00+00:00,2024-02-06 18:30:00+00:00,-23.322959999999284,157.2614260116431,0
1000070,XAU_USD,buy,0.03,2044.3255476074216,2036.065,2024-01-30 14:15:00+00:00,2024-02-06 18:30:00+00:00,-24.781642822264757,1996.280613435872,0
1000073,XAU_USD,buy,0.03,2044.3255476074216,2036.065,2024-01-30 14:15:00+00:00,2024-02-06 18:30:00+00:00,-24.781642822264757,1996.3777100347606,0
1000076,XAU_USD,buy,0.03,2044.3255476074216,2036.065,2024-01-30 14:15:00+00:00,2024-02-06 18:30:00+00:00,-24.781642822264757,2009.5736363687736,0
1000085,XAU_USD,buy,0.04,2044.3255476074216,2036.065,2024-01-30 14:15:00+00:00,2024-02-06 18:30:00+00:00,-33.04219042968634,2009.8326640862942,0
1000103,XAU_USD,buy,0.03,2044.3255476074216,2036.065,2024-01-30 14:15:00+00:00,2024-02-06 18:30:00+00:00,-24.781642822264757,1997.0324171539505,0
1000109,XAU_USD,buy,0.04,2044.3255476074216,2036.065,2024-01-30 14:15:00+00:00,2024-02-06 18:30:00+00:00,-33.04219042968634,2008.8900800190697,0
1000053,USD_CHF,sell,0.07,0.86039962,0.86998,2024-01-31 14:00:00+00:00,2024-02-06 18:30:00+00:00,-67.06265999999961,0.8746221140100433,0
1000059,USD_CHF,sell,0.07,0.86039962,0.86998,2024-01-31 14:00:00+00:00,2024-02-06 18:30:00+00:00,-67.06265999999961,0.8745894630093259,0
1000083,USD_CHF,sell,0.07,0.86039962,0.86998,2024-01-31 14:00:00+00:00,2024-02-06 18:30:00+00:00,-67.06265999999961,0.8745136773221928,0
1000089,USD_CHF,sell,0.07,0.85984342,0.86998,2024-01-31 14:00:00+00:00,2024-02-06 18:30:00+00:00,-70.95605999999965,0.8755318745822004,0
1000098,USD_CHF,sell,0.06,0.85839112,0.86998,2024-01-31 14:30:00+00:00,2024-02-06 18:30:00+00:00,-69.53328000000013,0.8755368835406147,0
1000056,AUD_JPY,buy,0.17,96.53915,96.442,2024-01-31 16:30:00+00:00,2024-02-06 18:30:00+00:00,-16.515500000002277,95.45401599356036,0
1000077,NZD_JPY,buy,0.1,89.48982,89.876,2024-02-01 08:00:00+00:00,2024-02-06 18:30:00+00:00,38.61800000000102,89.48982,0
1000119,NZD_JPY,buy,0.17,89.48982,89.876,2024-02-01 08:00:00+00:00,2024-02-06 18:30:00+00:00,65.65060000000173,88.41412389417025,0
1000124,NZD_JPY,buy,0.17,89.48982,89.876,2024-02-01 08:00:00+00:00,2024-02-06 18:30:00+00:00,65.65060000000173,88.40922218744379,0
1000121,GBP_JPY,buy,0.07,185.367614,186.299,2024-02-01 11:15:00+00:00,2024-02-06 18:30:00+00:00,65.19702000000024,182.855954483438,0
1000123,EUR_USD,buy,0.07,1.0872,1.07518,2024-02-01 17:00:00+00:00,2024-02-06 18:30:00+00:00,-84.13999999999943,1.0689279079738636,0
1000128,AUD_NZD,sell,0.3,1.07394,1.07292,2024-02-02 13:30:00+00:00,2024-02-06 18:30:00+00:00,30.599999999993962,1.080732753046255,0
1000136,CHF_JPY,buy,0.12,170.767906,169.974,2024-02-06 03:15:00+00:00,2024-02-06 18:30:00+00:00,-95.26872000000253,169.18218467395164,0
1000120,GBP_AUD,buy,0.09000000000000001,1.9261709999999999,1.9318,2024-02-06 04:30:00+00:00,2024-02-06 18:30:00+00:00,50.66100000000095,1.9261709999999999,0
1000137,GBP_AUD,buy,0.14,1.9261709999999999,1.9318,2024-02-06 04:30:00+00:00,2024-02-06 18:30:00+00:00,78.80600000000149,1.912399335698259,0
1000145,NZD_CAD,sell,0.33,0.8207743200000001,0.8262237792925461,2024-02-08 12:15:00+00:00,2024-02-09 08:30:00+00:00,-179.8321566540191,0.8262237792925461,0
1000161,NZD_CAD,sell,0.33,0.8207,0.8261956522002214,2024-02-08 12:30:00+00:00,2024-02-09 08:30:00+00:00,-181.35652260730663,0.8261956522002214,0
1000156,GBP_NZD,buy,0.06,2.0617242,2.0665128,2024-02-09 00:15:00+00:00,2024-02-09 08:45:00+00:00,28.73159999999952,2.0665128,0
1000152,AUD_JPY,buy,0.06999999999999999,97.041232,97.16808914285716,2024-02-09 00:00:00+00:00,2024-02-09 10:15:00+00:00,8.88000000000133,97.16808914285716,0
1000151,AUD_CHF,sell,0.18000000000000002,0.57031,0.57031,2024-02-07 18:30:00+00:00,2024-02-09 12:15:00+00:00,0.0,0.57031,0
1000143,GBP_NZD,sell,0.05,2.06074818,2.060299718081041,2024-02-09 01:30:00+00:00,2024-02-12 03:15:00+00:00,2.242309594795433,2.060299718081041,0
1000142,GBP_CHF,buy,0.05000000000000001,1.09645252,1.1133827462243733,2024-02-07 02:00:00+00:00,2024-02-13 08:00:00+00:00,84.65113112186674,1.1057641444234054,0
1000164,XAG_USD,sell,0.01,22.8045354347229,22.51283800146386,2024-02-12 06:00:00+00:00,2024-02-13 13:45:00+00:00,145.84871662952102,23.296905418796843,0
1000166,XAG_USD,sell,0.01,22.8045354347229,22.221140568204817,2024-02-12 06:00:00+00:00,2024-02-13 14:30:00+00:00,291.69743325904204,22.610070479216873,0
1000153,EUR_CHF,sell,0.15,0.94221,0.9497478175037766,2024-02-07 18:30:00+00:00,2024-02-13 14:45:00+00:00,-113.06726255664866,0.9497478175037766,0
1000172,GBP_NZD,buy,0.07999999999999999,2.06242978,2.0694236314097147,2024-02-13 02:15:00+00:00,2024-02-14 07:00:00+00:00,55.950811277718046,2.0694236314097147,0
1000171,GBP_CAD,buy,0.08,1.70223608,1.70223608,2024-02-13 07:30:00+00:00,2024-02-14 07:30:00+00:00,0.0,1.70223608,0
1000140,NZD_USD,sell,0.12,0.61126,0.6084614586357786,2024-02-07 07:15:00+00:00,2024-02-14 07:45:00+00:00,33.58249637065702,0.6084614586357786,0
1000155,GBP_JPY,buy,0.04,187.16946000000002,188.8693555099199,2024-02-08 01:30:00+00:00,2024-02-14 08:00:00+00:00,67.99582039679535,188.8693555099199,0
1000139,USD_CAD,buy,0.09000000000000001,1.34622,1.3512035792477222,2024-02-07 13:00:00+00:00,2024-02-15 13:30:00+00:00,44.852213229499725,1.3512035792477222,0
1000169,EUR_USD,sell,0.12,1.07568006,1.07568006,2024-02-13 13:30:00+00:00,2024-02-15 13:30:00+00:00,0.0,1.07568006,0
1000141,EUR_JPY,buy,0.04000000000000001,159.253144,161.41211925909113,2024-02-07 02:45:00+00:00,2024-02-15 18:30:00+00:00,86.35901036364545,161.41211925909113,0
1000184,XAG_USD,sell,0.01,22.8045354347229,23.296701941765747,2024-02-15 13:30:00+00:00,2024-02-16 16:15:00+00:00,-246.08325352142305,23.296701941765747,0
1000173,NZD_CAD,sell,0.21,0.82218,0.830590118916585,2024-02-13 02:15:00+00:00,2024-02-20 09:15:00+00:00,-176.61249724828374,0.830590118916585,0
1000185,EUR_USD,sell,0.21,1.07568006,1.0821444103725952,2024-02-16 13:30:00+00:00,2024-02-20 13:45:00+00:00,-135.75135782449888,1.0821444103725952,0
1000190,EUR_CAD,buy,0.07,1.4537299399999999,1.462904956628638,2024-02-20 01:15:00+00:00,2024-02-20 15:30:00+00:00,64.22511640046724,1.462904956628638,0
1000180,GBP_CAD,buy,0.12,1.70223608,1.7062115975174321,2024-02-15 01:00:00+00:00,2024-02-20 19:00:00+00:00,47.706210209184974,1.7062115975174321,0
1000154,GBP_USD,buy,0.06,1.26184,1.26184,2024-02-08 08:30:00+00:00,2024-02-22 14:15:00+00:00,0.0,1.26184,0
1000192,GBP_CAD,buy,0.05,1.70223608,1.711307655169438,2024-02-22 14:30:00+00:00,2024-02-23 17:45:00+00:00,45.35787584718953,1.711307655169438,0
1000189,EUR_AUD,sell,0.16,1.64815,1.661326012846089,2024-02-19 00:15:00+00:00,2024-02-27 02:15:00+00:00,-210.81620553742295,1.661326012846089,0
1000179,NZD_USD,buy,0.09999999999999999,0.6106,0.6143793972590902,2024-02-15 13:30:00+00:00,2024-02-28 01:00:00+00:00,37.79397259090155,0.6143793972590902,0
1000167,EUR_NZD,sell,0.18,1.76283876,1.7746716171428571,2024-02-13 02:15:00+00:00,2024-02-28 03:15:00+00:00,-212.99142857142962,1.7746716171428571,0
1000186,USD_CAD,buy,0.06999999999999999,1.3453987,1.356472946386579,2024-02-22 07:30:00+00:00,2024-02-28 14:30:00+00:00,77.51972470605261,1.356472946386579,0
1000193,GBP_CAD,buy,0.22,1.70223608,1.7187298530353416,2024-02-22 14:30:00+00:00,2024-02-28 16:45:00+00:00,362.86300677751535,1.6939891934823292,0
1000162,CHF_JPY,buy,0.13,170.942,170.418,2024-02-08 16:15:00+00:00,2024-02-29 07:00:00+00:00,-68.12000000000012,169.40054290764198,0
1000149,XAU_USD,buy,0.03,2017.8986186523437,2036.89,2024-02-12 14:15:00+00:00,2024-02-29 07:00:00+00:00,56.97414404296933,1965.1917700316396,0
1000160,XAU_USD,buy,0.03,2017.8986186523437,2036.89,2024-02-12 14:15:00+00:00,2024-02-29 07:00:00+00:00,56.97414404296933,1965.6494989998037,0
1000163,GBP_NZD,sell,0.14,2.0665128,2.07607,2024-02-13 02:30:00+00:00,2024-02-29 07:00:00+00:00,-133.80080000000217,2.0820455047973976,0
1000150,GBP_USD,buy,0.07,1.26688126,1.26631,2024-02-13 10:15:00+00:00,2024-02-29 07:00:00+00:00,-3.9988199999989598,1.2483054146150536,0
1000177,EUR_GBP,sell,0.23,0.85378,0.85575,2024-02-14 14:45:00+00:00,2024-02-29 07:00:00+00:00,-45.31000000000063,0.8585111070143124,0
1000170,EUR_GBP,sell,0.26,0.85442172,0.85575,2024-02-14 15:15:00+00:00,2024-02-29 07:00:00+00:00,-34.53527999999895,0.8584396537077211,0
1000176,GBP_AUD,buy,0.07,1.93574,1.94324,2024-02-14 15:15:00+00:00,2024-02-29 07:00:00+00:00,52.50000000000043,1.93574,0
1000146,GBP_AUD,buy,0.15,1.9261709999999999,1.94324,2024-02-15 13:30:00+00:00,2024-02-29 07:00:00+00:00,256.0350000000033,1.9124836688626692,0
1000178,AUD_CAD,sell,0.24,0.88204974,0.88449,2024-02-15 13:30:00+00:00,2024-02-29 07:00:00+00:00,-58.566239999999326,0.8897297506851135,0
1000181,AUD_CAD,sell,0.24,0.88204974,0.88449,2024-02-15 13:30:00+00:00,2024-02-29 07:00:00+00:00,-58.566239999999326,0.8897147684933197,0
1000183,AUD_USD,sell,0.18,0.65251,0.65165,2024-02-15 13:30:00+00:00,2024-02-29 07:00:00+00:00,15.480000000001493,0.6600637583757948,0
1000175,NAS100_USD,buy,0.31,17546.704,18043.84960938,2024-02-20 00:00:00+00:00,2024-02-29 07:00:00+00:00,154.1151389077991,17124.0286405367,0
1000147,AUD_USD,sell,0.17,0.6555238600000001,0.65165,2024-02-20 10:15:00+00:00,2024-02-29 07:00:00+00:00,65.855620000002,0.6633320812935997,0
1000168,AUD_USD,sell,0.18,0.6555238600000001,0.65165,2024-02-20 10:15:00+00:00,2024-02-29 07:00:00+00:00,69.72948000000211,0.6627379895235235,0
1000188,USD_CAD,buy,0.18,1.3453987,1.35737,2024-02-22 07:30:00+00:00,2024-02-29 07:00:00+00:00,215.48339999999834,1.335217078659009,0
1000191,USD_CAD,buy,0.18,1.3453987,1.35737,2024-02-22 07:30:00+00:00,2024-02-29 07:00:00+00:00,215.48339999999834,1.3352515730405083,0
1000194,USD_CAD,buy,0.18,1.3453987,1.35737,2024-02-22 07:30:00+00:00,2024-02-29 07:00:00+00:00,215.48339999999834,1.3353312032849283,0
1000165,XAU_USD,buy,0.03,2034.955403564453,2036.89,2024-02-23 16:30:00+00:00,2024-02-29 07:00:00+00:00,5.8037893066411925,1993.557966950883,0
1000199,NZD_CHF,sell,0.13,0.54219686,0.53599,2024-02-28 00:30:00+00:00,2024-02-29 07:00:00+00:00,80.68918000000046,0.5398341599525034,0
1000201,NZD_JPY,buy,0.2,92.096812,91.342,2024-02-28 01:45:00+00:00,2024-02-29 07:00:00+00:00,-150.96240000000023,91.07255222334517,0
1000196,XAG_USD,buy,0.01,22.35147373199463,22.53615,2024-02-28 07:15:00+00:00,2024-02-29 07:00:00+00:00,92.33813400268431,21.83936590631907,0
1000197,XAG_USD,buy,0.01,22.35147373199463,22.53615,2024-02-28 07:15:00+00:00,2024-02-29 07:00:00+00:00,92.33813400268431,21.835054007911513,0
1000200,XAG_USD,buy,0.01,22.35147373199463,22.53615,2024-02-28 07:15:00+00:00,2024-02-29 07:00:00+00:00,92.33813400268431,21.846978643158348,0
1000202,AUD_NZD,sell,0.3,1.06522,1.06831,2024-02-28 07:45:00+00:00,2024-02-29 07:00:00+00:00,-92.70000000000111,1.0725918900089229,0
1000205,AUD_JPY,buy,0.24,97.891,97.586,2024-02-28 09:15:00+00:00,2024-02-29 07:00:00+00:00,-73.20000000000164,97.03293114319493,0
1000198,CAD_JPY,buy,0.29,110.98870600000001,110.329,2024-02-28 09:30:00+00:00,2024-02-29 07:00:00+00:00,-191.3147400000041,110.26082823938067,0
1000203,CAD_JPY,buy,0.28,111.0,110.329,2024-02-28 09:30:00+00:00,2024-02-29 07:00:00+00:00,-187.88000000000184,110.26534050799634,0
1000204,NZD_CAD,buy,0.26,0.82651008,0.8279,2024-02-28 14:30:00+00:00,2024-02-29 07:00:00+00:00,36.13791999999827,0.8194253567355972,0
1000206,AUD_CHF,buy,0.21,0.57114044,0.57264,2024-02-28 16:15:00+00:00,2024-02-29 07:00:00+00:00,31.490760000001394,0.5654806992058905,0
1000210,GBP_JPY,buy,0.15,189.748824,189.633,2024-02-29 02:30:00+00:00,2024-02-29 07:00:00+00:00,-17.373600000000522,188.30830949952042,0
1000195,EUR_JPY,buy,0.16,162.218536,162.276,2024-02-29 03:00:00+00:00,2024-02-29 07:00:00+00:00,9.194240000001628,160.94020804346403,0
1000217,GBP_JPY,buy,0.08,189.962,189.962,2024-03-01 01:45:00+00:00,2024-03-06 07:00:00+00:00,0.0,189.962,0
1000228,CHF_JPY,buy,0.22,170.094,169.10505593057087,2024-03-04 02:30:00+00:00,2024-03-06 07:00:00+00:00,-217.56769527440724,169.10505593057087,0
1000236,EUR_GBP,sell,0.26,0.8557978,0.8557978,2024-03-05 07:30:00+00:00,2024-03-06 14:00:00+00:00,0.0,0.8557978,0
1000227,CAD_JPY,buy,0.22,110.892,109.89548924083614,2024-03-04 07:00:00+00:00,2024-03-07 01:45:00+00:00,-219.23236701604793,109.89548924083614,0
1000221,CAD_JPY,buy,0.2,110.98870600000001,109.88849610551584,2024-03-04 14:30:00+00:00,2024-03-07 01:45:00+00:00,-220.04197889683329,109.88849610551584,0
1000218,AUD_CAD,sell,0.26,0.88204974,0.8894819898930548,2024-03-01 00:30:00+00:00,2024-03-07 04:00:00+00:00,-193.23849721942474,0.8894819898930548,0
1000222,AUD_JPY,buy,0.23,97.977,97.604,2024-03-01 06:15:00+00:00,2024-03-07 06:45:00+00:00,-85.79000000000107,97.03036919999971,0
1000220,NZD_CAD,buy,0.23,0.828,0.83034,2024-03-01 11:00:00+00:00,2024-03-07 06:45:00+00:00,53.820000000000206,0.8195394147363058,0
1000212,GBP_USD,buy,0.07,1.2615428,1.27402,2024-03-01 14:45:00+00:00,2024-03-07 06:45:00+00:00,87.34039999999978,1.2668296068742821,0
1000214,AUD_USD,buy,0.13,0.65247,0.6586,2024-03-01 15:15:00+00:00,2024-03-07 06:45:00+00:00,79.68999999999959,0.6418258989723175,0
1000215,NZD_USD,buy,0.2,0.61069,0.61462,2024-03-01 15:15:00+00:00,2024-03-07 06:45:00+00:00,78.60000000000201,0.6034829403577897,0
1000213,USD_CHF,buy,0.18,0.88332,0.88104,2024-03-01 19:15:00+00:00,2024-03-07 06:45:00+00:00,-41.039999999999075,0.8762624441625778,0
1000238,CAD_CHF,sell,0.29,0.65156746,0.65216,2024-03-05 06:45:00+00:00,2024-03-07 06:45:00+00:00,-17.183659999999268,0.6559539587038111,0
1000237,NZD_CHF,buy,0.18,0.53776,0.5415,2024-03-05 08:15:00+00:00,2024-03-07 06:45:00+00:00,67.31999999999937,0.5308034065037556,0
1000234,EUR_GBP,sell,0.3,0.85442172,0.8557,2024-03-05 14:15:00+00:00,2024-03-07 06:45:00+00:00,-38.34839999999895,0.8582329463477544,0
1000242,AUD_CHF,buy,0.2,0.5764661999999999,0.58027,2024-03-06 05:15:00+00:00,2024-03-07 06:45:00+00:00,76.07600000000048,0.5781369948038535,0
1000216,EUR_JPY,buy,0.17,162.218536,161.562,2024-03-06 07:45:00+00:00,2024-03-07 06:45:00+00:00,-111.61111999999805,160.9277475903107,0
1000229,EUR_JPY,buy,0.17,162.218536,161.562,2024-03-06 07:45:00+00:00,2024-03-07 06:45:00+00:00,-111.61111999999805,160.9261941910028,0
1000243,EUR_JPY,buy,0.17,162.218536,161.562,2024-03-06 07:45:00+00:00,2024-03-07 06:45:00+00:00,-111.61111999999805,160.93678478714017,0
1000245,USD_CAD,buy,0.31,1.35133,1.35104,2024-03-06 15:45:00+00:00,2024-03-07 06:45:00+00:00,-8.989999999996945,1.345107581217696,0
1000244,GBP_AUD,buy,0.14,1.93953,1.93442,2024-03-06 16:15:00+00:00,2024-03-07 06:45:00+00:00,-71.53999999999928,1.9234644475559328,0
1000248,GBP_JPY,buy,0.16,189.604,188.806,2024-03-07 01:00:00+00:00,2024-03-07 06:45:00+00:00,-127.68000000000029,188.28631518676264,0
1000224,EUR_AUD,buy,0.19,1.65736476,1.65528,2024-03-07 02:45:00+00:00,2024-03-07 06:45:00+00:00,-39.61044000000036,1.6458177754300019,0
1000226,EUR_AUD,buy,0.19,1.65736476,1.65528,2024-03-07 02:45:00+00:00,2024-03-07 06:45:00+00:00,-39.61044000000036,1.6458429343278589,0
1000246,EUR_AUD,buy,0.19,1.65736476,1.65528,2024-03-07 02:45:00+00:00,2024-03-07 06:45:00+00:00,-39.61044000000036,1.6457469688847355,0
1000247,EUR_AUD,buy,0.18,1.65736476,1.65528,2024-03-07 02:45:00+00:00,2024-03-07 06:45:00+00:00,-37.525680000000335,1.6454764711072545,0
1000249,EUR_GBP,sell,0.18999999999999997,0.85436148,0.8529036691924384,2024-03-08 07:15:00+00:00,2024-03-11 15:30:00+00:00,27.69840534366996,0.8529036691924384,0
1000253,GBP_CAD,buy,0.1,1.72185922,1.726501241428339,2024-03-08 07:15:00+00:00,2024-03-11 16:00:00+00:00,46.42021428338916,1.726501241428339,0
1000255,SPX500_USD,buy,1.08,5123.69004141,5123.69004141,2024-03-08 00:00:00+00:00,2024-03-14 00:00:00+00:00,0.0,5123.69004141,0
1000261,NZD_CHF,buy,0.24,0.53966194,0.54219686,2024-03-12 12:30:00+00:00,2024-03-15 08:45:00+00:00,60.838079999999906,0.54219686,0
1000262,NZD_CHF,sell,0.22,0.54219686,0.5399659089852732,2024-03-14 01:30:00+00:00,2024-03-18 17:30:00+00:00,49.08092232398986,0.5399659089852732,0
1000254,CAD_CHF,sell,0.24,0.65096,0.6558690004636564,2024-03-08 13:30:00+00:00,2024-03-18 17:45:00+00:00,-117.8160111277533,0.6558690004636564,0
1000281,NZD_USD,buy,0.22,0.61090864,0.6045917432832523,2024-03-15 00:45:00+00:00,2024-03-19 07:00:00+00:00,-138.97172776845014,0.6045917432832523,0
1000251,EUR_AUD,buy,0.03999999999999999,1.65736476,1.6649726010817207,2024-03-15 02:00:00+00:00,2024-03-19 08:00:00+00:00,30.43136432688252,1.6649726010817207,0
1000297,GBP_CHF,buy,0.14,1.12522072,1.1274617559125502,2024-03-18 06:00:00+00:00,2024-03-19 08:30:00+00:00,31.374502775702865,1.1274617559125502,0
1000276,USD_CHF,buy,0.06999999999999999,0.87956996,0.8871609885880684,2024-03-14 04:15:00+00:00,2024-03-19 08:45:00+00:00,53.137200116478596,0.8871609885880684,0
1000289,GBP_JPY,buy,0.06000000000000001,188.819536,191.2495535296309,2024-03-15 06:45:00+00:00,2024-03-19 13:45:00+00:00,145.80105177785416,190.156045641297,0
1000286,EUR_JPY,buy,0.06000000000000001,161.169936,163.64413861816814,2024-03-15 06:45:00+00:00,2024-03-19 14:30:00+00:00,148.45215709008815,162.53074743999247,0
1000300,CHF_JPY,buy,0.05000000000000001,168.378586,170.01386899966235,2024-03-19 03:30:00+00:00,2024-03-20 02:00:00+00:00,81.76414998311687,170.01386899966235,0
1000265,AUD_JPY,buy,0.06000000000000001,97.84812600000001,99.14477537700162,2024-03-13 11:15:00+00:00,2024-03-20 18:30:00+00:00,77.79896262009687,99.14477537700162,0
1000304,CAD_CHF,buy,0.11000000000000001,0.65247358,0.656607857000788,2024-03-19 13:30:00+00:00,2024-03-20 19:00:00+00:00,45.47704700866861,0.656607857000788,0
1000302,NZD_JPY,buy,0.09000000000000001,90.914784,91.78684702806201,2024-03-19 03:30:00+00:00,2024-03-20 21:45:00+00:00,78.48567252558142,91.78684702806201,0
1000292,SPX500_USD,buy,0.95,5124.5155,5226.229785714287,2024-03-18 00:00:00+00:00,2024-03-21 00:00:00+00:00,96.62857142857192,5180.4583571428575,0
1000267,USD_JPY,buy,0.03,148.079126,150.48993739363647,2024-03-12 12:30:00+00:00,2024-03-21 01:00:00+00:00,72.32434180909392,150.48993739363647,0
1000299,NZD_CHF,sell,0.34,0.5405409999999999,0.5418599382269238,2024-03-21 08:30:00+00:00,2024-03-21 08:45:00+00:00,-44.843899715411254,0.5418599382269238,0
1000282,GBP_USD,buy,0.07,1.2698235800000002,1.2698235800000002,2024-03-19 07:45:00+00:00,2024-03-21 14:00:00+00:00,0.0,1.2698235800000002,0
1000294,EUR_USD,buy,0.09000000000000001,1.08726,1.08726,2024-03-18 16:15:00+00:00,2024-03-21 14:30:00+00:00,0.0,1.08726,0
1000256,GBP_AUD,buy,0.12,1.9406,1.92952,2024-03-08 15:45:00+00:00,2024-03-21 15:00:00+00:00,-132.9600000000024,1.923110516885521,0
1000264,EUR_GBP,sell,0.27,0.85409,0.85739,2024-03-12 07:00:00+00:00,2024-03-21 15:00:00+00:00,-89.09999999999917,0.8580245672765039,0
1000258,USD_CAD,buy,0.15,1.3518842800000002,1.35266,2024-03-12 13:30:00+00:00,2024-03-21 15:00:00+00:00,11.635799999997198,1.3394953617887109,0
1000271,GBP_CAD,buy,0.14,1.72381,1.71434,2024-03-13 09:45:00+00:00,2024-03-21 15:00:00+00:00,-132.58000000000126,1.7104156081067232,0
1000272,AUD_JPY,buy,0.17,97.839,99.566,2024-03-13 11:15:00+00:00,2024-03-21 15:00:00+00:00,293.59000000000066,96.65193147545307,0
1000268,GBP_CAD,buy,0.16,1.72185922,1.71434,2024-03-14 14:45:00+00:00,2024-03-21 15:00:00+00:00,-120.30752000000076,1.7102964241149328,0
1000259,NAS100_USD,buy,0.31,17842.923,18320.38085938,2024-03-15 00:00:00+00:00,2024-03-21 15:00:00+00:00,148.0119364077999,17393.47744439634,0
1000260,EUR_AUD,buy,0.12,1.65736476,1.65432,2024-03-15 02:00:00+00:00,2024-03-21 15:00:00+00:00,-36.53712000000109,1.6402189127229632,0
1000263,EUR_AUD,buy,0.12,1.65736476,1.65432,2024-03-15 02:00:00+00:00,2024-03-21 15:00:00+00:00,-36.53712000000109,1.6402481332427514,0
1000270,EUR_AUD,buy,0.12,1.65736476,1.65432,2024-03-15 02:00:00+00:00,2024-03-21 15:00:00+00:00,-36.53712000000109,1.6405215522968408,0
1000278,EUR_AUD,buy,0.16,1.65736476,1.65432,2024-03-15 02:00:00+00:00,2024-03-21 15:00:00+00:00,-48.71616000000146,1.6445488699899236,0
1000257,AUD_CAD,buy,0.21,0.88766102,0.88848,2024-03-15 08:00:00+00:00,2024-03-21 15:00:00+00:00,17.19858000000052,0.8787302359234812,0
1000252,GBP_JPY,buy,0.1,189.748824,192.11,2024-03-15 10:45:00+00:00,2024-03-21 15:00:00+00:00,236.11760000000004,187.78131985302366,0
1000275,GBP_JPY,buy,0.09,189.748824,192.11,2024-03-15 10:45:00+00:00,2024-03-21 15:00:00+00:00,212.50584000000003,187.49583473654994,0
1000279,GBP_JPY,buy,0.09,189.748824,192.11,2024-03-15 10:45:00+00:00,2024-03-21 15:00:00+00:00,212.50584000000003,187.50274654108208,0
1000250,EUR_JPY,buy,0.1,162.218536,164.715,2024-03-15 14:30:00+00:00,2024-03-21 15:00:00+00:00,249.6464000000003,160.1325209348028,0
1000274,EUR_JPY,buy,0.08,162.218536,164.715,2024-03-15 14:30:00+00:00,2024-03-21 15:00:00+00:00,199.71712000000025,159.79131052979656,0
1000277,EUR_JPY,buy,0.08,162.218536,164.715,2024-03-15 14:30:00+00:00,2024-03-21 15:00:00+00:00,199.71712000000025,159.79848834909683,0
1000280,AUD_CAD,sell,0.17,0.8864831999999999,0.88848,2024-03-19 01:30:00+00:00,2024-03-21 15:00:00+00:00,-33.945600000002244,0.8972373558474805,0
1000283,AUD_USD,sell,0.11,0.65389836,0.65688,2024-03-19 03:30:00+00:00,2024-03-21 15:00:00+00:00,-32.798040000000086,0.6659058514974812,0
1000284,EUR_USD,buy,0.17,1.0858172000000001,1.08672,2024-03-19 07:45:00+00:00,2024-03-21 15:00:00+00:00,15.347599999995909,1.0775221167359397,0
1000285,EUR_USD,buy,0.17,1.0858172000000001,1.08672,2024-03-19 07:45:00+00:00,2024-03-21 15:00:00+00:00,15.347599999995909,1.077620536969087,0
1000293,GBP_USD,buy,0.1,1.2698235800000002,1.26744,2024-03-19 07:45:00+00:00,2024-03-21 15:00:00+00:00,-23.835800000002738,1.2565798334918081,0
1000295,GBP_USD,buy,0.11,1.2698235800000002,1.26744,2024-03-19 07:45:00+00:00,2024-03-21 15:00:00+00:00,-26.21938000000301,1.2567219882423932,0
1000298,GBP_USD,buy,0.11,1.2698235800000002,1.26744,2024-03-19 07:45:00+00:00,2024-03-21 15:00:00+00:00,-26.21938000000301,1.2567239890822222,0
1000305,AUD_CHF,buy,0.07,0.58161946,0.59014,2024-03-20 15:00:00+00:00,2024-03-21 15:00:00+00:00,59.643780000000156,0.587839154235207,0
1000287,EUR_AUD,buy,0.22,1.65428924,1.65432,2024-03-21 00:30:00+00:00,2024-03-21 15:00:00+00:00,0.6767200000004081,1.644577093562072,0
1000306,USD_CHF,buy,0.03999999999999999,0.8848492,0.8984,2024-03-21 01:00:00+00:00,2024-03-21 15:00:00+00:00,54.20319999999987,0.8966792265871033,0
1000307,EUR_CAD,sell,0.25,1.47236202,1.46987,2024-03-21 03:30:00+00:00,2024-03-21 15:00:00+00:00,62.30050000000098,1.4802553449725284,0
1000308,NZD_CHF,buy,0.15999999999999998,0.53966194,0.54353,2024-03-21 03:30:00+00:00,2024-03-21 15:00:00+00:00,61.88895999999921,0.53966194,0
1000311,CHF_JPY,buy,0.11,168.93,168.714,2024-03-21 08:45:00+00:00,2024-03-21 15:00:00+00:00,-23.7600000000009,166.84970969599755,0
1000316,NZD_JPY,buy,0.3,91.1585,90.35665795626313,2024-03-22 02:45:00+00:00,2024-03-28 08:00:00+00:00,-240.5526131210607,90.35665795626313,0
1000317,AUD_CHF,buy,0.1,0.58458,0.5881291968678107,2024-03-22 20:00:00+00:00,2024-03-28 09:00:00+00:00,35.49196867810744,0.5881291968678107,0
1000325,EUR_CAD,sell,0.14,1.47132,1.465095121995668,2024-03-26 12:45:00+00:00,2024-03-28 14:15:00+00:00,87.1482920606468,1.465095121995668,0
1000319,EUR_CAD,buy,0.23,1.4654439000000001,1.4600020399921236,2024-03-28 12:30:00+00:00,2024-03-29 01:00:00+00:00,-125.16278018115945,1.4562971888711722,0
1000336,AUD_CAD,sell,0.27,0.88637588,0.8842842910432656,2024-03-28 00:15:00+00:00,2024-03-29 12:30:00+00:00,56.472901831830065,0.8842842910432656,0
1000314,EUR_AUD,buy,0.21,1.6557332,1.65554,2024-03-22 01:45:00+00:00,2024-03-29 20:45:00+00:00,-4.057200000000094,1.644143270385744,0
1000315,NZD_CHF,sell,0.19,0.5405409999999999,0.53948,2024-03-22 04:00:00+00:00,2024-03-29 20:45:00+00:00,20.158999999999594,0.5477602658839302,0
1000335,GBP_AUD,buy,0.2,1.93738,1.93622,2024-03-28 07:15:00+00:00,2024-03-29 20:45:00+00:00,-23.200000000000998,1.9252853159809813,0
1000324,GBP_AUD,buy,0.13,1.93966488,1.93622,2024-03-28 08:00:00+00:00,2024-03-29 20:45:00+00:00,-44.783439999999786,1.9211301679798876,0
1000329,GBP_AUD,buy,0.13,1.93966488,1.93622,2024-03-28 08:00:00+00:00,2024-03-29 20:45:00+00:00,-44.783439999999786,1.9212717274098956,0
1000331,GBP_AUD,buy,0.15,1.93966488,1.93622,2024-03-28 08:00:00+00:00,2024-03-29 20:45:00+00:00,-51.67319999999975,1.9239480325949028,0
1000338,EUR_GBP,sell,0.23,0.85458,0.85519,2024-03-28 16:15:00+00:00,2024-03-29 20:45:00+00:00,-14.029999999999987,0.8599361639113768,0
