ticket,symbol,type,volume,open_price,close_price,open_time,close_time,pnl,swap,sl,tp,partial
1000001_partial_1420214400,GBP_USD,sell,0.03,1.5552698399999998,1.5387223323001733,2015-01-02 01:15:00+00:00,2015-01-02 16:00:00+00:00,49.642523099479476,0.0,1.5737615152220295,0,True
1000011,GBP_JPY,buy,0.21,186.739,184.575,2015-01-02 00:00:00+00:00,2015-01-02 19:30:00+00:00,-454.44000000000324,0.0,184.2558592092439,0,
1000004_partial_1420227000,AUD_USD,sell,0.17,0.81692268,0.81107,2015-01-02 00:45:00+00:00,2015-01-02 19:30:00+00:00,99.49556000000092,0.0,0.8254962415990086,0,True
1000005_partial_1420227000,NZD_USD,sell,0.2,0.77812804,0.7703,2015-01-02 01:15:00+00:00,2015-01-02 19:30:00+00:00,156.5608000000007,0.0,0.7881121658705623,0,True
1000003_partial_1420227000,USD_CAD,buy,0.2,1.16450344,1.17538,2015-01-02 04:15:00+00:00,2015-01-02 19:30:00+00:00,217.53120000000072,0.0,1.1523778922166406,0,True
1000012_partial_1420227000,GBP_CAD,buy,0.1,1.7996062800000001,1.80238,2015-01-02 11:15:00+00:00,2015-01-02 19:30:00+00:00,27.7371999999998,0.0,1.7753837133970607,0,True
1000017_partial_1420227000,NZD_CAD,buy,0.23,0.9004867200000001,0.90538,2015-01-02 12:00:00+00:00,2015-01-02 19:30:00+00:00,112.54543999999744,0.0,0.8913130140651302,0,True
1000003_partial_1420227000,USD_CAD,buy,0.07,1.16450344,1.1753214330050235,2015-01-02 04:15:00+00:00,2015-01-02 19:30:00+00:00,75.72595103516377,0.0,1.1523778922166406,0,True
1000004_partial_1420234200,AUD_USD,sell,0.06,0.81692268,0.8093014745608923,2015-01-02 00:45:00+00:00,2015-01-02 21:30:00+00:00,45.727232634646285,0.0,0.8254962415990086,0,True
1000005_partial_1420408800,NZD_USD,sell,0.07,0.77812804,0.7692373267164939,2015-01-02 01:15:00+00:00,2015-01-04 22:00:00+00:00,62.23499298454272,0.0,0.7881121658705623,0,True
1000001_partial_1420460100,GBP_USD,sell,0.09,1.5552698399999998,1.5239689921225497,2015-01-02 01:15:00+00:00,2015-01-05 12:15:00+00:00,281.70763089705116,0.0,1.551631504955594,0,True
1000017_partial_1420474500,NZD_CAD,buy,0.08,0.9004867200000001,0.908743055341383,2015-01-02 12:00:00+00:00,2015-01-05 16:15:00+00:00,66.0506827310634,0.0,0.8913130140651302,0,True
1000004,AUD_USD,sell,0.33,0.81692268,0.8153179676801983,2015-01-02 00:45:00+00:00,2015-01-06 06:30:00+00:00,52.95550655345771,0.0,0.8152679676801983,0,
1000005,NZD_USD,sell,0.41000000000000003,0.77812804,0.7762412148258876,2015-01-02 01:15:00+00:00,2015-01-06 14:45:00+00:00,77.35983213860955,0.0,0.7761912148258876,0,
1000028_partial_1420557300,AUD_NZD,sell,0.05,1.05398,1.04512795937966,2015-01-05 00:00:00+00:00,2015-01-06 15:15:00+00:00,44.260203101699204,0.0,1.0638156006892663,0,True
1000017_partial_1420559100,NZD_CAD,buy,0.27,0.9004867200000001,0.9160820200892789,2015-01-02 12:00:00+00:00,2015-01-06 15:45:00+00:00,421.0731024105272,0.0,0.9023214611869741,0,True
1000003_partial_1420620300,USD_CAD,buy,0.23,1.16450344,1.1849818712317108,2015-01-02 04:15:00+00:00,2015-01-07 08:45:00+00:00,471.003918329348,0.0,1.1668685495566717,0,True
1000001_partial_1420638300,GBP_USD,sell,0.04,1.5552698399999998,1.511059819467129,2015-01-02 01:15:00+00:00,2015-01-07 13:45:00+00:00,176.84008213148329,0.0,1.5424106673445792,0,True
1000028_partial_1420656300,AUD_NZD,sell,0.17,1.05398,1.037259478828247,2015-01-05 00:00:00+00:00,2015-01-07 18:45:00+00:00,284.2488599197999,0.0,1.0520128798621466,0,True
1000017_partial_1420695900,NZD_CAD,buy,0.12,0.9004867200000001,0.9225036142436878,2015-01-02 12:00:00+00:00,2015-01-08 05:45:00+00:00,264.20273092425225,0.0,0.906908314154409,0,True
1000036,AUD_CAD,sell,0.66,0.95600992,0.9682521852767402,2015-01-06 02:30:00+00:00,2015-01-09 13:45:00+00:00,-807.9895082648543,0.0,0.9682021852767402,0,
1000028,AUD_NZD,sell,0.27,1.05398,1.0471450795175137,2015-01-05 00:00:00+00:00,2015-01-09 14:30:00+00:00,184.54285302712847,0.0,1.0470950795175136,0,
1000001,GBP_USD,sell,0.11000000000000001,1.5552698399999998,1.51172,2015-01-02 01:15:00+00:00,2015-01-09 14:45:00+00:00,479.0482399999983,0.0,1.5258131596447526,0,
1000003,USD_CAD,buy,0.16,1.16450344,1.18696,2015-01-02 04:15:00+00:00,2015-01-09 14:45:00+00:00,359.30495999999926,0.0,1.1729063234483514,0,
1000012,GBP_CAD,buy,0.24000000000000002,1.7996062800000001,1.79436,2015-01-02 11:15:00+00:00,2015-01-09 14:45:00+00:00,-125.9107200000038,0.0,1.7753837133970607,0,
1000017,NZD_CAD,buy,0.07,0.9004867200000001,0.92484,2015-01-02 12:00:00+00:00,2015-01-09 14:45:00+00:00,170.47295999999946,0.0,0.9151646494957919,0,
1000037,AUD_NZD,sell,0.98,1.05439408,1.04875,2015-01-05 01:00:00+00:00,2015-01-09 14:45:00+00:00,553.1198399999942,0.0,1.0637983392038253,0,
1000038,CAD_JPY,buy,0.25,101.492096,100.386,2015-01-05 14:45:00+00:00,2015-01-09 14:45:00+00:00,-276.524000000002,0.0,99.57625191577425,0,
1000056,AUD_NZD,sell,0.14,1.04809,1.0558010713109116,2015-01-12 01:45:00+00:00,2015-01-13 16:30:00+00:00,-107.95499835276301,0.0,1.0557510713109115,0,
1000054_partial_1421174700,AUD_JPY,sell,0.06,97.212,95.96930067318915,2015-01-12 00:00:00+00:00,2015-01-13 18:45:00+00:00,74.56195960865102,0.0,98.59277702978984,0,True
1000054_partial_1421212500,AUD_JPY,sell,0.22,97.212,94.86467904935728,2015-01-12 00:00:00+00:00,2015-01-14 05:15:00+00:00,516.4106091413995,0.0,96.93584459404204,0,True
1000052_partial_1421217900,GBP_CAD,buy,0.04,1.79660508,1.8195975251683314,2015-01-12 03:45:00+00:00,2015-01-14 06:45:00+00:00,91.96978067332573,0.0,1.7710579187018538,0,True
1000054,AUD_JPY,sell,0.3500000000000001,97.212,96.25045607914711,2015-01-12 00:00:00+00:00,2015-01-15 00:30:00+00:00,336.5403722985115,0.0,96.24545607914712,0,
1000048_partial_1421320500,EUR_CAD,sell,0.05,1.41185684,1.3976734788349767,2015-01-12 16:45:00+00:00,2015-01-15 11:15:00+00:00,70.91680582511638,0.0,1.4276161301833592,0,True
1000043,AUD_USD,sell,0.72,0.81557,0.8266137781676075,2015-01-12 10:00:00+00:00,2015-01-15 12:30:00+00:00,-795.1520280677391,0.0,0.8265637781676075,0,
1000052,GBP_CAD,buy,0.31000000000000005,1.79660508,1.801664512259629,2015-01-12 03:45:00+00:00,2015-01-15 12:30:00+00:00,156.84240004850292,0.0,1.8017145122596292,0,
1000048_partial_1421327700,EUR_CAD,sell,0.18,1.41185684,1.3850660466882894,2015-01-12 16:45:00+00:00,2015-01-15 13:15:00+00:00,482.23427961079153,0.0,1.4087049819633282,0,True
1000044,NZD_USD,sell,0.62,0.77817,0.78236,2015-01-12 09:30:00+00:00,2015-01-15 21:30:00+00:00,-259.7800000000017,0.0,0.7899416444893183,0,
1000048,EUR_CAD,sell,0.29000000000000004,1.41185684,1.39027,2015-01-12 16:45:00+00:00,2015-01-15 21:30:00+00:00,626.0183600000032,0.0,1.4008253368716486,0,
1000069_partial_1421436600,GBP_AUD,buy,0.02,1.8413,1.8414,2015-01-16 03:00:00+00:00,2015-01-16 19:30:00+00:00,0.19999999999997797,0.0,1.776433304478361,0,True
1000061_partial_1421436600,USD_JPY,buy,0.07,117.62899999999999,117.521,2015-01-16 15:15:00+00:00,2015-01-16 19:30:00+00:00,-7.559999999999293,0.0,115.5322133448522,0,True
1000101,GBP_NZD,sell,0.15,1.98273364,2.01166,2015-01-20 21:45:00+00:00,2015-01-23 19:30:00+00:00,-433.8954000000006,0.0,2.02476970259926,0,
1000069_partial_1422041400,GBP_AUD,buy,0.01,1.8413,1.89383,2015-01-16 03:00:00+00:00,2015-01-23 19:30:00+00:00,52.529999999999966,0.0,1.776433304478361,0,True
1000061_partial_1422041400,USD_JPY,buy,0.05,117.62899999999999,117.802,2015-01-16 15:15:00+00:00,2015-01-23 19:30:00+00:00,8.650000000000801,0.0,115.5322133448522,0,True
1000098_partial_1422041400,EUR_NZD,sell,0.04,1.53843308,1.50622,2015-01-22 02:30:00+00:00,2015-01-23 19:30:00+00:00,128.85232,0.0,1.5765201678235912,0,True
1000069_partial_1422223200,GBP_AUD,buy,0.01,1.8413,1.899680025969475,2015-01-16 03:00:00+00:00,2015-01-25 22:00:00+00:00,58.38002596947512,0.0,1.776433304478361,0,True
1000061_partial_1422646200,USD_JPY,buy,0.04,117.62899999999999,117.528,2015-01-16 15:15:00+00:00,2015-01-30 19:30:00+00:00,-4.039999999999395,0.0,115.5322133448522,0,True
1000098_partial_1422646200,EUR_NZD,sell,0.03,1.53843308,1.5543,2015-01-22 02:30:00+00:00,2015-01-30 19:30:00+00:00,-47.60076000000035,0.0,1.5765201678235912,0,True
1000114_partial_1422646200,NZD_CAD,buy,0.11,0.91551176,0.92117,2015-01-29 06:15:00+00:00,2015-01-30 19:30:00+00:00,62.2406400000004,0.0,0.8988065134630165,0,True
1000069_partial_1422934200,GBP_AUD,buy,0.02,1.8413,1.9515733823867862,2015-01-16 03:00:00+00:00,2015-02-03 03:30:00+00:00,220.54676477357262,0.0,1.8542733391043278,0,True
1000098,EUR_NZD,sell,0.07,1.53843308,1.5765701678235913,2015-01-22 02:30:00+00:00,2015-02-03 07:15:00+00:00,-266.95961476513963,0.0,1.5765201678235912,0,
1000061_partial_1423251000,USD_JPY,buy,0.03,117.62899999999999,119.202,2015-01-16 15:15:00+00:00,2015-02-06 19:30:00+00:00,47.190000000000225,0.0,115.5322133448522,0,True
1000114_partial_1423251000,NZD_CAD,buy,0.07,0.91551176,0.92148,2015-01-29 06:15:00+00:00,2015-02-06 19:30:00+00:00,41.777679999999705,0.0,0.8988065134630165,0,True
1000117_partial_1423251000,AUD_CAD,buy,0.11,0.9633418,0.97659,2015-02-03 07:30:00+00:00,2015-02-06 19:30:00+00:00,145.73019999999926,0.0,0.9460873891885283,0,True
1000061_partial_1423574100,USD_JPY,buy,0.03,117.62899999999999,119.50660798963301,2015-01-16 15:15:00+00:00,2015-02-10 13:15:00+00:00,56.32823968899061,0.0,115.5322133448522,0,True
1000069,GBP_AUD,buy,0.009999999999999998,1.8413,1.9969800692519337,2015-01-16 03:00:00+00:00,2015-02-12 11:00:00+00:00,155.68006925193376,0.0,1.8867066868651472,0,
1000114_partial_1423855800,NZD_CAD,buy,0.05,0.91551176,0.93018,2015-01-29 06:15:00+00:00,2015-02-13 19:30:00+00:00,73.34119999999999,0.0,0.8988065134630165,0,True
1000117_partial_1423855800,AUD_CAD,buy,0.08,0.9633418,0.96884,2015-02-03 07:30:00+00:00,2015-02-13 19:30:00+00:00,43.98560000000007,0.0,0.9460873891885283,0,True
1000121_partial_1423855800,AUD_NZD,sell,0.08,1.0467011999999998,1.04158,2015-02-11 02:00:00+00:00,2015-02-13 19:30:00+00:00,40.96959999999861,0.0,1.0674678716724477,0,True
1000119_partial_1423855800,GBP_JPY,sell,0.03,183.347304,182.838,2015-02-11 10:30:00+00:00,2015-02-13 19:30:00+00:00,15.279120000000432,0.0,188.30777870086064,0,True
1000121_partial_1424460600,AUD_NZD,sell,0.06,1.0467011999999998,1.0401,2015-02-11 02:00:00+00:00,2015-02-20 19:30:00+00:00,39.60719999999851,0.0,1.0674678716724477,0,True
1000119_partial_1424460600,GBP_JPY,sell,0.02,183.347304,183.26,2015-02-11 10:30:00+00:00,2015-02-20 19:30:00+00:00,1.7460800000003474,0.0,188.30777870086064,0,True
1000117_partial_1425065400,AUD_CAD,buy,0.06,0.9633418,0.9776,2015-02-03 07:30:00+00:00,2015-02-27 19:30:00+00:00,85.5492,0.0,0.9460873891885283,0,True
1000121_partial_1425065400,AUD_NZD,sell,0.04,1.0467011999999998,1.03326,2015-02-11 02:00:00+00:00,2015-02-27 19:30:00+00:00,53.764799999998836,0.0,1.0674678716724477,0,True
1000119_partial_1425065400,GBP_JPY,sell,0.01,183.347304,184.87,2015-02-11 10:30:00+00:00,2015-02-27 19:30:00+00:00,-15.226959999999963,0.0,188.30777870086064,0,True
1000114_partial_1425670200,NZD_CAD,buy,0.04,0.91551176,0.92968,2015-01-29 06:15:00+00:00,2015-03-06 19:30:00+00:00,56.672959999999776,0.0,0.8988065134630165,0,True
1000117_partial_1425670200,AUD_CAD,buy,0.04,0.9633418,0.97329,2015-02-03 07:30:00+00:00,2015-03-06 19:30:00+00:00,39.79279999999985,0.0,0.9460873891885283,0,True
1000121_partial_1425670200,AUD_NZD,sell,0.03,1.0467011999999998,1.0469,2015-02-11 02:00:00+00:00,2015-03-06 19:30:00+00:00,-0.5964000000004965,0.0,1.0674678716724477,0,True
1000119_partial_1425670200,GBP_JPY,sell,0.01,183.347304,181.665,2015-02-11 10:30:00+00:00,2015-03-06 19:30:00+00:00,16.823040000000162,0.0,188.30777870086064,0,True
1000061,USD_JPY,buy,0.03,117.62899999999999,121.18003731375126,2015-01-16 15:15:00+00:00,2015-03-09 15:30:00+00:00,106.53111941253798,0.0,118.04235733102955,0,
1000132_partial_1426004100,GBP_AUD,buy,0.01,1.95034,1.9804332016425632,2015-03-09 00:00:00+00:00,2015-03-10 16:15:00+00:00,30.093201642563237,0.0,1.9169031092860407,0,True
1000150_partial_1426104900,EUR_NZD,sell,0.01,1.47355796,1.4509966968054577,2015-03-11 02:30:00+00:00,2015-03-11 20:15:00+00:00,22.561263194542214,0.0,1.498626030216158,0,True
1000132,GBP_AUD,buy,0.049999999999999996,1.95034,1.9569773781427917,2015-03-09 00:00:00+00:00,2015-03-12 06:45:00+00:00,33.186890713958746,0.0,1.9570273781427918,0,
1000150_partial_1426168800,EUR_NZD,sell,0.03,1.47355796,1.4309422406325312,2015-03-11 02:30:00+00:00,2015-03-12 14:00:00+00:00,127.84715810240631,0.0,1.4685443459567684,0,True
1000151_partial_1426253400,GBP_NZD,sell,0.01,2.0470900000000003,2.0103754774013365,2015-03-11 20:15:00+00:00,2015-03-13 13:30:00+00:00,36.714522598663805,0.0,2.087989469554071,0,True
1000142,CAD_JPY,buy,0.19,95.483,94.62450000000001,2015-03-10 19:30:00+00:00,2015-03-13 15:00:00+00:00,-163.11499999999853,0.0,94.62950000000001,0,
1000117_partial_1426275000,AUD_CAD,buy,0.03,0.9633418,0.97504,2015-02-03 07:30:00+00:00,2015-03-13 19:30:00+00:00,35.09459999999998,0.0,0.9460873891885283,0,True
1000121_partial_1426275000,AUD_NZD,sell,0.02,1.0467011999999998,1.04105,2015-02-11 02:00:00+00:00,2015-03-13 19:30:00+00:00,11.30239999999949,0.0,1.0674678716724477,0,True
1000119_partial_1426275000,GBP_JPY,sell,0.01,183.347304,178.978,2015-02-11 10:30:00+00:00,2015-03-13 19:30:00+00:00,43.69304,0.0,188.30777870086064,0,True
1000150,EUR_NZD,sell,0.05,1.47355796,1.4560603108486894,2015-03-11 02:30:00+00:00,2015-03-18 07:30:00+00:00,87.48824575655289,0.0,1.4560103108486893,0,
1000176_partial_1426775400,USD_CAD,buy,0.03,1.25935628,1.273964047941501,2015-03-19 03:45:00+00:00,2015-03-19 14:30:00+00:00,43.82330382450328,0.0,1.2430198711761096,0,True
1000176,USD_CAD,buy,0.22,1.25935628,1.2625135617647778,2015-03-19 03:45:00+00:00,2015-03-20 13:45:00+00:00,69.46019882511179,0.0,1.262563561764778,0,
1000151_partial_1426862700,GBP_NZD,sell,0.02,2.0470900000000003,1.9776959017580797,2015-03-11 20:15:00+00:00,2015-03-20 14:45:00+00:00,138.7881964838411,0.0,2.038970106089186,0,True
1000117_partial_1426879800,AUD_CAD,buy,0.02,0.9633418,0.97822,2015-02-03 07:30:00+00:00,2015-03-20 19:30:00+00:00,29.756399999999903,0.0,0.9460873891885283,0,True
1000121_partial_1426879800,AUD_NZD,sell,0.01,1.0467011999999998,1.02961,2015-02-11 02:00:00+00:00,2015-03-20 19:30:00+00:00,17.091199999999862,0.0,1.0674678716724477,0,True
1000164_partial_1426879800,EUR_GBP,sell,0.02,0.7185,0.72334,2015-03-17 10:15:00+00:00,2015-03-20 19:30:00+00:00,-9.679999999999911,0.0,0.7313581776147021,0,True
1000174_partial_1426879800,CAD_JPY,buy,0.01,95.594,95.492,2015-03-18 19:00:00+00:00,2015-03-20 19:30:00+00:00,-1.0199999999998965,0.0,94.14499877917552,0,True
1000164,EUR_GBP,sell,0.05,0.7185,0.7314081776147021,2015-03-17 10:15:00+00:00,2015-03-23 12:00:00+00:00,-64.54088807351043,0.0,0.7313581776147021,0,
1000151_partial_1427178600,GBP_NZD,sell,0.01,2.0470900000000003,1.9491012730702302,2015-03-11 20:15:00+00:00,2015-03-24 06:30:00+00:00,97.98872692977012,0.0,2.0185453713121504,0,True
1000186,USD_JPY,buy,0.36,119.726,118.35570024221792,2015-03-23 11:30:00+00:00,2015-03-26 08:15:00+00:00,-493.3079128015481,0.0,118.36070024221792,0,
1000193,USD_JPY,buy,0.26,119.560088,118.34152333777314,2015-03-24 06:00:00+00:00,2015-03-26 08:15:00+00:00,-316.826812178982,0.0,118.34652333777314,0,
1000174,CAD_JPY,buy,0.019999999999999997,95.594,94.582,2015-03-18 19:00:00+00:00,2015-03-27 19:30:00+00:00,-20.240000000000006,0.0,94.14499877917552,0,
1000117_partial_1427484600,AUD_CAD,buy,0.01,0.9633418,0.97814,2015-02-03 07:30:00+00:00,2015-03-27 19:30:00+00:00,14.798199999999984,0.0,0.9460873891885283,0,True
1000187_partial_1427484600,USD_CAD,buy,0.07,1.25935628,1.2596,2015-03-23 00:30:00+00:00,2015-03-27 19:30:00+00:00,1.7060400000004086,0.0,1.2389703397092346,0,True
1000187_partial_1427802300,USD_CAD,buy,0.03,1.25935628,1.2776086262616886,2015-03-23 00:30:00+00:00,2015-03-31 11:45:00+00:00,54.75703878506577,0.0,1.2389703397092346,0,True
1000151,GBP_NZD,sell,0.01,2.0470900000000003,1.9818308487134868,2015-03-11 20:15:00+00:00,2015-03-31 13:30:00+00:00,65.2591512865135,0.0,1.9817808487134867,0,
1000187,USD_CAD,buy,0.15,1.25935628,1.2633234680581529,2015-03-23 00:30:00+00:00,2015-04-01 14:15:00+00:00,59.50782087229322,0.0,1.263373468058153,0,
1000117,AUD_CAD,buy,0.029999999999999992,0.9633418,0.95283,2015-02-03 07:30:00+00:00,2015-04-03 19:30:00+00:00,-31.535400000000205,0.0,0.9460873891885283,0,
1000201,EUR_AUD,sell,0.05,1.41558,1.43768,2015-03-30 12:00:00+00:00,2015-04-03 19:30:00+00:00,-110.50000000000006,0.0,1.4481515575276447,0,
1000208,EUR_AUD,sell,0.11,1.4163124,1.43768,2015-03-30 12:00:00+00:00,2015-04-03 19:30:00+00:00,-235.04360000000048,0.0,1.4480010349851158,0,
1000212,USD_CAD,buy,0.05,1.25589,1.24826,2015-04-02 14:15:00+00:00,2015-04-03 19:30:00+00:00,-38.15000000000013,0.0,1.2410164235764811,0,
1000210_partial_1428089400,GBP_AUD,buy,0.02,1.9577060000000002,1.95386,2015-04-02 02:45:00+00:00,2015-04-03 19:30:00+00:00,-7.692000000000476,0.0,1.9059212132802639,0,True
1000213_partial_1428089400,EUR_GBP,sell,0.01,0.73373,0.73565,2015-04-02 13:15:00+00:00,2015-04-03 19:30:00+00:00,-1.9200000000000328,0.0,0.741715,0,True
1000215_partial_1428089400,CAD_JPY,sell,0.03,95.328,95.313,2015-04-02 14:15:00+00:00,2015-04-03 19:30:00+00:00,0.45000000000001705,0.0,96.15257142857143,0,True
1000215,CAD_JPY,sell,0.06,95.328,96.15757142857143,2015-04-02 14:15:00+00:00,2015-04-07 07:45:00+00:00,-49.77428571428561,0.0,96.15257142857143,0,
1000213_partial_1428494400,EUR_GBP,sell,0.01,0.73373,0.7265435,2015-04-02 13:15:00+00:00,2015-04-08 12:00:00+00:00,7.186499999999984,0.0,0.741715,0,True
1000230_partial_1428582600,GBP_NZD,sell,0.01,1.9733218399999999,1.9488137224942674,2015-04-09 01:00:00+00:00,2015-04-09 12:30:00+00:00,24.508117505732454,0.0,2.000553081673036,0,True
1000216_partial_1428601500,USD_JPY,buy,0.03,119.541,120.56982385287192,2015-04-06 19:15:00+00:00,2015-04-09 17:45:00+00:00,30.864715586157704,0.0,118.38730683014231,0,True
1000210,GBP_AUD,buy,0.05,1.9577060000000002,1.9058712132802638,2015-04-02 02:45:00+00:00,2015-04-10 08:45:00+00:00,-259.173933598682,0.0,1.9059212132802639,0,
1000228_partial_1428694200,USD_CAD,buy,0.01,1.25811,1.25856,2015-04-09 08:45:00+00:00,2015-04-10 19:30:00+00:00,0.4499999999998394,0.0,1.2336733132459428,0,True
1000230,GBP_NZD,sell,0.01,1.9733218399999999,1.9679255916653928,2015-04-09 01:00:00+00:00,2015-04-13 11:30:00+00:00,5.396248334607057,0.0,1.9678755916653927,0,
1000216,USD_JPY,buy,0.24000000000000002,119.541,119.76073863397154,2015-04-06 19:15:00+00:00,2015-04-13 12:30:00+00:00,52.737272153170814,0.0,119.76573863397154,0,
1000213_partial_1428948900,EUR_GBP,sell,0.02,0.73373,0.7201555,2015-04-02 13:15:00+00:00,2015-04-13 18:15:00+00:00,27.149000000000086,0.0,0.732133,0,True
1000228,USD_CAD,buy,0.01,1.25811,1.2336233132459427,2015-04-09 08:45:00+00:00,2015-04-15 17:00:00+00:00,-24.486686754057406,0.0,1.2336733132459428,0,
1000252,USD_JPY,buy,0.61,119.57000000000001,118.824,2015-04-15 00:00:00+00:00,2015-04-17 19:30:00+00:00,-455.0600000000057,0.0,118.4508927010898,0,
1000213,EUR_GBP,sell,0.009999999999999998,0.73373,0.7145659999999999,2015-04-02 13:15:00+00:00,2015-04-22 11:30:00+00:00,19.164000000000065,0.0,0.7281405,0,
1000265,USD_JPY,buy,0.45,119.675,118.892,2015-04-21 08:00:00+00:00,2015-04-24 19:30:00+00:00,-352.3500000000006,0.0,118.1868680224037,0,
1000114_partial_1429903800,NZD_CAD,buy,0.02,0.91551176,0.92467,2015-01-29 06:15:00+00:00,2015-04-24 19:30:00+00:00,18.316479999999967,0.0,0.8988065134630165,0,True
1000121_partial_1429903800,AUD_NZD,sell,0.01,1.0467011999999998,1.02888,2015-02-11 02:00:00+00:00,2015-04-24 19:30:00+00:00,17.82119999999976,0.0,1.0674678716724477,0,True
1000102,AUD_JPY,sell,0.33,97.116416,95.308,2015-01-20 02:00:00+00:00,2015-04-28 21:30:00+00:00,596.7772799999981,0.0,98.56264304580976,0,
1000094,AUD_USD,sell,0.4,0.8148238800000001,0.80184,2015-01-21 15:45:00+00:00,2015-04-28 21:30:00+00:00,519.3552000000024,0.0,0.8330583793274948,0,
1000114,NZD_CAD,buy,0.06000000000000004,0.91551176,0.92893,2015-01-29 06:15:00+00:00,2015-04-28 21:30:00+00:00,80.50944000000021,0.0,0.8988065134630165,0,
1000121,AUD_NZD,sell,0.03,1.0467011999999998,1.03838,2015-02-11 02:00:00+00:00,2015-04-28 21:30:00+00:00,24.963599999999083,0.0,1.0674678716724477,0,
1000119,GBP_JPY,sell,0.00999999999999999,183.347304,182.314,2015-02-11 10:30:00+00:00,2015-04-28 21:30:00+00:00,10.333040000000143,0.0,188.30777870086064,0,
1000272,USD_JPY,buy,0.78,119.045,118.869,2015-04-27 04:30:00+00:00,2015-04-28 21:30:00+00:00,-137.2800000000015,0.0,118.12181200501979,0,
1000275,EUR_JPY,sell,0.3,129.625,130.466,2015-04-27 07:30:00+00:00,2015-04-28 21:30:00+00:00,-252.30000000000246,0.0,131.97623192304454,0,
1000299,AUD_CAD,sell,0.48,0.96259,0.96002,2015-04-29 00:00:00+00:00,2015-04-29 21:30:00+00:00,123.35999999999814,0.0,0.976622188286879,0,
1000287,USD_JPY,buy,0.15,119.023,119.13,2015-04-29 08:00:00+00:00,2015-04-29 21:30:00+00:00,16.049999999999898,0.0,118.13750626963441,0,
1000293,EUR_NZD,sell,0.47000000000000003,1.43585924,1.46271,2015-04-29 13:15:00+00:00,2015-04-29 21:30:00+00:00,-1261.9857199999935,0.0,1.4628145623988773,0,
1000289,EUR_GBP,sell,0.78,0.72082,0.7206,2015-04-29 14:15:00+00:00,2015-04-29 21:30:00+00:00,17.159999999999844,0.0,0.7277073195077789,0,
1000291,EUR_AUD,sell,0.42,1.3830246800000001,1.39276,2015-04-29 14:15:00+00:00,2015-04-29 21:30:00+00:00,-408.883439999995,0.0,1.4041709390432702,0,
1000315,EUR_GBP,sell,0.51,0.7205,0.7280585824000804,2015-04-30 00:00:00+00:00,2015-04-30 14:30:00+00:00,-385.4877024040972,0.0,0.7280085824000804,0,
1000311_partial_1430408700,USD_JPY,buy,0.03,119.038592,119.8596767032341,2015-04-30 07:15:00+00:00,2015-04-30 15:45:00+00:00,24.632541097023193,0.0,118.11572010751766,0,True
1000317,EUR_CAD,sell,0.02,1.3452516399999999,1.36471,2015-04-30 07:45:00+00:00,2015-05-01 19:30:00+00:00,-38.91672000000046,0.0,1.3712059063772752,0,
1000323_partial_1430508600,AUD_CAD,sell,0.12,0.9621,0.95348,2015-04-30 00:00:00+00:00,2015-05-01 19:30:00+00:00,103.43999999999951,0.0,0.9767713176949591,0,True
1000355_partial_1430736300,GBP_CAD,buy,0.03,1.83462552,1.8320917937545347,2015-05-04 09:30:00+00:00,2015-05-04 10:45:00+00:00,-7.601178736395653,0.0,1.8140221032960242,0,True
1000355,GBP_CAD,buy,0.26,1.83462552,1.83134,2015-05-04 09:30:00+00:00,2015-05-04 11:00:00+00:00,-85.4235199999982,0.0,1.8475825186121189,0,
1000323_partial_1430737200,AUD_CAD,sell,0.04,0.9621,0.9488958140745367,2015-04-30 00:00:00+00:00,2015-05-04 11:00:00+00:00,52.816743701852964,0.0,0.9767713176949591,0,True
1000323,AUD_CAD,sell,0.25000000000000006,0.9621,0.9592157364610081,2015-04-30 00:00:00+00:00,2015-05-06 00:15:00+00:00,72.10658847479624,0.0,0.9591657364610081,0,
1000311,USD_JPY,buy,0.31000000000000005,119.038592,119.21216637849648,2015-04-30 07:15:00+00:00,2015-05-06 14:00:00+00:00,53.80805733390958,0.0,119.21716637849647,0,
1000343,EUR_CAD,sell,0.21,1.3481299999999998,1.3767647272561616,2015-05-04 18:30:00+00:00,2015-05-07 09:15:00+00:00,-601.3292723793975,0.0,1.3767147272561615,0,
1000347,GBP_CAD,sell,0.29,1.85200844,1.874188046939406,2015-05-07 18:00:00+00:00,2015-05-08 02:30:00+00:00,-643.2086012427743,0.0,1.874138046939406,0,
1000376_partial_1431113400,AUD_CAD,sell,0.12,0.95902,0.95865,2015-05-07 00:30:00+00:00,2015-05-08 19:30:00+00:00,4.4399999999997775,0.0,0.9764609563275615,0,True
1000371_partial_1431113400,USD_JPY,buy,0.27,119.747,119.756,2015-05-07 15:45:00+00:00,2015-05-08 19:30:00+00:00,2.430000000000092,0.0,118.98197689742473,0,True
1000371,USD_JPY,buy,0.64,119.747,118.97697689742473,2015-05-07 15:45:00+00:00,2015-05-14 06:45:00+00:00,-492.8147856481701,0.0,118.98197689742473,0,
1000400,EUR_CAD,sell,0.06,1.3488,1.3762,2015-05-12 00:00:00+00:00,2015-05-15 19:30:00+00:00,-164.40000000000055,0.0,1.3828686882438155,0,
1000376_partial_1431718200,AUD_CAD,sell,0.08,0.95902,0.96614,2015-05-07 00:30:00+00:00,2015-05-15 19:30:00+00:00,-56.96000000000012,0.0,0.9764609563275615,0,True
1000405_partial_1431718200,EUR_AUD,sell,0.04,1.418421,1.42448,2015-05-15 07:00:00+00:00,2015-05-15 19:30:00+00:00,-24.236000000000146,0.0,1.438151714285714,0,True
1000402_partial_1431718200,USD_JPY,buy,0.08,119.688392,119.358,2015-05-15 09:15:00+00:00,2015-05-15 19:30:00+00:00,-26.43135999999913,0.0,118.58811139536691,0,True
1000405_partial_1432022400,EUR_AUD,sell,0.01,1.418421,1.4006633571428573,2015-05-15 07:00:00+00:00,2015-05-19 08:00:00+00:00,17.757642857142653,0.0,1.438151714285714,0,True
1000402_partial_1432046700,USD_JPY,buy,0.03,119.688392,120.66914454416978,2015-05-15 09:15:00+00:00,2015-05-19 14:45:00+00:00,29.422576325093672,0.0,118.58811139536691,0,True
1000423,EUR_USD,buy,0.13,1.12810224,1.111509774125997,2015-05-19 06:15:00+00:00,2015-05-20 05:45:00+00:00,-215.7020563620402,0.0,1.111559774125997,0,
1000405,EUR_AUD,sell,0.06999999999999999,1.418421,1.4145248571428573,2015-05-15 07:00:00+00:00,2015-05-21 10:00:00+00:00,27.272999999998767,0.0,1.4144748571428571,0,
1000402_partial_1432315800,USD_JPY,buy,0.09,119.688392,121.54536902787625,2015-05-15 09:15:00+00:00,2015-05-22 17:30:00+00:00,167.12793250886293,0.0,119.90244812092662,0,True
1000425,EUR_JPY,buy,0.18,135.00266399999998,133.793,2015-05-19 07:00:00+00:00,2015-05-22 19:30:00+00:00,-217.73951999999554,0.0,133.35456607733047,0,
1000376_partial_1432323000,AUD_CAD,sell,0.06,0.95902,0.96158,2015-05-07 00:30:00+00:00,2015-05-22 19:30:00+00:00,-15.36000000000004,0.0,0.9764609563275615,0,True
1000431_partial_1432323000,EUR_CAD,sell,0.04,1.35491,1.35444,2015-05-21 00:00:00+00:00,2015-05-22 19:30:00+00:00,1.8799999999998818,0.0,1.387886240795709,0,True
1000402_partial_1432620900,USD_JPY,buy,0.04,119.688392,122.31206545111941,2015-05-15 09:15:00+00:00,2015-05-26 06:15:00+00:00,104.94693804477663,0.0,120.45008842324316,0,True
1000402_partial_1432719900,USD_JPY,buy,0.03,119.688392,123.4073460557525,2015-05-15 09:15:00+00:00,2015-05-27 09:45:00+00:00,111.56862167257515,0.0,121.43584096741294,0,True
1000376_partial_1432927800,AUD_CAD,sell,0.04,0.95902,0.9516,2015-05-07 00:30:00+00:00,2015-05-29 19:30:00+00:00,29.67999999999993,0.0,0.9764609563275615,0,True
1000431_partial_1432927800,EUR_CAD,sell,0.03,1.35491,1.36696,2015-05-21 00:00:00+00:00,2015-05-29 19:30:00+00:00,-36.14999999999968,0.0,1.387886240795709,0,True
1000457_partial_1432927800,EUR_JPY,buy,0.07,134.857,136.262,2015-05-27 15:30:00+00:00,2015-05-29 19:30:00+00:00,98.3500000000001,0.0,132.56286631258712,0,True
1000402,USD_JPY,buy,6.938893903907228e-18,119.688392,124.83121084177552,2015-05-15 09:15:00+00:00,2015-06-01 16:30:00+00:00,3.568547431009541e-14,0.0,122.31206545111941,0,
1000457_partial_1433238300,EUR_JPY,buy,0.02,134.857,136.9122203186716,2015-05-27 15:30:00+00:00,2015-06-02 09:45:00+00:00,41.104406373431736,0.0,132.56286631258712,0,True
1000431,EUR_CAD,sell,0.07999999999999999,1.35491,1.3879362407957092,2015-05-21 00:00:00+00:00,2015-06-02 13:15:00+00:00,-264.20992636567314,0.0,1.387886240795709,0,
1000457_partial_1433336400,EUR_JPY,buy,0.08,134.857,138.7435272686019,2015-05-27 15:30:00+00:00,2015-06-03 13:00:00+00:00,310.92218148815164,0.0,135.30982673748258,0,True
1000461,EUR_GBP,sell,0.15,0.71882,0.7318301300230203,2015-06-01 12:00:00+00:00,2015-06-03 13:30:00+00:00,-195.15195034530473,0.0,0.7317801300230203,0,
1000457_partial_1433404800,EUR_JPY,buy,0.04,134.857,140.34592084979093,2015-05-27 15:30:00+00:00,2015-06-04 08:00:00+00:00,219.55683399163718,0.0,136.45439358118904,0,True
1000376_partial_1433532600,AUD_CAD,sell,0.03,0.95902,0.94817,2015-05-07 00:30:00+00:00,2015-06-05 19:30:00+00:00,32.550000000000075,0.0,0.9764609563275615,0,True
1000469_partial_1433532600,NZD_CAD,sell,0.05,0.88783,0.8761,2015-06-01 08:15:00+00:00,2015-06-05 19:30:00+00:00,58.65000000000009,0.0,0.9095769474446278,0,True
1000489,GBP_CAD,buy,0.49,1.9048900000000002,1.889144178791975,2015-06-08 17:15:00+00:00,2015-06-09 11:30:00+00:00,-771.5452391932375,0.0,1.889194178791975,0,
1000457,EUR_JPY,buy,0.029999999999999992,134.857,138.50961389986062,2015-05-27 15:30:00+00:00,2015-06-10 14:15:00+00:00,109.57841699581874,0.0,138.51461389986062,0,
1000376_partial_1434137400,AUD_CAD,sell,0.02,0.95902,0.9521,2015-05-07 00:30:00+00:00,2015-06-12 19:30:00+00:00,13.840000000000074,0.0,0.9764609563275615,0,True
1000491_partial_1434137400,AUD_JPY,buy,0.2,95.51097200000001,95.426,2015-06-08 02:00:00+00:00,2015-06-12 19:30:00+00:00,-16.99440000000152,0.0,94.36463486437539,0,True
1000501_partial_1434137400,EUR_GBP,sell,0.04,0.7204294,0.7238,2015-06-12 09:00:00+00:00,2015-06-12 19:30:00+00:00,-13.482400000000005,0.0,0.7416577898498018,0,True
1000376_partial_1434742200,AUD_CAD,sell,0.01,0.95902,0.95318,2015-05-07 00:30:00+00:00,2015-06-19 19:30:00+00:00,5.8399999999999554,0.0,0.9764609563275615,0,True
1000491_partial_1434742200,AUD_JPY,buy,0.14,95.51097200000001,95.311,2015-06-08 02:00:00+00:00,2015-06-19 19:30:00+00:00,-27.99608000000035,0.0,94.36463486437539,0,True
1000501_partial_1434742200,EUR_GBP,sell,0.03,0.7204294,0.71492,2015-06-12 09:00:00+00:00,2015-06-19 19:30:00+00:00,16.52819999999999,0.0,0.7416577898498018,0,True
1000376,AUD_CAD,sell,0.04,0.95902,0.9433231393051946,2015-05-07 00:30:00+00:00,2015-06-26 17:15:00+00:00,62.78744277922143,0.0,0.9764609563275615,0,
1000491,AUD_JPY,buy,0.34,95.51097200000001,94.73,2015-06-08 02:00:00+00:00,2015-06-26 19:30:00+00:00,-265.5304800000019,0.0,94.36463486437539,0,
1000501_partial_1435347000,EUR_GBP,sell,0.02,0.7204294,0.70973,2015-06-12 09:00:00+00:00,2015-06-26 19:30:00+00:00,21.39880000000005,0.0,0.7416577898498018,0,True
1000517_partial_1435347000,CAD_JPY,buy,0.08,100.223,100.515,2015-06-22 06:00:00+00:00,2015-06-26 19:30:00+00:00,23.360000000000127,0.0,99.08035012937056,0,True
1000517,CAD_JPY,buy,0.18,100.223,99.07535012937056,2015-06-22 06:00:00+00:00,2015-06-28 22:00:00+00:00,-206.57697671329856,0.0,99.08035012937056,0,
1000529,AUD_CAD,sell,0.8,0.95238,0.9635981339363355,2015-06-29 16:45:00+00:00,2015-06-30 18:45:00+00:00,-897.4507149068422,0.0,0.9635481339363355,0,
1000501_partial_1435951800,EUR_GBP,sell,0.01,0.7204294,0.71215,2015-06-12 09:00:00+00:00,2015-07-03 19:30:00+00:00,8.279400000000049,0.0,0.7416577898498018,0,True
1000526_partial_1435951800,GBP_JPY,buy,0.1,192.309424,191.28,2015-06-29 05:30:00+00:00,2015-07-03 19:30:00+00:00,-102.94240000000059,0.0,189.72158689846157,0,True
1000525_partial_1435951800,EUR_JPY,sell,0.05,137.69,136.225,2015-06-29 17:30:00+00:00,2015-07-03 19:30:00+00:00,73.25000000000017,0.0,141.8618013601518,0,True
1000537_partial_1435951800,CAD_JPY,buy,0.22,98.012668,97.73,2015-06-30 14:45:00+00:00,2015-07-03 19:30:00+00:00,-62.18696000000023,0.0,96.98610864913441,0,True
1000534_partial_1435951800,AUD_JPY,buy,0.12,92.929296,92.403,2015-07-03 08:30:00+00:00,2015-07-03 19:30:00+00:00,-63.155519999998546,0.0,91.01043078025789,0,True
1000526,GBP_JPY,buy,0.24000000000000002,192.309424,189.713,2015-06-29 05:30:00+00:00,2015-07-05 22:00:00+00:00,-623.1417600000032,0.0,189.72158689846157,0,
1000537,CAD_JPY,buy,0.52,98.012668,96.78500000000001,2015-06-30 14:45:00+00:00,2015-07-05 22:00:00+00:00,-638.387359999997,0.0,96.98610864913441,0,
1000534,AUD_JPY,buy,0.27,92.929296,91.0054307802579,2015-07-03 08:30:00+00:00,2015-07-05 22:00:00+00:00,-519.4436093303664,0.0,91.01043078025789,0,
1000525_partial_1436270400,EUR_JPY,sell,0.02,137.69,133.9353787758634,2015-06-29 17:30:00+00:00,2015-07-07 12:00:00+00:00,75.09242448273199,0.0,141.8618013601518,0,True
1000544,AUD_NZD,buy,0.1,1.12128,1.10391908749069,2015-07-06 00:00:00+00:00,2015-07-08 15:45:00+00:00,-173.60912509310154,0.0,1.10396908749069,0,
1000525,EUR_JPY,sell,0.11,137.69,136.86063972796964,2015-06-29 17:30:00+00:00,2015-07-10 10:30:00+00:00,91.22962992333925,0.0,136.85563972796965,0,
1000501_partial_1436556600,EUR_GBP,sell,0.01,0.7204294,0.71819,2015-06-12 09:00:00+00:00,2015-07-10 19:30:00+00:00,2.2394000000000025,0.0,0.7416577898498018,0,True
1000543_partial_1436556600,AUD_CAD,sell,0.02,0.94882,0.94446,2015-07-06 13:00:00+00:00,2015-07-10 19:30:00+00:00,8.720000000000061,0.0,0.9679512458678375,0,True
1000543,AUD_CAD,sell,0.06,0.94882,0.95836,2015-07-06 13:00:00+00:00,2015-07-17 19:30:00+00:00,-57.23999999999995,0.0,0.9679512458678375,0,
1000557_partial_1437161400,GBP_JPY,buy,0.01,192.314424,193.716,2015-07-13 09:30:00+00:00,2015-07-17 19:30:00+00:00,14.015760000000057,0.0,184.14764319588963,0,True
1000501_partial_1437766200,EUR_GBP,sell,0.01,0.7204294,0.70813,2015-06-12 09:00:00+00:00,2015-07-24 19:30:00+00:00,12.29939999999996,0.0,0.7416577898498018,0,True
1000589_partial_1437766200,AUD_CAD,sell,0.22,0.95716048,0.95076,2015-07-24 00:15:00+00:00,2015-07-24 19:30:00+00:00,140.81055999999847,0.0,0.9672617454310951,0,True
1000589_partial_1437978600,AUD_CAD,sell,0.07,0.95716048,0.9481643411120143,2015-07-24 00:15:00+00:00,2015-07-27 06:30:00+00:00,62.9729722158997,0.0,0.9672617454310951,0,True
1000589,AUD_CAD,sell,0.45,0.95716048,0.9552502269137809,2015-07-24 00:15:00+00:00,2015-07-31 14:00:00+00:00,85.96138887985771,0.0,0.9552002269137809,0,
1000501_partial_1438371000,EUR_GBP,sell,0.01,0.7204294,0.70299,2015-06-12 09:00:00+00:00,2015-07-31 19:30:00+00:00,17.439399999999992,0.0,0.7416577898498018,0,True
1000469_partial_1438975800,NZD_CAD,sell,0.04,0.88783,0.87036,2015-06-01 08:15:00+00:00,2015-08-07 19:30:00+00:00,69.87999999999994,0.0,0.9095769474446278,0,True
1000624_partial_1439225100,CAD_JPY,buy,0.01,94.741456,95.69796963535089,2015-08-10 06:30:00+00:00,2015-08-10 16:45:00+00:00,9.565136353508876,0.0,93.6681075162768,0,True
1000620_partial_1439303400,GBP_NZD,buy,0.01,2.3447400000000003,2.384301545552508,2015-08-10 00:00:00+00:00,2015-08-11 14:30:00+00:00,39.56154555250757,0.0,2.3007827271638805,0,True
1000619_partial_1439306100,GBP_CAD,buy,0.03,2.02732,2.047240243033865,2015-08-10 18:15:00+00:00,2015-08-11 15:15:00+00:00,59.760729101594904,0.0,2.005186396629039,0,True
1000619,GBP_CAD,buy,0.28,2.02732,2.0316967206741925,2015-08-10 18:15:00+00:00,2015-08-12 08:30:00+00:00,122.54817887738946,0.0,2.0317467206741924,0,
1000620,GBP_NZD,buy,0.13,2.3447400000000003,2.3534814545672242,2015-08-10 00:00:00+00:00,2015-08-12 12:15:00+00:00,113.63890937391162,0.0,2.353531454567224,0,
1000624,CAD_JPY,buy,0.13,94.741456,94.94512569674465,2015-08-10 06:30:00+00:00,2015-08-14 10:45:00+00:00,26.477060576805087,0.0,94.95012569674465,0,
1000632_partial_1439580600,AUD_CAD,buy,0.15,0.95501236,0.96546,2015-08-11 08:15:00+00:00,2015-08-14 19:30:00+00:00,156.7145999999997,0.0,0.9396919784728004,0,True
1000633_partial_1439998200,GBP_CAD,buy,0.01,2.03888,2.059376242608396,2015-08-17 17:15:00+00:00,2015-08-19 15:30:00+00:00,20.496242608396106,0.0,2.016106397101782,0,True
1000637,CAD_JPY,buy,0.27,94.736456,93.67844573325283,2015-08-17 07:45:00+00:00,2015-08-21 10:45:00+00:00,-285.6627720217372,0.0,93.68344573325282,0,
1000469_partial_1440185400,NZD_CAD,sell,0.02,0.88783,0.8818,2015-06-01 08:15:00+00:00,2015-08-21 19:30:00+00:00,12.05999999999996,0.0,0.9095769474446278,0,True
1000632_partial_1440185400,AUD_CAD,buy,0.1,0.95501236,0.96612,2015-08-11 08:15:00+00:00,2015-08-21 19:30:00+00:00,111.07639999999975,0.0,0.9396919784728004,0,True
1000501,EUR_GBP,sell,0.009999999999999997,0.7204294,0.7417077898498018,2015-06-12 09:00:00+00:00,2015-08-24 13:00:00+00:00,-21.278389849801787,0.0,0.7416577898498018,0,
1000632,AUD_CAD,buy,0.23999999999999996,0.95501236,0.9396419784728004,2015-08-11 08:15:00+00:00,2015-08-24 13:00:00+00:00,-368.8891566527905,0.0,0.9396919784728004,0,
1000557,GBP_JPY,buy,0.01,192.314424,184.14264319588963,2015-07-13 09:30:00+00:00,2015-08-24 13:00:00+00:00,-81.7178080411037,0.0,184.14764319588963,0,
1000645_partial_1440421200,GBP_NZD,buy,0.01,2.3800778400000002,2.428857279571927,2015-08-24 02:30:00+00:00,2015-08-24 13:00:00+00:00,48.779439571926986,0.0,2.3257729071423037,0,True
1000647,AUD_NZD,sell,0.18,1.11601836,1.14728,2015-08-24 13:00:00+00:00,2015-08-24 13:15:00+00:00,-562.7095200000016,0.0,1.1353923216837765,0,
1000645,GBP_NZD,buy,0.09000000000000001,2.3800778400000002,2.3908288265715396,2015-08-24 02:30:00+00:00,2015-08-26 12:15:00+00:00,96.7588791438545,0.0,2.3908788265715395,0,
1000354,GBP_AUD,buy,0.24,1.90667812,2.17156,2015-05-06 02:45:00+00:00,2015-08-26 21:30:00+00:00,6357.165119999998,0.0,1.8728187570166988,0,
1000469,NZD_CAD,sell,0.06000000000000001,0.88783,0.85756,2015-06-01 08:15:00+00:00,2015-08-26 21:30:00+00:00,181.62000000000015,0.0,0.9095769474446278,0,
1000633,GBP_CAD,buy,0.12000000000000001,2.03888,2.05761,2015-08-17 17:15:00+00:00,2015-08-26 21:30:00+00:00,224.76000000000164,0.0,2.0434347205796435,0,
1000657,AUD_CAD,buy,0.3,0.95527,0.94746,2015-08-25 00:00:00+00:00,2015-08-26 21:30:00+00:00,-234.2999999999995,0.0,0.9390145425261373,0,
1000660_partial_1440790200,EUR_USD,buy,0.05,1.12462,1.11848,2015-08-27 12:45:00+00:00,2015-08-28 19:30:00+00:00,-30.700000000000173,0.0,1.0967716346253407,0,True
1000673_partial_1440790200,GBP_NZD,buy,0.03,2.38158,2.38402,2015-08-27 13:45:00+00:00,2015-08-28 19:30:00+00:00,7.319999999999993,0.0,2.326523280609199,0,True
1000671_partial_1440790200,GBP_AUD,buy,0.03,2.14939,2.1496,2015-08-27 15:00:00+00:00,2015-08-28 19:30:00+00:00,0.6300000000001305,0.0,2.1009886557987634,0,True
1000688_partial_1440790200,EUR_NZD,buy,0.03,1.73247,1.73128,2015-08-28 00:00:00+00:00,2015-08-28 19:30:00+00:00,-3.570000000000073,0.0,1.6694304979650378,0,True
1000687_partial_1440790200,EUR_CAD,buy,0.03,1.47674,1.47818,2015-08-28 16:30:00+00:00,2015-08-28 19:30:00+00:00,4.320000000000324,0.0,1.4207485066176702,0,True
1000701_partial_1441044900,AUD_NZD,buy,0.01,1.10882476,1.1211292324722024,2015-08-31 01:00:00+00:00,2015-08-31 18:15:00+00:00,12.304472472202342,0.0,1.0950475683642196,0,True
1000698,GBP_CAD,buy,0.03,2.0518634799999997,2.015850191144959,2015-08-31 13:30:00+00:00,2015-08-31 20:00:00+00:00,-108.03986656512254,0.0,2.0159001911449588,0,
1000701,AUD_NZD,buy,0.07,1.10882476,1.111470198327156,2015-08-31 01:00:00+00:00,2015-09-01 12:45:00+00:00,18.518068290091396,0.0,1.111520198327156,0,
1000671_partial_1441379700,GBP_AUD,buy,0.01,2.14939,2.192951209781113,2015-08-27 15:00:00+00:00,2015-09-04 15:15:00+00:00,43.561209781112886,0.0,2.1009886557987634,0,True
1000660_partial_1441395000,EUR_USD,buy,0.04,1.12462,1.11382,2015-08-27 12:45:00+00:00,2015-09-04 19:30:00+00:00,-43.19999999999968,0.0,1.0967716346253407,0,True
1000673_partial_1441395000,GBP_NZD,buy,0.02,2.38158,2.41218,2015-08-27 13:45:00+00:00,2015-09-04 19:30:00+00:00,61.200000000000365,0.0,2.326523280609199,0,True
1000688_partial_1441395000,EUR_NZD,buy,0.02,1.73247,1.7694,2015-08-28 00:00:00+00:00,2015-09-04 19:30:00+00:00,73.86000000000026,0.0,1.6694304979650378,0,True
1000687_partial_1441395000,EUR_CAD,buy,0.02,1.47674,1.47704,2015-08-28 16:30:00+00:00,2015-09-04 19:30:00+00:00,0.5999999999999339,0.0,1.4207485066176702,0,True
1000691_partial_1441395000,USD_CAD,buy,0.01,1.31404,1.3261,2015-08-31 20:00:00+00:00,2015-09-04 19:30:00+00:00,12.05999999999996,0.0,1.2917001392671865,0,True
1000673_partial_1441614600,GBP_NZD,buy,0.01,2.38158,2.431131047451721,2015-08-27 13:45:00+00:00,2015-09-07 08:30:00+00:00,49.5510474517209,0.0,2.326523280609199,0,True
1000688_partial_1441840500,EUR_NZD,buy,0.01,1.73247,1.7892055518314658,2015-08-28 00:00:00+00:00,2015-09-09 23:15:00+00:00,56.73555183146583,0.0,1.6694304979650378,0,True
1000743_partial_1441840500,NZD_USD,sell,0.01,0.63942,0.6282107511507049,2015-09-09 01:00:00+00:00,2015-09-09 23:15:00+00:00,11.209248849295085,0.0,0.6518747209436612,0,True
1000750,AUD_NZD,sell,0.39,1.10143,1.1179582477961012,2015-09-09 12:00:00+00:00,2015-09-10 06:45:00+00:00,-644.6016640479504,0.0,1.117908247796101,0,
1000660,EUR_USD,buy,0.09,1.12462,1.11946,2015-08-27 12:45:00+00:00,2015-09-10 07:15:00+00:00,-46.44000000000048,0.0,1.0967716346253407,0,
1000673,GBP_NZD,buy,0.049999999999999996,2.38158,2.43874,2015-08-27 13:45:00+00:00,2015-09-10 07:15:00+00:00,285.8000000000004,0.0,2.39259134387816,0,
1000671,GBP_AUD,buy,0.07,2.14939,2.17861,2015-08-27 15:00:00+00:00,2015-09-10 07:15:00+00:00,204.5400000000002,0.0,2.159070268840247,0,
1000688,EUR_NZD,buy,0.04,1.73247,1.77853,2015-08-28 00:00:00+00:00,2015-09-10 07:15:00+00:00,184.23999999999992,0.0,1.7450779004069923,0,
1000687,EUR_CAD,buy,0.039999999999999994,1.47674,1.47928,2015-08-28 16:30:00+00:00,2015-09-10 07:15:00+00:00,10.159999999999945,0.0,1.4207485066176702,0,
1000691,USD_CAD,buy,0.03,1.31404,1.32138,2015-08-31 20:00:00+00:00,2015-09-10 07:15:00+00:00,22.019999999999705,0.0,1.2917001392671865,0,
1000733,GBP_JPY,sell,0.15,184.465,185.714,2015-09-08 07:45:00+00:00,2015-09-10 07:15:00+00:00,-187.34999999999928,0.0,187.5584374939256,0,
1000743,NZD_USD,sell,0.12000000000000001,0.63942,0.62945,2015-09-09 01:00:00+00:00,2015-09-10 07:15:00+00:00,119.64000000000041,0.0,0.6369290558112678,0,
1000752,CAD_JPY,sell,0.28,91.29768,91.554,2015-09-09 02:15:00+00:00,2015-09-10 07:15:00+00:00,-71.76960000000065,0.0,93.03189428571429,0,
1000741,USD_JPY,sell,0.26,120.507,120.983,2015-09-09 05:45:00+00:00,2015-09-10 07:15:00+00:00,-123.75999999999976,0.0,122.34219793265635,0,
1000745,EUR_JPY,sell,0.28,135.056,135.434,2015-09-09 14:00:00+00:00,2015-09-10 07:15:00+00:00,-105.83999999999607,0.0,137.52052303833906,0,
1000748,AUD_JPY,sell,0.18,85.462708,85.244,2015-09-09 14:00:00+00:00,2015-09-10 07:15:00+00:00,39.36744000000118,0.0,88.05423750969516,0,
1000754_partial_1441999800,AUD_USD,sell,0.23,0.70912,0.70834,2015-09-11 16:45:00+00:00,2015-09-11 19:30:00+00:00,17.940000000000065,0.0,0.7211198472891754,0,True
1000754,AUD_USD,sell,0.53,0.70912,0.7211698472891754,2015-09-11 16:45:00+00:00,2015-09-17 18:00:00+00:00,-638.6419063262996,0.0,0.7211198472891754,0,
1000772,AUD_CAD,sell,0.36,0.94057,0.95052,2015-09-14 01:00:00+00:00,2015-09-18 19:30:00+00:00,-358.2000000000005,0.0,0.9561321041159869,0,
1000765,AUD_CAD,sell,0.53,0.9387906,0.95052,2015-09-14 03:45:00+00:00,2015-09-18 19:30:00+00:00,-621.6582000000001,0.0,0.9562155252505593,0,
1000792_partial_1443085200,AUD_CAD,sell,0.05,0.94095,0.9275187906599595,2015-09-22 10:00:00+00:00,2015-09-24 09:00:00+00:00,67.15604670020247,0.0,0.9559791214889338,0,True
1000790,GBP_USD,buy,0.24,1.53225712,1.51933,2015-09-23 07:15:00+00:00,2015-09-25 19:30:00+00:00,-310.2508799999963,0.0,1.5110690100275923,0,
1000791_partial_1443209400,AUD_USD,sell,0.01,0.70891,0.703,2015-09-22 10:30:00+00:00,2015-09-25 19:30:00+00:00,5.910000000000082,0.0,0.731670221970667,0,True
1000787_partial_1443209400,GBP_CAD,buy,0.07,2.02398944,2.02392,2015-09-23 11:15:00+00:00,2015-09-25 19:30:00+00:00,-0.4860799999990562,0.0,2.0007201188112846,0,True
1000788_partial_1443209400,AUD_NZD,buy,0.13,1.10706964,1.10128,2015-09-24 07:30:00+00:00,2015-09-25 19:30:00+00:00,-75.26531999999908,0.0,1.088736378175811,0,True
1000792,AUD_CAD,sell,0.45,0.94095,0.9380541757022132,2015-09-22 10:00:00+00:00,2015-09-29 12:45:00+00:00,130.3120934004054,0.0,0.9380041757022132,0,
1000787,GBP_CAD,buy,0.18,2.02398944,2.00021,2015-09-23 11:15:00+00:00,2015-10-02 19:30:00+00:00,-428.0299199999956,0.0,2.0007201188112846,0,
1000788,AUD_NZD,buy,0.29,1.10706964,1.09316,2015-09-24 07:30:00+00:00,2015-10-02 19:30:00+00:00,-403.3795600000016,0.0,1.088736378175811,0,
1000805,EUR_AUD,buy,0.09,1.57964,1.5479965419331119,2015-10-05 16:00:00+00:00,2015-10-09 06:00:00+00:00,-284.7911226019926,0.0,1.548046541933112,0,
1000791,AUD_USD,sell,0.01,0.70891,0.731720221970667,2015-09-22 10:30:00+00:00,2015-10-09 09:15:00+00:00,-22.810221970666955,0.0,0.731670221970667,0,
1000811_partial_1444419000,NZD_CAD,sell,0.11,0.86393424,0.86646,2015-10-07 14:45:00+00:00,2015-10-09 19:30:00+00:00,-27.783360000000478,0.0,0.8870623438624766,0,True
1000812_partial_1444419000,AUD_CAD,sell,0.07,0.94276656,0.94827,2015-10-08 18:00:00+00:00,2015-10-09 19:30:00+00:00,-38.5240799999994,0.0,0.9563406004595065,0,True
1000812,AUD_CAD,sell,0.18,0.94276656,0.9563906004595065,2015-10-08 18:00:00+00:00,2015-10-12 15:45:00+00:00,-245.23272827111683,0.0,0.9563406004595065,0,
1000811,NZD_CAD,sell,0.25,0.86393424,0.8871123438624766,2015-10-07 14:45:00+00:00,2015-10-15 07:30:00+00:00,-579.4525965619163,0.0,0.8870623438624766,0,
1000825_partial_1445023800,AUD_CAD,sell,0.08,0.94451,0.939,2015-10-13 20:00:00+00:00,2015-10-16 19:30:00+00:00,44.08000000000012,0.0,0.9564695272985001,0,True
1000825,AUD_CAD,sell,0.19,0.94451,0.9506,2015-10-13 20:00:00+00:00,2015-10-23 19:30:00+00:00,-115.71000000000076,0.0,0.9564695272985001,0,
1000785_partial_1445628600,EUR_GBP,buy,0.11,0.71983296,0.71846,2015-09-22 06:15:00+00:00,2015-10-23 19:30:00+00:00,-15.102559999999764,0.0,0.7050072968908975,0,True
1000844_partial_1445628600,GBP_CAD,sell,0.01,2.0290948,2.01882,2015-10-22 08:00:00+00:00,2015-10-23 19:30:00+00:00,10.274800000000361,0.0,2.0653242414240016,0,True
1000857_partial_1446045300,AUD_CAD,sell,0.01,0.9484640799999999,0.9386957385161541,2015-10-28 00:30:00+00:00,2015-10-28 15:15:00+00:00,9.768341483845866,0.0,0.9594233483153842,0,True
1000785,EUR_GBP,buy,0.27,0.71983296,0.71306,2015-09-22 06:15:00+00:00,2015-10-30 19:30:00+00:00,-182.86991999999836,0.0,0.7050072968908975,0,
1000844_partial_1446233400,GBP_CAD,sell,0.01,2.0290948,2.01554,2015-10-22 08:00:00+00:00,2015-10-30 19:30:00+00:00,13.554800000000089,0.0,2.0653242414240016,0,True
1000851_partial_1446233400,AUD_USD,sell,0.01,0.71207056,0.71352,2015-10-28 00:30:00+00:00,2015-10-30 19:30:00+00:00,-1.449440000000024,0.0,0.7400101888274682,0,True
1000858_partial_1446233400,EUR_AUD,buy,0.01,1.55221,1.54128,2015-10-29 19:45:00+00:00,2015-10-30 19:30:00+00:00,-10.930000000000106,0.0,1.5061361935589703,0,True
1000861,NZD_CAD,buy,0.09,0.88322,0.8691012282707639,2015-11-02 09:15:00+00:00,2015-11-04 00:30:00+00:00,-127.06894556312528,0.0,0.8691512282707639,0,
1000858,EUR_AUD,buy,0.019999999999999997,1.55221,1.52674,2015-10-29 19:45:00+00:00,2015-11-06 19:30:00+00:00,-50.94000000000019,0.0,1.5061361935589703,0,
1000844_partial_1446838200,GBP_CAD,sell,0.01,2.0290948,2.00005,2015-10-22 08:00:00+00:00,2015-11-06 19:30:00+00:00,29.044800000000315,0.0,2.0653242414240016,0,True
1000851_partial_1446838200,AUD_USD,sell,0.01,0.71207056,0.70376,2015-10-28 00:30:00+00:00,2015-11-06 19:30:00+00:00,8.310559999999967,0.0,0.7400101888274682,0,True
1000862_partial_1446838200,AUD_NZD,sell,0.04,1.08578536,1.08046,2015-11-04 13:15:00+00:00,2015-11-06 19:30:00+00:00,21.301440000000227,0.0,1.1002712053232575,0,True
1000866_partial_1446838200,EUR_GBP,sell,0.01,0.71567,0.7144,2015-11-05 19:15:00+00:00,2015-11-06 19:30:00+00:00,1.2699999999999934,0.0,0.7249031017661915,0,True
1000866_partial_1447165800,EUR_GBP,sell,0.01,0.71567,0.7073602084104277,2015-11-05 19:15:00+00:00,2015-11-10 14:30:00+00:00,8.309791589572347,0.0,0.7249031017661915,0,True
1000857,AUD_CAD,sell,0.11,0.9484640799999999,0.946382226336923,2015-10-28 00:30:00+00:00,2015-11-12 00:45:00+00:00,22.900390293845827,0.0,0.946332226336923,0,
1000844_partial_1447443000,GBP_CAD,sell,0.01,2.0290948,2.02829,2015-10-22 08:00:00+00:00,2015-11-13 19:30:00+00:00,0.8048000000000499,0.0,2.0653242414240016,0,True
1000851_partial_1447443000,AUD_USD,sell,0.01,0.71207056,0.71256,2015-10-28 00:30:00+00:00,2015-11-13 19:30:00+00:00,-0.48943999999995214,0.0,0.7400101888274682,0,True
1000862_partial_1447443000,AUD_NZD,sell,0.03,1.08578536,1.09078,2015-11-04 13:15:00+00:00,2015-11-13 19:30:00+00:00,-14.983920000000149,0.0,1.1002712053232575,0,True
1000862,AUD_NZD,sell,0.07,1.08578536,1.1003212053232576,2015-11-04 13:15:00+00:00,2015-11-17 13:30:00+00:00,-101.75091726280306,0.0,1.1002712053232575,0,
1000866,EUR_GBP,sell,0.009999999999999997,0.71567,0.6999737269974744,2015-11-05 19:15:00+00:00,2015-11-17 16:00:00+00:00,15.696273002525624,0.0,0.7138233796467617,0,
1000851_partial_1448047800,AUD_USD,sell,0.01,0.71207056,0.7241,2015-10-28 00:30:00+00:00,2015-11-20 19:30:00+00:00,-12.029439999999946,0.0,0.7400101888274682,0,True
1000877_partial_1448652600,NZD_CAD,buy,0.03,0.86094448,0.87393,2015-11-17 05:30:00+00:00,2015-11-27 19:30:00+00:00,38.95655999999991,0.0,0.8439570093383332,0,True
1000851,AUD_USD,sell,0.009999999999999997,0.71207056,0.734,2015-10-28 00:30:00+00:00,2015-12-04 19:30:00+00:00,-21.92943999999996,0.0,0.7400101888274682,0,
1000902_partial_1449257400,EUR_AUD,sell,0.01,1.48287,1.48119,2015-12-04 08:00:00+00:00,2015-12-04 19:30:00+00:00,1.679999999999904,0.0,1.508523917309169,0,True
1000902,EUR_AUD,sell,0.019999999999999997,1.48287,1.508573917309169,2015-12-04 08:00:00+00:00,2015-12-08 12:30:00+00:00,-51.40783461833819,0.0,1.508523917309169,0,
1000907,AUD_NZD,buy,0.04,1.08470004,1.071307074621056,2015-12-08 14:30:00+00:00,2015-12-09 20:15:00+00:00,-53.57186151577587,0.0,1.0713570746210561,0,
1000844,GBP_CAD,sell,0.009999999999999997,2.0290948,2.0653742414240015,2015-10-22 08:00:00+00:00,2015-12-10 17:15:00+00:00,-36.279441424001284,0.0,2.0653242414240016,0,
1000912_partial_1449824400,AUD_USD,sell,0.01,0.7323602,0.7232582028008282,2015-12-10 00:30:00+00:00,2015-12-11 09:00:00+00:00,9.101997199171818,0.0,0.742473530221302,0,True
1000913_partial_1449862200,EUR_AUD,buy,0.01,1.50282,1.52787,2015-12-10 00:30:00+00:00,2015-12-11 19:30:00+00:00,25.050000000000015,0.0,1.471160559407181,0,True
1000913_partial_1450049400,EUR_AUD,buy,0.01,1.50282,1.531313496533537,2015-12-10 00:30:00+00:00,2015-12-13 23:30:00+00:00,28.493496533537055,0.0,1.471160559407181,0,True
1000913,EUR_AUD,buy,0.009999999999999997,1.50282,1.5091018881185638,2015-12-10 00:30:00+00:00,2015-12-16 21:00:00+00:00,6.2818881185637805,0.0,1.509151888118564,0,
1000912_partial_1450361700,AUD_USD,sell,0.02,0.7323602,0.7151675386237866,2015-12-10 00:30:00+00:00,2015-12-17 14:15:00+00:00,34.385322752426895,0.0,0.7303375339557396,0,True
1000912,AUD_USD,sell,0.029999999999999995,0.7323602,0.7253308688450886,2015-12-10 00:30:00+00:00,2015-12-24 02:00:00+00:00,21.087993464734332,0.0,0.7252808688450886,0,
1000934_partial_1452281400,GBP_CAD,buy,0.01,2.04682116,2.05286,2015-12-29 15:45:00+00:00,2016-01-08 19:30:00+00:00,6.03883999999999,0.0,2.010200581843413,0,True
1000942_partial_1452800700,AUD_CAD,buy,0.01,0.99099208,1.0038471131407076,2016-01-11 15:00:00+00:00,2016-01-14 19:45:00+00:00,12.855033140707574,0.0,0.9766031542881027,0,True
1000942,AUD_CAD,buy,0.12000000000000001,0.99099208,0.9937598651423796,2016-01-11 15:00:00+00:00,2016-01-15 17:15:00+00:00,33.21342170855424,0.0,0.9938098651423796,0,
1000934_partial_1452886200,GBP_CAD,buy,0.01,2.04682116,2.0743,2015-12-29 15:45:00+00:00,2016-01-15 19:30:00+00:00,27.47884000000012,0.0,2.010200581843413,0,True
1000949_partial_1453239900,AUD_NZD,buy,0.02,1.06388,1.0735190478480807,2016-01-18 17:45:00+00:00,2016-01-19 21:45:00+00:00,19.278095696161564,0.0,1.0531699468354656,0,True
1000949_partial_1453250700,AUD_NZD,buy,0.07,1.06388,1.0820870903797082,2016-01-18 17:45:00+00:00,2016-01-20 00:45:00+00:00,127.44963265795772,0.0,1.0660220106329068,0,True
1000949,AUD_NZD,buy,0.11000000000000001,1.06388,1.0713270372151737,2016-01-18 17:45:00+00:00,2016-01-20 23:15:00+00:00,81.91740936691194,0.0,1.0713770372151739,0,
1000934,GBP_CAD,buy,0.009999999999999997,2.04682116,2.02181,2015-12-29 15:45:00+00:00,2016-01-22 19:30:00+00:00,-25.011160000000025,0.0,2.010200581843413,0,
1000956_partial_1454095800,AUD_CAD,buy,0.03,0.99018488,0.99086,2016-01-25 01:30:00+00:00,2016-01-29 19:30:00+00:00,2.025359999999754,0.0,0.9772827333476201,0,True
1000959_partial_1454095800,AUD_NZD,sell,0.02,1.08770992,1.09242,2016-01-27 20:00:00+00:00,2016-01-29 19:30:00+00:00,-9.420159999999898,0.0,1.102929171890321,0,True
1000956,AUD_CAD,buy,0.07,0.99018488,0.98248,2016-01-25 01:30:00+00:00,2016-02-05 19:30:00+00:00,-53.934160000000176,0.0,0.9772827333476201,0,
1000959_partial_1455910200,AUD_NZD,sell,0.02,1.08770992,1.0774,2016-01-27 20:00:00+00:00,2016-02-19 19:30:00+00:00,20.619840000000167,0.0,1.102929171890321,0,True
1000984,AUD_CAD,buy,0.09,0.98525,0.9662214730529181,2016-02-22 00:00:00+00:00,2016-02-26 16:15:00+00:00,-171.2567425237371,0.0,0.966271473052918,0,
1000959_partial_1456515000,AUD_NZD,sell,0.01,1.08770992,1.07462,2016-01-27 20:00:00+00:00,2016-02-26 19:30:00+00:00,13.089920000000088,0.0,1.102929171890321,0,True
1000988,EUR_GBP,buy,0.07,0.78126,0.7699446886767424,2016-02-29 15:45:00+00:00,2016-03-02 15:45:00+00:00,-79.20717926280308,0.0,0.7699946886767424,0,
1000936,EUR_AUD,buy,0.06,1.4971266399999998,1.48078,2015-12-29 15:30:00+00:00,2016-03-04 19:30:00+00:00,-98.07983999999914,0.0,1.4713464951455202,0,
1000959_partial_1457119800,AUD_NZD,sell,0.01,1.08770992,1.09118,2016-01-27 20:00:00+00:00,2016-03-04 19:30:00+00:00,-3.470080000000042,0.0,1.102929171890321,0,True
1000959,AUD_NZD,sell,0.01999999999999999,1.08770992,1.102979171890321,2016-01-27 20:00:00+00:00,2016-03-08 13:30:00+00:00,-30.538503780642024,0.0,1.102929171890321,0,
1001005_partial_1457724600,EUR_GBP,buy,0.01,0.77512,0.77556,2016-03-11 11:15:00+00:00,2016-03-11 19:30:00+00:00,0.43999999999999595,0.0,0.7617422258673046,0,True
1001005,EUR_GBP,buy,0.01,0.77512,0.7871599967194259,2016-03-11 11:15:00+00:00,2016-03-16 12:15:00+00:00,12.039996719425906,0.0,0.7617422258673046,0,
1001016,EUR_GBP,buy,0.01,0.78152,0.7916940036834528,2016-03-17 13:00:00+00:00,2016-03-23 13:45:00+00:00,10.174003683452781,0.0,0.7702155514628303,0,
1001038_partial_1459863000,EUR_AUD,buy,0.01,1.48826,1.509403767762735,2016-04-04 00:00:00+00:00,2016-04-05 13:30:00+00:00,21.143767762735074,0.0,1.4647669247080721,0,True
1001038,EUR_AUD,buy,0.01,1.48826,1.4929086150583855,2016-04-04 00:00:00+00:00,2016-04-12 04:00:00+00:00,4.648615058385541,0.0,1.4929586150583856,0,
1001056_partial_1461329100,AUD_CAD,sell,0.01,0.99073,0.9787538602927801,2016-04-18 20:30:00+00:00,2016-04-22 12:45:00+00:00,11.976139707219891,0.0,1.0041423774524665,0,True
1001054,EUR_GBP,buy,0.03,0.79238,0.7816035147497981,2016-04-18 16:30:00+00:00,2016-04-22 13:00:00+00:00,-32.32945575060575,0.0,0.781653514749798,0,
1000877_partial_1461353400,NZD_CAD,buy,0.02,0.86094448,0.86874,2015-11-17 05:30:00+00:00,2016-04-22 19:30:00+00:00,15.591039999999888,0.0,0.8439570093383332,0,True
1001057_partial_1461353400,AUD_NZD,buy,0.01,1.11501,1.12498,2016-04-18 13:45:00+00:00,2016-04-22 19:30:00+00:00,9.970000000000034,0.0,1.0998140294253105,0,True
1001057,AUD_NZD,buy,0.04,1.11501,1.0997640294253104,2016-04-18 13:45:00+00:00,2016-04-27 21:00:00+00:00,-60.98388229875873,0.0,1.0998140294253105,0,
1001065_partial_1461958200,AUD_NZD,buy,0.01,1.09348888,1.08831,2016-04-28 11:45:00+00:00,2016-04-29 19:30:00+00:00,-5.178879999999886,0.0,1.0701369937010847,0,True
1001043,EUR_AUD,sell,0.01,1.51034752,1.5281982279962771,2016-04-05 13:30:00+00:00,2016-05-03 09:00:00+00:00,-17.85070799627708,0.0,1.5462200912182034,0,
1001065,AUD_NZD,buy,0.01,1.09348888,1.07732,2016-04-28 11:45:00+00:00,2016-05-06 19:30:00+00:00,-16.16887999999994,0.0,1.0701369937010847,0,
1001081_partial_1463167800,AUD_CAD,buy,0.01,0.93722712,0.94028,2016-05-13 06:15:00+00:00,2016-05-13 19:30:00+00:00,3.0528800000000356,0.0,0.9259880629185342,0,True
1001074,EUR_GBP,buy,0.01,0.79309984,0.7709504407775266,2016-05-04 08:45:00+00:00,2016-05-18 18:00:00+00:00,-22.149399222473384,0.0,0.7710004407775266,0,
1000877_partial_1464377400,NZD_CAD,buy,0.01,0.86094448,0.87238,2015-11-17 05:30:00+00:00,2016-05-27 19:30:00+00:00,11.435520000000034,0.0,0.8439570093383332,0,True
1001081_partial_1464377400,AUD_CAD,buy,0.01,0.93722712,0.93641,2016-05-13 06:15:00+00:00,2016-05-27 19:30:00+00:00,-0.8171200000000045,0.0,0.9259880629185342,0,True
1001081_partial_1465587000,AUD_CAD,buy,0.01,0.93722712,0.94095,2016-05-13 06:15:00+00:00,2016-06-10 19:30:00+00:00,3.7228799999999835,0.0,0.9259880629185342,0,True
1001081,AUD_CAD,buy,0.009999999999999997,0.93722712,0.95222,2016-05-13 06:15:00+00:00,2016-06-17 19:30:00+00:00,14.992879999999982,0.0,0.9259880629185342,0,
1001123_partial_1466730000,EUR_GBP,buy,0.01,0.76991,0.7837019370595091,2016-06-20 15:45:00+00:00,2016-06-24 01:00:00+00:00,13.791937059509095,0.0,0.7545856254894343,0,True
1001123_partial_1466735400,EUR_GBP,buy,0.01,0.76991,0.7959614366679616,2016-06-20 15:45:00+00:00,2016-06-24 02:30:00+00:00,26.05143666796161,0.0,0.7729748749021131,0,True
1001123_partial_1466736300,EUR_GBP,buy,0.01,0.76991,0.8066884988253576,2016-06-20 15:45:00+00:00,2016-06-24 02:45:00+00:00,36.77849882535766,0.0,0.7806370621573959,0,True
1001123,EUR_GBP,buy,0.009999999999999997,0.76991,0.8220128733359233,2016-06-20 15:45:00+00:00,2016-06-24 04:15:00+00:00,52.10287333592331,0.0,0.794428999216905,0,
1001127,EUR_GBP,buy,0.02,0.76762148,0.8419345601996586,2016-06-21 09:30:00+00:00,2016-07-05 06:30:00+00:00,148.62616039931729,0.0,0.8066884988253576,0,
1001056,AUD_CAD,sell,0.04,0.99073,0.9881575245095067,2016-04-18 20:30:00+00:00,2016-07-08 14:45:00+00:00,10.289901961973325,0.0,0.9881075245095067,0,
1001117_partial_1468611000,AUD_NZD,sell,0.02,1.0718332400000001,1.06352,2016-06-07 04:30:00+00:00,2016-07-15 19:30:00+00:00,16.62648000000022,0.0,1.081798618507222,0,True
1001146_partial_1468611000,EUR_GBP,buy,0.01,0.83393944,0.83751,2016-07-12 18:00:00+00:00,2016-07-15 19:30:00+00:00,3.5705600000000004,0.0,0.8137261415668935,0,True
1001117_partial_1469215800,AUD_NZD,sell,0.01,1.0718332400000001,1.06752,2016-06-07 04:30:00+00:00,2016-07-22 19:30:00+00:00,4.313240000000107,0.0,1.081798618507222,0,True
1001146_partial_1469215800,EUR_GBP,buy,0.01,0.83393944,0.83732,2016-07-12 18:00:00+00:00,2016-07-22 19:30:00+00:00,3.3805599999999774,0.0,0.8137261415668935,0,True
1001152_partial_1469215800,GBP_CAD,sell,0.01,1.71486,1.72258,2016-07-18 00:00:00+00:00,2016-07-22 19:30:00+00:00,-7.719999999999949,0.0,1.765498464146805,0,True
1001156_partial_1469215800,AUD_CAD,buy,0.02,0.97431864,0.98169,2016-07-20 21:00:00+00:00,2016-07-22 19:30:00+00:00,14.742719999999874,0.0,0.9582062228310794,0,True
1001156,AUD_CAD,buy,0.06,0.97431864,0.99157,2016-07-20 21:00:00+00:00,2016-07-29 19:30:00+00:00,103.5081599999996,0.0,0.9582062228310794,0,
1001161_partial_1470111300,EUR_AUD,buy,0.01,1.47443944,1.4855841542857142,2016-08-01 10:15:00+00:00,2016-08-02 04:15:00+00:00,11.144714285714175,0.0,1.4619508685714286,0,True
1001161,EUR_AUD,buy,0.13,1.47443944,1.476827154285714,2016-08-01 10:15:00+00:00,2016-08-02 11:00:00+00:00,31.040285714282636,0.0,1.4768771542857142,0,
1001165_partial_1470150900,AUD_CAD,buy,0.02,0.98617928,0.9960075345451793,2016-08-02 04:30:00+00:00,2016-08-02 15:15:00+00:00,19.656509090358654,0.0,0.9752589971720229,0,True
1001165_partial_1470401100,AUD_CAD,buy,0.06,0.98617928,1.0047437608075611,2016-08-02 04:30:00+00:00,2016-08-05 12:45:00+00:00,111.38688484536672,0.0,0.9883633365655954,0,True
1001117_partial_1470425400,AUD_NZD,sell,0.01,1.0718332400000001,1.06787,2016-06-07 04:30:00+00:00,2016-08-05 19:30:00+00:00,3.963240000000035,0.0,1.081798618507222,0,True
1001165,AUD_CAD,buy,0.08000000000000002,0.98617928,0.9937734779795839,2016-08-02 04:30:00+00:00,2016-08-12 15:30:00+00:00,60.753583836671524,0.0,0.9938234779795839,0,
1001167,AUD_CAD,buy,0.2,0.9918399999999999,0.9828989449565091,2016-08-15 02:15:00+00:00,2016-08-17 10:45:00+00:00,-178.8211008698171,0.0,0.9829489449565091,0,
1001164_partial_1471635000,EUR_AUD,sell,0.01,1.48483516,1.48601,2016-08-02 04:15:00+00:00,2016-08-19 19:30:00+00:00,-1.1748400000000103,0.0,1.511124099182764,0,True
1001164_partial_1472239800,EUR_AUD,sell,0.01,1.48483516,1.4805,2016-08-02 04:15:00+00:00,2016-08-26 19:30:00+00:00,4.335160000000116,0.0,1.511124099182764,0,True
1001164_partial_1472844600,EUR_AUD,sell,0.01,1.48483516,1.47395,2016-08-02 04:15:00+00:00,2016-09-02 19:30:00+00:00,10.88515999999995,0.0,1.511124099182764,0,True
1001180_partial_1473256800,AUD_CAD,buy,0.03,0.9836199999999999,0.9896968507072404,2016-09-05 00:00:00+00:00,2016-09-07 14:00:00+00:00,18.230552121721534,0.0,0.9768679436586216,0,True
1001180,AUD_CAD,buy,0.23,0.9836199999999999,0.9849204112682756,2016-09-05 00:00:00+00:00,2016-09-09 10:45:00+00:00,29.90945917033938,0.0,0.9849704112682756,0,
1001182,AUD_CAD,buy,0.12,0.99425164,0.98348,2016-09-08 10:15:00+00:00,2016-09-09 19:30:00+00:00,-129.25967999999963,0.0,0.9793003251031585,0,
1001164_partial_1473449400,EUR_AUD,sell,0.01,1.48483516,1.48717,2016-08-02 04:15:00+00:00,2016-09-09 19:30:00+00:00,-2.33484000000006,0.0,1.511124099182764,0,True
1001164,EUR_AUD,sell,0.009999999999999997,1.48483516,1.4955350114285713,2016-08-02 04:15:00+00:00,2016-09-12 07:00:00+00:00,-10.699851428571213,0.0,1.511124099182764,0,
1001183_partial_1474021800,AUD_CAD,buy,0.03,0.98375144,0.9899773687063192,2016-09-12 01:45:00+00:00,2016-09-16 10:30:00+00:00,18.67778611895765,0.0,0.9768337414374231,0,True
1001185_partial_1474054200,EUR_AUD,buy,0.02,1.48544,1.48957,2016-09-13 00:00:00+00:00,2016-09-16 19:30:00+00:00,8.259999999999934,0.0,1.4529631542683006,0,True
1001183_partial_1474293600,AUD_CAD,buy,0.09,0.98375144,0.9955115275563808,2016-09-12 01:45:00+00:00,2016-09-19 14:00:00+00:00,105.84078800742724,0.0,0.9851349797125154,0,True
1001183_partial_1474465500,AUD_CAD,buy,0.04,0.98375144,1.0003539165501847,2016-09-12 01:45:00+00:00,2016-09-21 13:45:00+00:00,66.40990620073862,0.0,0.9885938289938039,0,True
1001185_partial_1474659000,EUR_AUD,buy,0.01,1.48544,1.4746,2016-09-13 00:00:00+00:00,2016-09-23 19:30:00+00:00,-10.840000000000183,0.0,1.4529631542683006,0,True
1001183_partial_1474902000,AUD_CAD,buy,0.03,0.98375144,1.0072716151127616,2016-09-12 01:45:00+00:00,2016-09-26 15:00:00+00:00,70.56052533828482,0.0,0.9948197577001232,0,True
1001185,EUR_AUD,buy,0.029999999999999992,1.48544,1.46697,2016-09-13 00:00:00+00:00,2016-09-30 19:30:00+00:00,-55.40999999999994,0.0,1.4529631542683006,0,
1001183,AUD_CAD,buy,0.07,0.98375144,0.997536837125154,2016-09-12 01:45:00+00:00,2016-10-11 03:15:00+00:00,96.49777987607743,0.0,0.997586837125154,0,
1001117_partial_1476473400,AUD_NZD,sell,0.01,1.0718332400000001,1.07379,2016-06-07 04:30:00+00:00,2016-10-14 19:30:00+00:00,-1.9567599999998908,0.0,1.081798618507222,0,True
1001216_partial_1478624400,EUR_AUD,sell,0.01,1.4433189199999998,1.427187717701125,2016-11-07 02:15:00+00:00,2016-11-08 17:00:00+00:00,16.13120229887488,0.0,1.4613480336654165,0,True
1001216,EUR_AUD,sell,0.060000000000000005,1.4433189199999998,1.4398230972669168,2016-11-07 02:15:00+00:00,2016-11-09 02:00:00+00:00,20.974936398498123,0.0,1.4397730972669167,0,
1001220,EUR_AUD,sell,0.06,1.45622,1.4830169486877154,2016-11-09 02:15:00+00:00,2016-11-09 04:45:00+00:00,-160.78169212629186,0.0,1.4829669486877153,0,
1001222_partial_1478892600,EUR_AUD,sell,0.01,1.43863,1.43758,2016-11-11 02:00:00+00:00,2016-11-11 19:30:00+00:00,1.0499999999999954,0.0,1.49580526102452,0,True
1001223,AUD_CAD,buy,0.13,1.0245700000000002,1.0117672964488502,2016-11-14 07:45:00+00:00,2016-11-16 07:30:00+00:00,-166.43514616494983,0.0,1.0118172964488503,0,
1001225_partial_1479497400,AUD_CAD,buy,0.04,0.9926391600000001,0.99171,2016-11-18 16:00:00+00:00,2016-11-18 19:30:00+00:00,-3.716640000000382,0.0,0.9781343440623682,0,True
1001225,AUD_CAD,buy,0.07999999999999999,0.9926391600000001,1.0061,2016-11-18 16:00:00+00:00,2016-11-25 19:30:00+00:00,107.68671999999931,0.0,0.9781343440623682,0,
1001230_partial_1480600800,AUD_CAD,sell,0.01,1.0004234799999998,0.9892034921976359,2016-11-30 10:45:00+00:00,2016-12-01 14:00:00+00:00,11.219987802363883,0.0,1.0129956886692932,0,True
1001230_partial_1481494500,AUD_CAD,sell,0.04,1.0004234799999998,0.9791857252622013,2016-11-30 10:45:00+00:00,2016-12-11 22:15:00+00:00,84.95101895119417,0.0,0.9979690382661413,0,True
1001230_partial_1482232500,AUD_CAD,sell,0.02,1.0004234799999998,0.9704201791936959,2016-11-30 10:45:00+00:00,2016-12-20 11:15:00+00:00,60.00660161260774,0.0,0.9917079339314946,0,True
1001230,AUD_CAD,sell,0.05,1.0004234799999998,0.9804879461291306,2016-11-30 10:45:00+00:00,2017-01-11 17:30:00+00:00,99.67766935434607,0.0,0.9804379461291306,0,
1001222,EUR_AUD,sell,0.01,1.43863,1.3871722650779321,2016-11-11 02:00:00+00:00,2017-02-10 15:00:00+00:00,51.45773492206795,0.0,1.49580526102452,0,
1001265_partial_1488244500,AUD_CAD,buy,0.02,1.0061,1.012967886930865,2017-02-27 00:00:00+00:00,2017-02-28 01:15:00+00:00,13.735773861729859,0.0,0.9984690145212611,0,True
1001265_partial_1488302100,AUD_CAD,buy,0.08,1.0061,1.0190726753138561,2017-02-27 00:00:00+00:00,2017-02-28 17:15:00+00:00,103.78140251084922,0.0,1.0076261970957479,0,True
1001265_partial_1488394800,AUD_CAD,buy,0.03,1.0061,1.0244143651489732,2017-02-27 00:00:00+00:00,2017-03-01 19:00:00+00:00,54.943095446919656,0.0,1.0114416898351173,0,True
1001265,AUD_CAD,buy,0.1,1.0061,1.018259576765982,2017-02-27 00:00:00+00:00,2017-03-02 09:30:00+00:00,121.59576765982118,0.0,1.0183095767659822,0,
1001117,AUD_NZD,sell,0.00999999999999999,1.0718332400000001,1.07831,2016-06-07 04:30:00+00:00,2017-03-03 19:30:00+00:00,-6.476759999999963,0.0,1.081798618507222,0,
1001274,EUR_AUD,sell,0.08,1.40385416,1.41756,2017-03-09 08:30:00+00:00,2017-03-10 19:30:00+00:00,-109.64671999999887,0.0,1.4257217460275677,0,
1001295,EUR_AUD,sell,0.08,1.3878928799999999,1.4102091706587652,2017-03-20 17:45:00+00:00,2017-03-22 01:30:00+00:00,-178.53032527012223,0.0,1.410159170658765,0,
1001299_partial_1490868000,AUD_NZD,buy,0.01,1.08133,1.0930427378598668,2017-03-27 00:45:00+00:00,2017-03-30 10:00:00+00:00,11.71273785986693,0.0,1.06831584682237,0,True
1001298_partial_1490988600,AUD_CAD,buy,0.07,1.0189700000000002,1.01644,2017-03-27 10:15:00+00:00,2017-03-31 19:30:00+00:00,-17.710000000001003,0.0,1.0108033283910351,0,True
1001299,AUD_NZD,buy,0.13999999999999999,1.08133,1.0838828306355257,2017-03-27 00:45:00+00:00,2017-04-03 21:30:00+00:00,35.739628897361264,0.0,1.0839328306355258,0,
1001298,AUD_CAD,buy,0.15,1.0189700000000002,1.010753328391035,2017-03-27 10:15:00+00:00,2017-04-07 01:15:00+00:00,-123.25007413447663,0.0,1.0108033283910351,0,
1001311_partial_1491593400,EUR_AUD,sell,0.03,1.41558392,1.4121,2017-04-06 02:00:00+00:00,2017-04-07 19:30:00+00:00,10.451760000000254,0.0,1.4354384500577384,0,True
1001311_partial_1492198200,EUR_AUD,sell,0.02,1.41558392,1.40134,2017-04-06 02:00:00+00:00,2017-04-14 19:30:00+00:00,28.487839999999935,0.0,1.4354384500577384,0,True
1001311_partial_1492803000,EUR_AUD,sell,0.01,1.41558392,1.41855,2017-04-06 02:00:00+00:00,2017-04-21 19:30:00+00:00,-2.966079999999982,0.0,1.4354384500577384,0,True
1001321_partial_1492803000,AUD_NZD,buy,0.05,1.07407052,1.07246,2017-04-18 09:30:00+00:00,2017-04-21 19:30:00+00:00,-8.052600000000298,0.0,1.0612998564078724,0,True
1001311,EUR_AUD,sell,0.029999999999999992,1.41558392,1.43927,2017-04-06 02:00:00+00:00,2017-04-23 22:00:00+00:00,-71.05824000000014,0.0,1.4354384500577384,0,
1001152,GBP_CAD,sell,0.01,1.71486,1.765548464146805,2016-07-18 00:00:00+00:00,2017-04-28 07:15:00+00:00,-50.68846414680505,0.0,1.765498464146805,0,
1001321_partial_1494012600,AUD_NZD,buy,0.03,1.07407052,1.07236,2017-04-18 09:30:00+00:00,2017-05-05 19:30:00+00:00,-5.131560000000145,0.0,1.0612998564078724,0,True
1001321,AUD_NZD,buy,0.08,1.07407052,1.0612498564078723,2017-04-18 09:30:00+00:00,2017-05-10 17:00:00+00:00,-102.56530873702195,0.0,1.0612998564078724,0,
1001336_partial_1494617400,AUD_NZD,buy,0.03,1.07694,1.07761,2017-05-11 00:00:00+00:00,2017-05-12 19:30:00+00:00,2.0099999999998452,0.0,1.0614734418177925,0,True
1001336_partial_1495222200,AUD_NZD,buy,0.02,1.07694,1.07501,2017-05-11 00:00:00+00:00,2017-05-19 19:30:00+00:00,-3.8599999999999746,0.0,1.0614734418177925,0,True
1001336,AUD_NZD,buy,0.039999999999999994,1.07694,1.0614234418177924,2017-05-11 00:00:00+00:00,2017-05-25 12:00:00+00:00,-62.0662327288306,0.0,1.0614734418177925,0,
1001359_partial_1497641400,AUD_CAD,buy,0.04,1.0048,1.00772,2017-06-12 18:00:00+00:00,2017-06-16 19:30:00+00:00,11.680000000000135,0.0,0.9928211732542787,0,True
1001359_partial_1498246200,AUD_CAD,buy,0.03,1.0048,1.00428,2017-06-12 18:00:00+00:00,2017-06-23 19:30:00+00:00,-1.5599999999995617,0.0,0.9928211732542787,0,True
1001359,AUD_CAD,buy,0.06,1.0048,0.9927711732542787,2017-06-12 18:00:00+00:00,2017-06-28 10:30:00+00:00,-72.17296047432751,0.0,0.9928211732542787,0,
1001376_partial_1499455800,AUD_NZD,sell,0.06,1.04661416,1.0442,2017-07-03 01:30:00+00:00,2017-07-07 19:30:00+00:00,14.484960000000322,0.0,1.05609460774762,0,True
1001376,AUD_NZD,sell,0.14,1.04661416,1.0561446077476202,2017-07-03 01:30:00+00:00,2017-07-11 14:30:00+00:00,-133.42626846668185,0.0,1.05609460774762,0,
1001389,AUD_NZD,sell,0.11,1.06822456,1.080009673862798,2017-07-17 22:45:00+00:00,2017-07-18 10:15:00+00:00,-129.63625249077816,0.0,1.079959673862798,0,
1001399,GBP_CAD,sell,0.06,1.64906,1.66770964610354,2017-07-31 14:45:00+00:00,2017-08-03 06:15:00+00:00,-111.89787662124084,0.0,1.66765964610354,0,
1001405_partial_1502479800,GBP_CAD,sell,0.01,1.6526,1.65088,2017-08-07 07:15:00+00:00,2017-08-11 19:30:00+00:00,1.720000000000166,0.0,1.6781668740490894,0,True
1001416_partial_1503689400,AUD_CAD,sell,0.02,0.99748,0.9906,2017-08-21 00:00:00+00:00,2017-08-25 19:30:00+00:00,13.759999999999993,0.0,1.0107680241635413,0,True
1001416_partial_1504294200,AUD_CAD,sell,0.01,0.99748,0.98704,2017-08-21 00:00:00+00:00,2017-09-01 19:30:00+00:00,10.440000000000005,0.0,1.0107680241635413,0,True
1001427_partial_1504899000,AUD_CAD,buy,0.05,0.97241648,0.97878,2017-09-06 14:00:00+00:00,2017-09-08 19:30:00+00:00,31.81759999999978,0.0,0.9623229872202236,0,True
1001405_partial_1505503800,GBP_CAD,sell,0.01,1.6526,1.65412,2017-08-07 07:15:00+00:00,2017-09-15 19:30:00+00:00,-1.5199999999999658,0.0,1.6781668740490894,0,True
1001427_partial_1505503800,AUD_CAD,buy,0.04,0.97241648,0.97522,2017-09-06 14:00:00+00:00,2017-09-15 19:30:00+00:00,11.214079999999793,0.0,0.9623229872202236,0,True
1001405,GBP_CAD,sell,0.009999999999999997,1.6526,1.66932,2017-08-07 07:15:00+00:00,2017-09-22 19:30:00+00:00,-16.71999999999984,0.0,1.6781668740490894,0,
1001432,AUD_NZD,buy,0.04,1.09584,1.08716,2017-09-18 02:00:00+00:00,2017-09-22 19:30:00+00:00,-34.720000000000084,0.0,1.0794061515997795,0,
1001427,AUD_CAD,buy,0.09,0.97241648,0.98266,2017-09-06 14:00:00+00:00,2017-09-22 19:30:00+00:00,92.19167999999954,0.0,0.9623229872202236,0,
1001416_partial_1508527800,AUD_CAD,sell,0.01,0.99748,0.98662,2017-08-21 00:00:00+00:00,2017-10-20 19:30:00+00:00,10.859999999999982,0.0,1.0107680241635413,0,True
1001460_partial_1510342200,AUD_NZD,buy,0.01,1.1078999999999999,1.10576,2017-11-06 00:00:00+00:00,2017-11-10 19:30:00+00:00,-2.1399999999998087,0.0,1.0901158034118368,0,True
1000877_partial_1510947000,NZD_CAD,buy,0.01,0.86094448,0.87032,2015-11-17 05:30:00+00:00,2017-11-17 19:30:00+00:00,9.375519999999971,0.0,0.8439570093383332,0,True
1001460_partial_1510947000,AUD_NZD,buy,0.01,1.1078999999999999,1.11016,2017-11-06 00:00:00+00:00,2017-11-17 19:30:00+00:00,2.2600000000001508,0.0,1.0901158034118368,0,True
1000877_partial_1511551800,NZD_CAD,buy,0.01,0.86094448,0.87442,2015-11-17 05:30:00+00:00,2017-11-24 19:30:00+00:00,13.475519999999962,0.0,0.8439570093383332,0,True
1001460_partial_1511551800,AUD_NZD,buy,0.01,1.1078999999999999,1.10715,2017-11-06 00:00:00+00:00,2017-11-24 19:30:00+00:00,-0.7499999999998065,0.0,1.0901158034118368,0,True
1000877_partial_1512156600,NZD_CAD,buy,0.01,0.86094448,0.87522,2015-11-17 05:30:00+00:00,2017-12-01 19:30:00+00:00,14.275519999999986,0.0,0.8439570093383332,0,True
1001472_partial_1512708300,GBP_CAD,buy,0.01,1.7082,1.734362355120427,2017-12-04 07:00:00+00:00,2017-12-08 04:45:00+00:00,26.162355120427083,0.0,1.6791307165328588,0,True
1001460,AUD_NZD,buy,0.009999999999999997,1.1078999999999999,1.0969,2017-11-06 00:00:00+00:00,2017-12-08 19:30:00+00:00,-10.999999999999893,0.0,1.0901158034118368,0,
1001472,GBP_CAD,buy,0.01,1.7082,1.713963856693428,2017-12-04 07:00:00+00:00,2017-12-11 10:00:00+00:00,5.76385669342816,0.0,1.7140138566934282,0,
1001416_partial_1515785400,AUD_CAD,sell,0.01,0.99748,0.98778,2017-08-21 00:00:00+00:00,2018-01-12 19:30:00+00:00,9.700000000000042,0.0,1.0107680241635413,0,True
1001495_partial_1516693500,AUD_NZD,sell,0.01,1.0981,1.0889855223645228,2018-01-22 00:00:00+00:00,2018-01-23 07:45:00+00:00,9.114477635477236,0.0,1.1082271973727527,0,True
1001495,AUD_NZD,sell,0.049999999999999996,1.0981,1.0961245605254497,2018-01-22 00:00:00+00:00,2018-01-24 21:45:00+00:00,9.877197372751834,0.0,1.0960745605254496,0,
1001515_partial_1520019000,AUD_NZD,sell,0.02,1.07564,1.07261,2018-02-26 00:00:00+00:00,2018-03-02 19:30:00+00:00,6.059999999999732,0.0,1.0858549395734447,0,True
1001518_partial_1520265600,GBP_CAD,buy,0.01,1.77824,1.7981245591133086,2018-03-05 00:00:00+00:00,2018-03-05 16:00:00+00:00,19.88455911330855,0.0,1.7561460454296571,0,True
1001416,AUD_CAD,sell,0.00999999999999999,0.99748,1.0108180241635414,2017-08-21 00:00:00+00:00,2018-03-06 12:00:00+00:00,-13.338024163541338,0.0,1.0107680241635413,0,
1001518,GBP_CAD,buy,0.03,1.77824,1.7826087909140684,2018-03-05 00:00:00+00:00,2018-03-08 19:45:00+00:00,13.106372742205162,0.0,1.7826587909140685,0,
1001515_partial_1520623800,AUD_NZD,sell,0.01,1.07564,1.07676,2018-02-26 00:00:00+00:00,2018-03-09 19:30:00+00:00,-1.1200000000000099,0.0,1.0858549395734447,0,True
1001524_partial_1520947800,GBP_CAD,buy,0.01,1.77784728,1.7931018504113614,2018-03-12 08:00:00+00:00,2018-03-13 13:30:00+00:00,15.254570411361357,0.0,1.7607922017651538,0,True
1001524_partial_1520955900,GBP_CAD,buy,0.02,1.77784728,1.8067059129992382,2018-03-12 08:00:00+00:00,2018-03-13 15:45:00+00:00,57.71726599847638,0.0,1.7811982956469692,0,True
1001524_partial_1521122400,GBP_CAD,buy,0.01,1.77784728,1.8186094677636306,2018-03-12 08:00:00+00:00,2018-03-15 14:00:00+00:00,40.76218776363061,0.0,1.7897008347643921,0,True
1001515_partial_1521228600,AUD_NZD,sell,0.01,1.07564,1.06962,2018-02-26 00:00:00+00:00,2018-03-16 19:30:00+00:00,6.019999999999915,0.0,1.0858549395734447,0,True
1001532,AUD_CAD,buy,0.09,0.9964803999999999,0.99192,2018-03-22 08:45:00+00:00,2018-03-23 19:30:00+00:00,-41.043599999999174,0.0,0.9872161847927919,0,
1001524,GBP_CAD,buy,0.01,1.77784728,1.8049554051757535,2018-03-12 08:00:00+00:00,2018-04-03 12:30:00+00:00,27.108125175753454,0.0,1.8050054051757536,0,
1001544_partial_1523647800,GBP_CAD,buy,0.01,1.79425,1.79598,2018-04-09 16:00:00+00:00,2018-04-13 19:30:00+00:00,1.7300000000000093,0.0,1.7669325211597477,0,True
1001544_partial_1524252600,GBP_CAD,buy,0.01,1.79425,1.78742,2018-04-09 16:00:00+00:00,2018-04-20 19:30:00+00:00,-6.829999999999892,0.0,1.7669325211597477,0,True
1001544,GBP_CAD,buy,0.019999999999999997,1.79425,1.76812,2018-04-09 16:00:00+00:00,2018-04-27 19:30:00+00:00,-52.259999999999955,0.0,1.7669325211597477,0,
1001515_partial_1524857400,AUD_NZD,sell,0.01,1.07564,1.06893,2018-02-26 00:00:00+00:00,2018-04-27 19:30:00+00:00,6.709999999999994,0.0,1.0858549395734447,0,True
1001515_partial_1525462200,AUD_NZD,sell,0.01,1.07564,1.07344,2018-02-26 00:00:00+00:00,2018-05-04 19:30:00+00:00,2.1999999999999797,0.0,1.0858549395734447,0,True
1001515,AUD_NZD,sell,0.009999999999999997,1.07564,1.08251,2018-02-26 00:00:00+00:00,2018-05-11 19:30:00+00:00,-6.870000000000151,0.0,1.0858549395734447,0,
1001574,AUD_CAD,sell,0.1,0.96774132,0.9755399048894793,2018-05-21 04:30:00+00:00,2018-05-24 13:15:00+00:00,-77.98584889479265,0.0,0.9754899048894793,0,
1001584,GBP_CAD,sell,0.03,1.7262469999999999,1.7428360604020567,2018-06-04 07:45:00+00:00,2018-06-05 14:00:00+00:00,-49.767181206170626,0.0,1.7427860604020566,0,
1001596_partial_1529656200,AUD_CAD,buy,0.01,0.9769758399999999,0.9858417146496712,2018-06-18 23:30:00+00:00,2018-06-22 08:30:00+00:00,8.865874649671257,0.0,0.9671248681670319,0,True
1001596,AUD_CAD,buy,0.04,0.9769758399999999,0.9788960343665936,2018-06-18 23:30:00+00:00,2018-06-27 16:30:00+00:00,7.680777466374523,0.0,0.9789460343665936,0,
1001613_partial_1531510200,AUD_CAD,sell,0.01,0.97866,0.9756,2018-07-09 15:15:00+00:00,2018-07-13 19:30:00+00:00,3.0599999999999516,0.0,0.9908099542781782,0,True
1001613_partial_1532115000,AUD_CAD,sell,0.01,0.97866,0.97498,2018-07-09 15:15:00+00:00,2018-07-20 19:30:00+00:00,3.680000000000017,0.0,0.9908099542781782,0,True
1001649,AUD_NZD,buy,0.05,1.0968300000000002,1.08646,2018-08-27 13:30:00+00:00,2018-08-31 19:30:00+00:00,-51.85000000000106,0.0,1.0823678600162792,0,
1001669_partial_1538163000,AUD_NZD,buy,0.02,1.09155,1.09003,2018-09-24 09:30:00+00:00,2018-09-28 19:30:00+00:00,-3.0399999999999316,0.0,1.08295173516894,0,True
1001668_partial_1538163000,GBP_CAD,sell,0.01,1.69952,1.68445,2018-09-24 10:15:00+00:00,2018-09-28 19:30:00+00:00,15.069999999999917,0.0,1.7204848678192002,0,True
1000877,NZD_CAD,buy,0.009999999999999997,0.86094448,0.8439070093383332,2015-11-17 05:30:00+00:00,2018-10-02 11:00:00+00:00,-17.037470661666823,0.0,0.8439570093383332,0,
1001669_partial_1538767800,AUD_NZD,buy,0.01,1.09155,1.09471,2018-09-24 09:30:00+00:00,2018-10-05 19:30:00+00:00,3.1600000000000517,0.0,1.08295173516894,0,True
1001668,GBP_CAD,sell,0.01,1.69952,1.7205348678192003,2018-09-24 10:15:00+00:00,2018-10-10 18:15:00+00:00,-21.01486781920037,0.0,1.7204848678192002,0,
1001669_partial_1539372600,AUD_NZD,buy,0.01,1.09155,1.09284,2018-09-24 09:30:00+00:00,2018-10-12 19:30:00+00:00,1.2900000000000134,0.0,1.08295173516894,0,True
1001669,AUD_NZD,buy,0.03,1.09155,1.0829017351689398,2018-09-24 09:30:00+00:00,2018-10-15 21:45:00+00:00,-25.94479449318054,0.0,1.08295173516894,0,
1001689_partial_1539977400,NZD_CAD,sell,0.01,0.85667308,0.86386,2018-10-18 09:45:00+00:00,2018-10-19 19:30:00+00:00,-7.1869199999999855,0.0,0.873150190955476,0,True
1001690,GBP_CAD,sell,0.01,1.69847,1.6723041950921196,2018-10-22 13:00:00+00:00,2018-10-24 17:00:00+00:00,26.16580490788034,0.0,1.7276486721198672,0,
1001689_partial_1540582200,NZD_CAD,sell,0.01,0.85667308,0.85396,2018-10-18 09:45:00+00:00,2018-10-26 19:30:00+00:00,2.7130799999999233,0.0,0.873150190955476,0,True
1001689,NZD_CAD,sell,0.019999999999999997,0.85667308,0.873200190955476,2018-10-18 09:45:00+00:00,2018-11-02 04:45:00+00:00,-33.054221910951966,0.0,0.873150190955476,0,
1001710,GBP_CAD,buy,0.01,1.69470984,1.7148535803018718,2018-11-12 10:00:00+00:00,2018-11-13 14:00:00+00:00,20.143740301871823,0.0,1.6723279063312535,0,
1001613_partial_1543606200,AUD_CAD,sell,0.01,0.97866,0.97076,2018-07-09 15:15:00+00:00,2018-11-30 19:30:00+00:00,7.900000000000017,0.0,0.9908099542781782,0,True
1001717,GBP_CAD,buy,0.01,1.6926700000000001,1.6709660171458507,2018-11-19 07:45:00+00:00,2018-12-12 06:30:00+00:00,-21.703982854149427,0.0,1.6710160171458508,0,
1001738_partial_1544815800,AUD_NZD,sell,0.01,1.04661416,1.0554,2018-12-10 06:00:00+00:00,2018-12-14 19:30:00+00:00,-8.785839999999823,0.0,1.087924001130774,0,True
1001738_partial_1545420600,AUD_NZD,sell,0.01,1.04661416,1.05017,2018-12-10 06:00:00+00:00,2018-12-21 19:30:00+00:00,-3.555839999999977,0.0,1.087924001130774,0,True
1001762,NZD_CAD,sell,0.01,0.90615,0.8948014145431851,2019-01-14 16:15:00+00:00,2019-01-17 10:00:00+00:00,11.34858545681494,0.0,0.918759539396461,0,
1001766,GBP_CAD,buy,0.01,1.71415,1.7317910262230605,2019-01-21 16:00:00+00:00,2019-01-23 11:00:00+00:00,17.641026223060408,0.0,1.6944433041965994,0,
1001738,AUD_NZD,sell,0.009999999999999997,1.04661416,1.06898,2018-12-10 06:00:00+00:00,2019-04-19 19:30:00+00:00,-22.365839999999963,0.0,1.087924001130774,0,
1001853_partial_1557516600,AUD_NZD,sell,0.01,1.06536708,1.06096,2019-05-08 02:00:00+00:00,2019-05-10 19:30:00+00:00,4.407080000000008,0.0,1.072578875626815,0,True
1001854,GBP_CAD,buy,0.01,1.7482199999999999,1.7267071120856825,2019-05-13 00:00:00+00:00,2019-05-15 17:45:00+00:00,-21.512887914317382,0.0,1.7267571120856826,0,
1001864,NZD_CAD,sell,0.02,0.87969,0.88432,2019-05-27 13:15:00+00:00,2019-05-31 19:30:00+00:00,-9.260000000000046,0.0,0.8875510286148868,0,
1001874_partial_1560231000,NZD_CAD,sell,0.01,0.88355,0.8741978531260782,2019-06-10 00:00:00+00:00,2019-06-11 05:30:00+00:00,9.352146873921718,0.0,0.8939412743043574,0,True
1001874,NZD_CAD,sell,0.01,0.88355,0.8815217451391284,2019-06-10 00:00:00+00:00,2019-07-18 13:45:00+00:00,2.028254860871548,0.0,0.8814717451391284,0,
1001893,NZD_CAD,buy,0.01,0.86308976,0.88296,2019-07-10 02:00:00+00:00,2019-07-19 19:30:00+00:00,19.870239999999928,0.0,0.8441189063480838,0,
1001905_partial_1564411500,GBP_CAD,sell,0.01,1.62866736,1.6108362084017842,2019-07-29 02:00:00+00:00,2019-07-29 14:45:00+00:00,17.831151598215687,0.0,1.6485853062202398,0,True
1001905,GBP_CAD,sell,0.01,1.62866736,1.624793770755952,2019-07-29 02:00:00+00:00,2019-08-22 12:45:00+00:00,3.8735892440477926,0.0,1.624743770755952,0,
1001853,AUD_NZD,sell,0.01,1.06536708,1.0726288756268152,2019-05-08 02:00:00+00:00,2019-09-13 01:00:00+00:00,-7.261795626815281,0.0,1.072578875626815,0,
1001929,GBP_CAD,sell,0.03,1.62564,1.642193740694847,2019-09-09 09:30:00+00:00,2019-09-13 08:30:00+00:00,-49.66122208454115,0.0,1.642143740694847,0,
1001935_partial_1568894400,NZD_CAD,sell,0.01,0.84462092,0.8377205204155735,2019-09-16 02:30:00+00:00,2019-09-19 12:00:00+00:00,6.900399584426452,0.0,0.8522880306493628,0,True
1001935_partial_1568990700,NZD_CAD,sell,0.01,0.84462092,0.8315868318960833,2019-09-16 02:30:00+00:00,2019-09-20 14:45:00+00:00,13.034088103916707,0.0,0.8430874978701275,0,True
1001935,NZD_CAD,sell,0.009999999999999997,0.84462092,0.839303942545446,2019-09-16 02:30:00+00:00,2019-09-25 02:00:00+00:00,5.316977454553949,0.0,0.839253942545446,0,
1001955_partial_1570217400,AUD_NZD,buy,0.01,1.07011052,1.07192,2019-10-02 13:30:00+00:00,2019-10-04 19:30:00+00:00,1.8094799999999192,0.0,1.0604857328318935,0,True
1001955_partial_1570822200,AUD_NZD,buy,0.01,1.07011052,1.07317,2019-10-02 13:30:00+00:00,2019-10-11 19:30:00+00:00,3.0594799999998923,0.0,1.0604857328318935,0,True
1001955_partial_1571427000,AUD_NZD,buy,0.01,1.07011052,1.07339,2019-10-02 13:30:00+00:00,2019-10-18 19:30:00+00:00,3.279480000000001,0.0,1.0604857328318935,0,True
1001966_partial_1571969700,NZD_CAD,sell,0.01,0.83832,0.8330453571428571,2019-10-21 01:00:00+00:00,2019-10-25 02:15:00+00:00,5.274642857142852,0.0,0.8441807142857143,0,True
1001966,NZD_CAD,sell,0.04,0.83832,0.8371978571428571,2019-10-21 01:00:00+00:00,2019-10-30 15:15:00+00:00,4.488571428571397,0.0,0.8371478571428571,0,
1001955,AUD_NZD,buy,0.009999999999999997,1.07011052,1.06408,2019-10-02 13:30:00+00:00,2019-11-15 19:30:00+00:00,-6.030520000000148,0.0,1.0604857328318935,0,
1002003_partial_1575298800,NZD_CAD,buy,0.01,0.8560536,0.8634824679615333,2019-12-02 02:00:00+00:00,2019-12-02 15:00:00+00:00,7.428867961533302,0.0,0.8476937467094074,0,True
1002001,GBP_CAD,buy,0.01,1.7176782400000001,1.7352845369229617,2019-12-02 11:45:00+00:00,2019-12-04 12:15:00+00:00,17.606296922961562,0.0,1.6980101323078205,0,
1002003_partial_1575641700,NZD_CAD,buy,0.01,0.8560536,0.8701303505940072,2019-12-02 02:00:00+00:00,2019-12-06 14:15:00+00:00,14.07675059400726,0.0,0.8576655706581184,0,True
1002003,NZD_CAD,buy,0.009999999999999997,0.8560536,0.8617704973034147,2019-12-02 02:00:00+00:00,2019-12-18 18:00:00+00:00,5.716897303414734,0.0,0.8618204973034147,0,
1002035_partial_1578375900,AUD_NZD,sell,0.01,1.0421876399999999,1.0382773599845363,2020-01-06 01:45:00+00:00,2020-01-07 05:45:00+00:00,3.9102800154635635,0.0,1.0466379511282928,0,True
1002035_partial_1578395700,AUD_NZD,sell,0.03,1.0421876399999999,1.034757111081902,2020-01-06 01:45:00+00:00,2020-01-07 11:15:00+00:00,22.29158675429343,0.0,1.0413575777743413,0,True
1002035,AUD_NZD,sell,0.06000000000000001,1.0421876399999999,1.039207422210195,2020-01-06 01:45:00+00:00,2020-01-10 00:30:00+00:00,17.881306738829043,0.0,1.039157422210195,0,
1002042_partial_1579289400,AUD_NZD,sell,0.03,1.0396651199999998,1.03967,2020-01-13 03:45:00+00:00,2020-01-17 19:30:00+00:00,-0.01464000000095389,0.0,1.0459298965188362,0,True
1002042_partial_1580499000,AUD_NZD,sell,0.02,1.0396651199999998,1.03537,2020-01-13 03:45:00+00:00,2020-01-31 19:30:00+00:00,8.59023999999975,0.0,1.0459298965188362,0,True
1002042,AUD_NZD,sell,0.039999999999999994,1.0396651199999998,1.043,2020-01-13 03:45:00+00:00,2020-02-07 19:30:00+00:00,-13.339520000000602,0.0,1.0459298965188362,0,
1002066_partial_1581708600,GBP_CAD,buy,0.01,1.71373048,1.72702,2020-02-10 07:15:00+00:00,2020-02-14 19:30:00+00:00,13.289520000000053,0.0,1.6875066756184813,0,True
1002085,AUD_NZD,sell,0.14,1.04459,1.0504025351977524,2020-03-02 10:30:00+00:00,2020-03-03 15:00:00+00:00,-81.37549276853484,0.0,1.0503525351977523,0,
1002090_partial_1583719200,AUD_NZD,sell,0.01,1.04760008,1.0402830581268205,2020-03-09 01:45:00+00:00,2020-03-09 02:00:00+00:00,7.317021873179508,0.0,1.0557301043035328,0,True
1002090_partial_1583855100,AUD_NZD,sell,0.03,1.04760008,1.0337790386839945,2020-03-09 01:45:00+00:00,2020-03-10 15:45:00+00:00,41.46312394801676,0.0,1.0459740751392934,0,True
1002090_partial_1584007200,AUD_NZD,sell,0.01,1.04760008,1.0280880216715216,2020-03-09 01:45:00+00:00,2020-03-12 10:00:00+00:00,19.512058328478467,0.0,1.0419090629875272,0,True
1002090_partial_1584114300,AUD_NZD,sell,0.01,1.04760008,1.0199579973679889,2020-03-09 01:45:00+00:00,2020-03-13 15:45:00+00:00,27.642082632011174,0.0,1.0345920411143477,0,True
1002066,GBP_CAD,buy,0.01,1.71373048,1.6874566756184812,2020-02-10 07:15:00+00:00,2020-03-18 16:45:00+00:00,-26.273804381518715,0.0,1.6875066756184813,0,
1002095_partial_1584578700,NZD_CAD,sell,0.01,0.84723,0.8217176836541142,2020-03-16 15:00:00+00:00,2020-03-19 00:45:00+00:00,25.512316345885797,0.0,0.8755770181620953,0,True
1002095,NZD_CAD,sell,0.03,0.84723,0.841610596367581,2020-03-16 15:00:00+00:00,2020-03-19 14:15:00+00:00,16.85821089725725,0.0,0.841560596367581,0,
1002090,AUD_NZD,sell,0.020000000000000004,1.04760008,1.0313900313929347,2020-03-09 01:45:00+00:00,2020-03-31 14:45:00+00:00,32.42009721413064,0.0,1.0313400313929346,0,
1002107_partial_1585905300,NZD_CAD,sell,0.01,0.85228,0.8301176381336195,2020-03-30 13:15:00+00:00,2020-04-03 09:15:00+00:00,22.162361866380543,0.0,0.8769048465182007,0,True
1002107,NZD_CAD,sell,0.03,0.85228,0.8474050306963599,2020-03-30 13:15:00+00:00,2020-04-09 13:45:00+00:00,14.624907910920525,0.0,0.8473550306963599,0,
1002132_partial_1588361400,GBP_CAD,buy,0.01,1.7443,1.75846,2020-04-27 00:00:00+00:00,2020-05-01 19:30:00+00:00,14.15999999999995,0.0,1.7157449775349043,0,True
1002134_partial_1588361400,NZD_CAD,buy,0.02,0.84948,0.85138,2020-04-27 00:00:00+00:00,2020-05-01 19:30:00+00:00,3.8000000000000256,0.0,0.8344372050155477,0,True
1002132,GBP_CAD,buy,0.019999999999999997,1.7443,1.72815,2020-04-27 00:00:00+00:00,2020-05-08 19:30:00+00:00,-32.29999999999977,0.0,1.7157449775349043,0,
1002134_partial_1588966200,NZD_CAD,buy,0.01,0.84948,0.85444,2020-04-27 00:00:00+00:00,2020-05-08 19:30:00+00:00,4.9599999999999635,0.0,0.8344372050155477,0,True
1002139_partial_1588966200,AUD_NZD,buy,0.04,1.0618800000000002,1.06451,2020-05-04 11:45:00+00:00,2020-05-08 19:30:00+00:00,10.51999999999964,0.0,1.0504517011144503,0,True
1002134,NZD_CAD,buy,0.04,0.84948,0.83656,2020-04-27 00:00:00+00:00,2020-05-15 19:30:00+00:00,-51.68000000000016,0.0,0.8344372050155477,0,
1002148,AUD_NZD,sell,0.03,1.0753022,1.08197,2020-05-13 03:15:00+00:00,2020-05-15 19:30:00+00:00,-20.003400000000003,0.0,1.0865769267153085,0,
1002139_partial_1591385400,AUD_NZD,buy,0.02,1.0618800000000002,1.07086,2020-05-04 11:45:00+00:00,2020-06-05 19:30:00+00:00,17.959999999999532,0.0,1.0504517011144503,0,True
1002139_partial_1591990200,AUD_NZD,buy,0.02,1.0618800000000002,1.06484,2020-05-04 11:45:00+00:00,2020-06-12 19:30:00+00:00,5.919999999999703,0.0,1.0504517011144503,0,True
1002169,GBP_CAD,buy,0.06,1.70669628,1.6930612799999998,2020-06-15 07:15:00+00:00,2020-06-18 08:45:00+00:00,-81.81000000000172,0.0,1.6931112799999999,0,
1002139_partial_1592595000,AUD_NZD,buy,0.01,1.0618800000000002,1.06776,2020-05-04 11:45:00+00:00,2020-06-19 19:30:00+00:00,5.879999999999885,0.0,1.0504517011144503,0,True
1002139_partial_1593199800,AUD_NZD,buy,0.01,1.0618800000000002,1.06848,2020-05-04 11:45:00+00:00,2020-06-26 19:30:00+00:00,6.599999999999938,0.0,1.0504517011144503,0,True
1002178_partial_1593199800,NZD_CAD,sell,0.01,0.88200616,0.87745,2020-06-23 14:30:00+00:00,2020-06-26 19:30:00+00:00,4.556160000000031,0.0,0.8891725915125303,0,True
1002178,NZD_CAD,sell,0.04,0.88200616,0.88554,2020-06-23 14:30:00+00:00,2020-07-03 19:30:00+00:00,-14.13536000000004,0.0,0.8891725915125303,0,
1002139_partial_1593804600,AUD_NZD,buy,0.01,1.0618800000000002,1.06272,2020-05-04 11:45:00+00:00,2020-07-03 19:30:00+00:00,0.839999999999952,0.0,1.0504517011144503,0,True
1002209_partial_1596828600,NZD_CAD,buy,0.01,0.8825371599999999,0.88322,2020-08-04 15:15:00+00:00,2020-08-07 19:30:00+00:00,0.6828400000000734,0.0,0.8731387911013517,0,True
1002209,NZD_CAD,buy,0.04,0.8825371599999999,0.8730887911013517,2020-08-04 15:15:00+00:00,2020-08-12 02:00:00+00:00,-37.793475594592785,0.0,0.8731387911013517,0,
1002226_partial_1598643000,NZD_CAD,sell,0.01,0.8806892,0.88206,2020-08-28 14:00:00+00:00,2020-08-28 19:30:00+00:00,-1.3708000000000053,0.0,0.8950707853030632,0,True
1002226_partial_1599247800,NZD_CAD,sell,0.01,0.8806892,0.87814,2020-08-28 14:00:00+00:00,2020-09-04 19:30:00+00:00,2.549199999999918,0.0,0.8950707853030632,0,True
1002226,NZD_CAD,sell,0.009999999999999997,0.8806892,0.89282,2020-08-28 14:00:00+00:00,2020-09-18 19:30:00+00:00,-12.130799999999994,0.0,0.8950707853030632,0,
1002240,NZD_CAD,buy,0.04,0.88261,0.8728162468838273,2020-09-22 17:15:00+00:00,2020-09-24 11:30:00+00:00,-39.17501246469079,0.0,0.8728662468838273,0,
1002246_partial_1601667000,NZD_CAD,buy,0.01,0.88212872,0.88264,2020-09-29 13:15:00+00:00,2020-10-02 19:30:00+00:00,0.5112800000000028,0.0,0.8699848001177168,0,True
1002246,NZD_CAD,buy,0.01,0.88212872,0.8699348001177168,2020-09-29 13:15:00+00:00,2020-10-08 00:15:00+00:00,-12.193919882283133,0.0,0.8699848001177168,0,
1002256_partial_1603207800,GBP_CAD,sell,0.01,1.7135475599999999,1.7002108198812156,2020-10-19 08:30:00+00:00,2020-10-20 15:30:00+00:00,13.336740118784274,0.0,1.7283661601319824,0,True
1002256,GBP_CAD,sell,0.01,1.7135475599999999,1.7106338399736034,2020-10-19 08:30:00+00:00,2020-10-21 08:00:00+00:00,2.913720026396449,0.0,1.7105838399736033,0,
1002260_partial_1603481400,NZD_CAD,sell,0.01,0.87828544,0.87818,2020-10-22 17:15:00+00:00,2020-10-23 19:30:00+00:00,0.10544000000001219,0.0,0.8867528645050979,0,True
1002261_partial_1603896300,GBP_CAD,buy,0.01,1.7124144,1.7269626109761476,2020-10-26 07:15:00+00:00,2020-10-28 14:45:00+00:00,14.54821097614767,0.0,1.6962497211376135,0,True
1002260,NZD_CAD,sell,0.019999999999999997,0.87828544,0.8868028645050979,2020-10-22 17:15:00+00:00,2020-10-28 15:45:00+00:00,-17.034849010195916,0.0,0.8867528645050979,0,
1002261,GBP_CAD,buy,0.01,1.7124144,1.715597335772477,2020-10-26 07:15:00+00:00,2020-11-02 08:15:00+00:00,3.18293577247708,0.0,1.715647335772477,0,
1002270,GBP_CAD,buy,0.01,1.71222,1.7296908232815396,2020-11-09 08:30:00+00:00,2020-11-10 21:45:00+00:00,17.47082328153948,0.0,1.6928079741316229,0,
1002139,AUD_NZD,buy,0.009999999999999976,1.0618800000000002,1.05302,2020-05-04 11:45:00+00:00,2020-11-20 19:30:00+00:00,-8.860000000000067,0.0,1.0504517011144503,0,
1002288,GBP_CAD,buy,0.01,1.73317,1.7178220362962955,2020-11-30 05:00:00+00:00,2020-12-04 19:15:00+00:00,-15.347963703704613,0.0,1.7178720362962956,0,
1002295,AUD_NZD,sell,0.03,1.05136,1.05624,2020-12-03 09:00:00+00:00,2020-12-04 19:30:00+00:00,-14.639999999999986,0.0,1.0582979935874557,0,
1002302,AUD_NZD,sell,0.02,1.05212,1.0590728664465425,2020-12-08 14:15:00+00:00,2020-12-09 17:30:00+00:00,-13.905732893085165,0.0,1.0590228664465424,0,
1002311,NZD_CAD,buy,0.01,0.90730888,0.913077405062918,2020-12-21 08:15:00+00:00,2020-12-21 21:45:00+00:00,5.7685250629180285,0.0,0.9008994077078688,0,
1001146,EUR_GBP,buy,0.009999999999999997,0.83393944,0.89482,2016-07-12 18:00:00+00:00,2020-12-31 17:15:00+00:00,60.880559999999946,0.0,0.8137261415668935,0,
1001613,AUD_CAD,sell,0.009999999999999997,0.97866,0.98302,2018-07-09 15:15:00+00:00,2020-12-31 17:15:00+00:00,-4.360000000000029,0.0,0.9908099542781782,0,
