date,balance,equity,daily_hwm,open_trades,trading_halted
2023-01-05,60000.0,60058.529855979774,60000.0,1,False
2023-01-06,60000.0,59830.63696913125,60058.529855979774,2,False
2023-01-08,60000.0,59788.529278822774,60000.0,2,False
2023-01-09,60000.0,59706.502233254636,60000.0,3,False
2023-01-10,60000.0,59971.179587606865,60000.0,3,False
2023-01-11,60000.0,60384.479863355155,60000.0,3,False
2023-01-12,60000.0,60165.39605549081,60384.479863355155,4,False
2023-01-13,60000.0,59797.126624102704,60165.39605549081,5,False
2023-01-15,60000.0,59752.55777375169,60000.0,5,False
2023-01-16,59454.41,59672.22239949653,60000.0,4,False
2023-01-17,59454.41,59857.23504211269,59672.22239949653,4,False
2023-01-18,59454.41,59972.78749639346,59857.23504211269,4,False
2023-01-19,59454.41,59515.51505324524,59972.78749639346,5,False
2023-01-20,59645.4455,60074.502962278784,59515.51505324524,4,False
2023-01-22,59645.4455,60045.55510654729,60074.502962278784,4,False
2023-01-23,59645.4455,60328.167680291546,60045.55510654729,4,False
2023-01-24,59645.4455,60246.93111683707,60328.167680291546,5,False
2023-01-25,59645.4455,60705.82167422274,60246.93111683707,5,False
2023-01-26,59645.4455,60548.76535424363,60705.82167422274,5,False
2023-01-27,59645.4455,60338.61042831006,60548.76535424363,5,False
2023-01-29,59645.4455,60586.17058911425,60338.61042831006,7,False
2023-01-30,59645.4455,59830.55999925601,60586.17058911425,8,False
2023-01-31,59645.4455,60323.724507683866,59830.55999925601,9,False
2023-02-01,59105.1955,61586.64879425628,60323.724507683866,9,False
2023-02-02,59483.953,61440.576214241555,61586.64879425628,8,False
2023-02-03,58888.773,60785.349817818445,61440.576214241555,8,False
2023-02-05,58888.773,60308.581922507474,60785.349817818445,9,False
2023-02-06,58888.773,59946.882528356466,60308.581922507474,9,False
2023-02-07,58888.773,61194.45093096664,59946.882528356466,9,False
2023-02-08,58888.773,60564.22157586196,61194.45093096664,9,False
2023-02-09,57811.234803305146,57811.234803305146,57811.234803305146,0,True
2023-02-10,57811.234803305146,57863.27350366929,57811.234803305146,1,False
2023-02-12,57811.234803305146,57840.05453473987,57863.27350366929,1,False
2023-02-13,57811.234803305146,57967.86736370648,57840.05453473987,1,False
2023-02-14,57811.234803305146,57945.516393615544,57967.86736370648,1,False
2023-02-15,57811.234803305146,57755.78562251536,57945.516393615544,2,False
2023-02-16,57394.70480330515,57695.9167662005,57811.234803305146,2,False
2023-02-17,57394.70480330515,57621.5675858549,57695.9167662005,2,False
2023-02-19,57394.70480330515,57622.56775964801,57621.5675858549,2,False
2023-02-20,57394.70480330515,57605.75414350147,57622.56775964801,2,False
2023-02-21,57394.70480330515,57604.80425673535,57605.75414350147,3,False
2023-02-22,57394.70480330515,57560.515193570456,57604.80425673535,3,False
2023-02-23,57394.70480330515,57568.494434686414,57560.515193570456,3,False
2023-02-24,57394.70480330515,57481.294488431144,57568.494434686414,4,False
2023-02-26,57394.70480330515,57618.06165625421,57481.294488431144,5,False
2023-02-27,57394.70480330515,57649.19841231206,57618.06165625421,5,False
2023-02-28,57394.70480330515,57563.44389048238,57649.19841231206,5,False
2023-03-01,57394.70480330515,57579.03687652708,57563.44389048238,5,False
2023-03-02,57394.70480330515,57619.469114012194,57579.03687652708,5,False
2023-03-03,57832.641828305146,57978.629921440996,57619.469114012194,5,False
2023-03-05,57832.641828305146,57948.76616834982,57978.629921440996,5,False
2023-03-06,57832.641828305146,58015.51243119942,57948.76616834982,5,False
2023-03-07,57832.641828305146,57880.75165044858,58015.51243119942,5,False
2023-03-08,57832.641828305146,57910.65339349758,57880.75165044858,5,False
2023-03-09,57419.281828305146,57328.44912286214,57910.65339349758,4,False
2023-03-10,57003.311828305144,57067.51143862617,57419.281828305146,3,False
2023-03-12,57037.27711580514,61455.924891776056,57067.51143862617,15,False
2023-03-13,59106.3620657234,59106.3620657234,59106.3620657234,0,True
2023-03-14,58568.0120657234,65567.18624599936,59106.3620657234,19,False
2023-03-15,64249.94822822341,68659.43765853046,65567.18624599936,7,False
2023-03-16,65688.33177822341,68348.0450844643,68659.43765853046,12,False
2023-03-17,65688.33177822341,67234.81585686679,68348.0450844643,13,False
2023-03-19,65688.33177822341,67408.11953092321,67234.81585686679,16,False
2023-03-20,67542.4132532234,67669.47220290323,67408.11953092321,15,False
2023-03-21,67542.4132532234,71811.43961047035,67669.47220290323,17,False
2023-03-22,68310.0438157234,71715.63648700296,71811.43961047035,18,False
2023-03-23,68310.0438157234,70105.46791559404,71715.63648700296,21,False
2023-03-24,68310.0438157234,70953.80459319304,70105.46791559404,21,False
2023-03-26,68310.0438157234,69424.61694224385,70953.80459319304,22,False
2023-03-27,70244.2449032234,71762.05628657351,69424.61694224385,23,False
2023-03-28,69931.55151106587,69931.55151106587,69931.55151106587,0,True
2023-03-29,69931.55151106587,69939.82509728518,69931.55151106587,2,False
2023-03-30,69931.55151106587,70718.51425915107,69939.82509728518,4,False
2023-03-31,69931.55151106587,70025.88146289167,70718.51425915107,4,False
2023-04-02,69232.34151106587,70931.51483010355,70025.88146289167,9,False
2023-04-03,70919.34643606587,72260.02804600533,70931.51483010355,7,False
2023-04-04,70919.34643606587,74142.46935959366,72260.02804600533,11,False
2023-04-05,70723.38193606587,71839.93322496251,74142.46935959366,10,False
2023-04-06,70723.38193606587,72841.7456903845,71839.93322496251,11,False
2023-04-07,71442.59998606586,73131.51325999852,72841.7456903845,11,False
2023-04-09,71442.59998606586,73091.32988717404,73131.51325999852,14,False
2023-04-10,69929.50998606587,72726.05204344977,73091.32988717404,16,False
2023-04-11,70208.10248606587,74811.18164012133,72726.05204344977,16,False
2023-04-12,71050.36473606587,78039.85273224248,74811.18164012133,21,False
2023-04-13,72050.33733606586,77855.44429704627,78039.85273224248,22,False
2023-04-14,72050.33733606586,78647.84389407375,77855.44429704627,22,False
2023-04-16,72050.33733606586,79176.60101197154,78647.84389407375,24,False
2023-04-17,72083.00616106586,78034.81176250326,79176.60101197154,22,False
2023-04-18,72083.00616106586,78284.42599381272,78034.81176250326,24,False
2023-04-19,72353.69616106586,78548.75333987005,78284.42599381272,26,False
2023-04-20,73159.44666106587,78133.92081477227,78548.75333987005,28,False
2023-04-21,75124.17126106587,80529.40876049241,78133.92081477227,27,False
2023-04-23,75124.17126106587,80862.50232439817,80529.40876049241,27,False
2023-04-24,75124.17126106587,84486.89025426187,80862.50232439817,30,False
2023-04-25,82608.36916651635,82608.36916651635,82608.36916651635,0,True
2023-04-26,82608.36916651635,82863.29444791382,82608.36916651635,1,False
2023-04-27,82608.36916651635,80456.54798989622,82863.29444791382,11,False
2023-04-28,81623.26916651634,86722.53621344801,82608.36916651635,10,False
2023-04-30,81623.26916651634,87067.19077751916,86722.53621344801,10,False
2023-05-01,81623.26916651634,93082.71014320178,87067.19077751916,20,False
2023-05-02,92796.07004710396,92796.07004710396,92796.07004710396,0,True
2023-05-03,92796.07004710396,94758.16956547531,92796.07004710396,4,False
2023-05-04,92796.07004710396,99209.93354033327,94758.16956547531,15,False
2023-05-05,95037.68726599208,95037.68726599208,95037.68726599208,0,True
2023-05-07,95037.68726599208,95184.27861011915,95037.68726599208,1,False
2023-05-08,95037.68726599208,95009.55834298508,95184.27861011915,1,False
2023-05-09,95037.68726599208,95111.47849881329,95037.68726599208,1,False
2023-05-10,95037.68726599208,95075.92936922723,95111.47849881329,5,False
2023-05-11,95037.68726599208,94996.5642935912,95075.92936922723,8,False
2023-05-12,94002.14726599208,94903.00393090417,95037.68726599208,7,False
2023-05-14,94002.14726599208,94699.63029797036,94903.00393090417,9,False
2023-05-15,94002.14726599208,94778.17034005736,94699.63029797036,9,False
2023-05-16,94002.14726599208,93044.73133581002,94778.17034005736,10,False
2023-05-17,94002.14726599208,93822.13374623856,94002.14726599208,10,False
2023-05-18,94002.14726599208,92837.57603794576,94002.14726599208,10,False
2023-05-19,94002.14726599208,92805.65289043818,94002.14726599208,10,False
2023-05-21,94002.14726599208,92859.06402044378,94002.14726599208,10,False
2023-05-22,92130.55726599209,93505.90485828118,94002.14726599208,8,False
2023-05-23,91211.91726599209,96407.31340727197,93505.90485828118,25,False
2023-05-24,90738.4972659921,98326.35445099903,96407.31340727197,21,False
2023-05-25,90738.4972659921,101116.02432806212,98326.35445099903,21,False
2023-05-26,90738.4972659921,103316.09860102391,101116.02432806212,21,False
2023-05-28,88934.65726599211,102458.27787503024,103316.09860102391,20,False
2023-05-29,88934.65726599211,102035.92060585678,102458.27787503024,21,False
2023-05-30,94300.4686784921,102233.72170692329,102035.92060585678,19,False
2023-05-31,95011.6571784921,100754.20490608917,102233.72170692329,19,False
2023-06-01,97310.7962534921,102075.73145986685,100754.20490608917,18,False
2023-06-02,96054.34525349211,102167.43483056796,102075.73145986685,16,False
2023-06-04,96054.34525349211,102422.7063564373,102167.43483056796,16,False
2023-06-05,100222.94509458795,100222.94509458795,100222.94509458795,0,True
2023-06-06,99453.11959458796,99453.11959458796,100222.94509458795,0,False
2023-06-07,99453.11959458796,98393.09471012714,99453.11959458796,3,False
2023-06-08,99453.11959458796,100751.29217791714,99453.11959458796,5,False
2023-06-09,99453.11959458796,100350.49106728601,100751.29217791714,5,False
2023-06-11,99453.11959458796,102847.8748967959,100350.49106728601,9,False
2023-06-12,98384.32732574992,98384.32732574992,98384.32732574992,0,True
2023-06-13,98384.32732574992,98039.74938200202,98384.32732574992,5,False
2023-06-14,98384.32732574992,99819.9327774836,98384.32732574992,9,False
2023-06-15,97401.10732574992,99727.36391603066,99819.9327774836,9,False
2023-06-16,97401.10732574992,99538.2978992287,99727.36391603066,10,False
2023-06-18,97401.10732574992,99452.40509213028,99538.2978992287,11,False
2023-06-19,98418.01180074993,98922.28584795832,99452.40509213028,13,False
2023-06-20,97452.50180074993,99852.94180249472,98922.28584795832,16,False
2023-06-21,96777.80330074993,101374.30328475036,99852.94180249472,16,False
2023-06-22,96777.80330074993,103842.02873440745,101374.30328475036,19,False
2023-06-23,96860.93203824993,105356.53628599449,103842.02873440745,17,False
2023-06-25,96860.93203824993,105300.11205633887,105356.53628599449,23,False
2023-06-26,96860.93203824993,105414.41981282076,105300.11205633887,25,False
2023-06-27,95897.51203824993,104647.44173048064,105414.41981282076,26,False
2023-06-28,98718.32493824993,105935.66892901853,104647.44173048064,25,False
2023-06-29,97752.80493824993,105443.21212345705,105935.66892901853,29,False
2023-06-30,97752.80493824993,107408.51824095416,105443.21212345705,30,False
2023-07-02,97752.80493824993,107702.54150535575,107408.51824095416,32,False
2023-07-03,97752.80493824993,109806.78621508912,107702.54150535575,37,False
2023-07-04,99096.01776324993,108449.02282600061,109806.78621508912,35,False
2023-07-05,99096.01776324993,112959.05440189649,108449.02282600061,44,False
2023-07-06,102254.71416324991,116716.4007898426,112959.05440189649,49,False
2023-07-07,103373.49173824991,112062.82752956904,116716.4007898426,45,False
2023-07-09,103373.49173824991,112862.02194747415,112062.82752956904,49,False
2023-07-10,106773.2625257499,113930.9313254354,112862.02194747415,49,False
2023-07-11,101128.03252574989,112556.15662049672,113930.9313254354,44,False
2023-07-12,102360.57330074991,112007.8984319441,112556.15662049672,35,False
2023-07-13,100000.7586007499,111579.34719106898,112007.8984319441,29,False
2023-07-14,106596.2014632499,112669.1648587294,111579.34719106898,26,False
2023-07-16,107599.6797257499,112778.00414795509,112669.1648587294,27,False
2023-07-17,105672.9197257499,114512.5936698389,112778.00414795509,28,False
2023-07-18,105685.0253382499,115954.22151658223,114512.5936698389,29,False
2023-07-19,106921.94315074991,116733.32566165019,115954.22151658223,30,False
2023-07-20,114111.35315028703,114111.35315028703,114111.35315028703,0,True
2023-07-21,114111.35315028703,113926.8166188666,114111.35315028703,1,False
2023-07-23,114111.35315028703,116317.89011373327,114111.35315028703,6,False
2023-07-24,114111.35315028703,118479.91348325119,116317.89011373327,15,False
2023-07-25,114111.35315028703,116980.90593195324,118479.91348325119,19,False
2023-07-26,114515.48615028703,124458.9102384391,116980.90593195324,29,False
2023-07-27,119600.92161555147,119600.92161555147,119600.92161555147,0,True
2023-07-28,119600.92161555147,119600.92161555147,119600.92161555147,0,False
2023-07-30,119600.92161555147,120179.40023321717,119600.92161555147,3,False
2023-07-31,120415.65911555148,122513.8208093998,120179.40023321717,5,False
2023-08-01,117446.01867169503,117446.01867169503,117446.01867169503,0,True
2023-08-02,117446.01867169503,118205.35876950333,117446.01867169503,4,False
2023-08-03,117446.01867169503,118128.43324255737,118205.35876950333,5,False
2023-08-04,117446.01867169503,116852.39585321653,118128.43324255737,5,False
2023-08-06,117446.01867169503,117052.55511518834,117446.01867169503,5,False
2023-08-07,117446.01867169503,118974.76214522735,117446.01867169503,5,False
2023-08-08,115576.51867169503,117231.75513163673,118974.76214522735,3,False
2023-08-09,115576.51867169503,116903.87165960298,117231.75513163673,6,False
2023-08-10,115576.51867169503,118685.20476810195,116903.87165960298,6,False
2023-08-11,115576.51867169503,118453.73181499129,118685.20476810195,6,False
2023-08-13,115576.51867169503,119492.5994372489,118453.73181499129,9,False
2023-08-14,114502.36867169503,118744.47352742628,119492.5994372489,10,False
2023-08-15,115694.29182169503,118584.51282581173,118744.47352742628,9,False
2023-08-16,113387.43182169503,117274.09945235013,118584.51282581173,7,False
2023-08-17,114565.12563419504,118133.41514458557,117274.09945235013,8,False
2023-08-18,113127.42563419504,117284.41246718401,118133.41514458557,7,False
2023-08-20,113127.42563419504,116268.80715851004,117284.41246718401,9,False
2023-08-21,111894.86563419504,117692.88268309378,116268.80715851004,9,False
2023-08-22,111894.86563419504,118284.80127086636,117692.88268309378,14,False
2023-08-23,114550.29794669505,119941.81527031862,118284.80127086636,17,False
2023-08-24,115983.70448419504,120120.14469255801,119941.81527031862,20,False
2023-08-25,115983.70448419504,121737.94582085901,120120.14469255801,20,False
2023-08-27,115983.70448419504,122543.41702460955,121737.94582085901,21,False
2023-08-28,115983.70448419504,124258.18425632725,122543.41702460955,24,False
2023-08-29,117203.35878419504,126912.61267092795,124258.18425632725,29,False
2023-08-30,118459.33678419504,134831.79424209072,126912.61267092795,33,False
2023-08-31,130085.42889522994,130085.42889522994,130085.42889522994,0,True
2023-09-01,130085.42889522994,130085.42889522994,130085.42889522994,0,False
2023-09-03,130085.42889522994,130256.55913941642,130085.42889522994,1,False
2023-09-04,130085.42889522994,128281.18221109781,130256.55913941642,10,False
2023-09-05,130085.42889522994,131114.8736787319,130085.42889522994,11,False
2023-09-06,130085.42889522994,132641.50193697296,131114.8736787319,11,False
2023-09-07,130085.42889522994,132712.59587192288,132641.50193697296,15,False
2023-09-08,127560.8164277839,127560.8164277839,127560.8164277839,0,True
2023-09-10,127560.8164277839,127464.07328402906,127560.8164277839,2,False
2023-09-11,125034.99642778389,125163.59113235134,127560.8164277839,3,False
2023-09-12,125034.99642778389,125358.38165573246,125163.59113235134,6,False
2023-09-13,125034.99642778389,124947.81591972923,125358.38165573246,13,False
2023-09-14,119897.0964277839,122413.93682941434,125034.99642778389,9,False
2023-09-15,119897.0964277839,121541.01877546207,122413.93682941434,9,False
2023-09-17,119897.0964277839,121590.72011252087,121541.01877546207,9,False
2023-09-18,121194.81967778389,120572.77971331042,121590.72011252087,9,False
2023-09-19,121194.81967778389,121061.51007181815,121194.81967778389,10,False
2023-09-20,119950.01967778389,123066.3210817526,121194.81967778389,13,False
2023-09-21,121250.75284028388,124283.24508181609,123066.3210817526,15,False
2023-09-22,121676.92284028388,121931.31256335907,124283.24508181609,14,False
2023-09-24,121676.92284028388,122739.73182173798,121931.31256335907,14,False
2023-09-25,119419.55284028388,121094.81422423493,122739.73182173798,12,False
2023-09-26,119419.55284028388,123100.45996699283,121094.81422423493,15,False
2023-09-27,121302.85954028388,126464.12303054324,123100.45996699283,19,False
2023-09-28,122104.8028381368,122104.8028381368,122104.8028381368,0,True
2023-09-29,122524.81733813681,122524.81733813681,122104.8028381368,0,False
2023-10-01,122524.81733813681,124026.18516987603,122524.81733813681,4,False
2023-10-02,122524.81733813681,127767.77695676529,124026.18516987603,14,False
2023-10-03,120907.31714928574,120907.31714928574,120907.31714928574,0,True
2023-10-04,120907.31714928574,122056.81510412652,120907.31714928574,2,False
2023-10-05,120907.31714928574,118469.02372876945,122056.81510412652,8,False
2023-10-06,122162.63943678574,122818.76721786222,120907.31714928574,8,False
2023-10-08,122162.63943678574,123821.05737875965,122818.76721786222,14,False
2023-10-09,122162.63943678574,120929.52358643322,123821.05737875965,17,False
2023-10-10,120960.22943678574,123118.39868391077,122162.63943678574,23,False
2023-10-11,121402.15093678574,128603.17724845355,123118.39868391077,29,False
2023-10-12,119122.78093678574,131048.19889373612,128603.17724845355,30,False
2023-10-13,122193.56603678573,131362.19129934575,131048.19889373612,30,False
2023-10-15,122193.56603678573,131551.3586857753,131362.19129934575,30,False
2023-10-16,123455.03399928573,135950.03312712442,131551.3586857753,32,False
2023-10-17,126070.25829928574,135319.2295158696,135950.03312712442,35,False
2023-10-18,126614.28999928574,135039.24364943444,135319.2295158696,32,False
2023-10-19,124153.70999928574,134300.59196481714,135039.24364943444,30,False
2023-10-20,124153.70999928574,137483.65301256435,134300.59196481714,30,False
2023-10-22,124153.70999928574,137429.60211776433,137483.65301256435,30,False
2023-10-23,122883.77999928575,140419.82239900244,137429.60211776433,31,False
2023-10-24,138734.26597080386,138734.26597080386,138734.26597080386,0,True
2023-10-25,138734.26597080386,138650.26617043017,138734.26597080386,1,False
2023-10-26,138734.26597080386,138359.50715924127,138734.26597080386,3,False
2023-10-27,137078.66597080385,136970.4148113999,138734.26597080386,2,False
2023-10-29,137078.66597080385,138345.7143581445,137078.66597080385,5,False
2023-10-30,137078.66597080385,137918.9939783171,138345.7143581445,9,False
2023-10-31,137473.19497080386,138053.184997942,137918.9939783171,9,False
2023-11-01,136110.19497080386,137269.69519444753,138053.184997942,13,False
2023-11-02,136110.19497080386,140404.5521743868,137269.69519444753,20,False
2023-11-03,135707.95681596943,135707.95681596943,135707.95681596943,0,True
2023-11-05,135707.95681596943,135707.95681596943,135707.95681596943,0,False
2023-11-06,135707.95681596943,135707.95681596943,135707.95681596943,0,False
2023-11-07,135707.95681596943,135860.35625220445,135707.95681596943,1,False
2023-11-08,135707.95681596943,135951.55630930324,135860.35625220445,1,False
2023-11-09,135707.95681596943,136850.5589751982,135951.55630930324,2,False
2023-11-10,135707.95681596943,137188.73824265413,136850.5589751982,2,False
2023-11-12,135707.95681596943,136877.87164629425,137188.73824265413,2,False
2023-11-13,135707.95681596943,136887.78895629925,136877.87164629425,2,False
2023-11-14,136180.72081596943,136227.84563525123,136887.78895629925,3,False
2023-11-15,136180.72081596943,137260.57747015194,136227.84563525123,3,False
2023-11-16,135303.91031596944,135692.00496012953,137260.57747015194,4,False
2023-11-17,135773.99531596943,136246.26851180388,135692.00496012953,3,False
2023-11-19,135773.99531596943,137606.42085036507,136246.26851180388,3,False
2023-11-20,135773.99531596943,137443.14333325523,137606.42085036507,3,False
2023-11-21,135773.99531596943,134796.24625534998,137443.14333325523,3,False
2023-11-22,135773.99531596943,137028.86399960442,135773.99531596943,3,False
2023-11-23,135773.99531596943,136755.9878344499,137028.86399960442,3,False
2023-11-24,135773.99531596943,137477.4549024193,136755.9878344499,3,False
2023-11-26,135773.99531596943,136163.631397201,137477.4549024193,3,False
2023-11-27,135789.36392846942,136238.92543769203,136163.631397201,1,False
2023-11-28,135789.36392846942,136481.43130115632,136238.92543769203,1,False
2023-11-29,135789.36392846942,136490.19459983605,136481.43130115632,1,False
2023-11-30,135789.36392846942,136433.6426583561,136490.19459983605,1,False
2023-12-01,135789.36392846942,138480.75028088497,136433.6426583561,3,False
2023-12-03,135789.36392846942,139105.081266075,138480.75028088497,3,False
2023-12-04,135789.36392846942,138660.79843497067,139105.081266075,4,False
2023-12-05,139208.05802846942,141481.4539157394,138660.79843497067,8,False
2023-12-06,139208.05802846942,138980.1347039352,141481.4539157394,8,False
2023-12-07,139208.05802846942,141100.81868117183,139208.05802846942,8,False
2023-12-08,136357.15802846942,140855.98869846194,141100.81868117183,7,False
2023-12-10,136357.15802846942,141183.7088087667,140855.98869846194,7,False
2023-12-11,137848.48052846943,140574.8663762354,141183.7088087667,6,False
2023-12-12,140919.90221596943,141513.86970316942,140574.8663762354,4,False
2023-12-13,140919.90221596943,147251.5351771238,141513.86970316942,5,False
2023-12-14,144350.69771596944,148866.4215192267,147251.5351771238,4,False
2023-12-15,144350.69771596944,147440.89276059033,148866.4215192267,4,False
2023-12-17,144350.69771596944,147067.86231996337,147440.89276059033,4,False
2023-12-18,147781.90631596945,148897.89652870438,147067.86231996337,3,False
2023-12-19,147781.90631596945,149421.8031005989,148897.89652870438,3,False
2023-12-20,147781.90631596945,148976.1360579527,149421.8031005989,4,False
2023-12-21,147781.90631596945,150790.46441310988,148976.1360579527,4,False
2023-12-22,147781.90631596945,150529.90552087428,150790.46441310988,4,False
2023-12-24,147781.90631596945,148483.88010873756,150529.90552087428,4,False
2023-12-25,147781.90631596945,150374.04864886473,148483.88010873756,4,False
2023-12-26,147781.90631596945,150852.5337321605,150374.04864886473,5,False
2023-12-27,147781.90631596945,152459.50882722466,150852.5337321605,5,False
2023-12-28,147781.90631596945,150290.8998467528,152459.50882722466,5,False
2023-12-29,147781.90631596945,149242.09880692072,150290.8998467528,5,False
2023-12-31,147781.90631596945,148380.0350157784,149242.09880692072,5,False
2024-01-01,147781.90631596945,151202.95306577766,148380.0350157784,5,False
2024-01-02,151112.87212846946,150574.77031982018,151202.95306577766,5,False
2024-01-03,153739.68567846945,151716.86869544978,151112.87212846946,4,False
2024-01-04,151959.06567846946,151298.71501833713,153739.68567846945,3,False
2024-01-05,150204.84567846946,151050.34496303802,151959.06567846946,2,False
2024-01-07,150204.84567846946,150939.4881916876,151050.34496303802,2,False
2024-01-08,147728.52567846948,148461.49336336486,150939.4881916876,1,False
2024-01-09,147728.52567846948,148514.0362614115,148461.49336336486,1,False
2024-01-10,147728.52567846948,149236.51072813052,148514.0362614115,1,False
2024-01-11,147728.52567846948,149353.22601899144,149236.51072813052,1,False
2024-01-12,149337.01452846947,150024.67768091257,149353.22601899144,2,False
2024-01-14,147801.85452846947,148908.2016654621,150024.67768091257,1,False
2024-01-15,147801.85452846947,149045.61885815338,148908.2016654621,1,False
2024-01-16,147801.85452846947,149315.09386793518,149045.61885815338,1,False
2024-01-17,147801.85452846947,148012.7806270742,149315.09386793518,3,False
2024-01-18,147801.85452846947,149259.70718456036,148012.7806270742,3,False
2024-01-19,147801.85452846947,149461.8414557195,149259.70718456036,3,False
2024-01-21,147801.85452846947,149089.12425225202,149461.8414557195,3,False
2024-01-22,148019.6353909695,148875.29490470001,149089.12425225202,2,False
2024-01-23,148019.6353909695,148458.404623718,148875.29490470001,2,False
2024-01-24,148019.6353909695,148222.1345421916,148458.404623718,3,False
2024-01-25,148019.6353909695,148823.77458626463,148222.1345421916,4,False
2024-01-26,148019.6353909695,148913.92160837157,148823.77458626463,5,False
2024-01-28,148019.6353909695,149501.02862494305,148913.92160837157,5,False
2024-01-29,148019.6353909695,151962.41227923718,149501.02862494305,5,False
2024-01-30,148019.6353909695,151673.806451542,151962.41227923718,5,False
2024-01-31,148019.6353909695,149212.2869209665,151673.806451542,5,False
2024-02-01,148531.0878909695,152228.4669410892,149212.2869209665,5,False
2024-02-02,149042.79589096952,150401.49521901784,152228.4669410892,4,False
2024-02-04,149042.79589096952,150410.94059090732,150401.49521901784,4,False
2024-02-05,149042.79589096952,149037.18218451718,150410.94059090732,4,False
2024-02-06,149042.79589096952,150080.40119471875,149042.79589096952,4,False
2024-02-07,149042.79589096952,151385.84822234913,150080.40119471875,5,False
2024-02-08,149042.79589096952,152692.32057770842,151385.84822234913,5,False
2024-02-09,152598.63919096952,155706.50830146388,152692.32057770842,4,False
2024-02-11,152598.63919096952,156380.35117931195,155706.50830146388,4,False
2024-02-12,156552.54079096954,157493.91761414625,156380.35117931195,3,False
2024-02-13,156552.54079096954,156198.4959204959,157493.91761414625,5,False
2024-02-14,156552.54079096954,159448.01225793728,156552.54079096954,5,False
2024-02-15,156552.54079096954,161227.9594827651,159448.01225793728,6,False
2024-02-16,154678.49079096955,159842.10038252443,161227.9594827651,5,False
2024-02-18,154678.49079096955,160529.2041634879,159842.10038252443,5,False
2024-02-19,154678.49079096955,159089.44025040665,160529.2041634879,5,False
2024-02-20,154678.49079096955,158492.13852176315,159089.44025040665,5,False
2024-02-21,154678.49079096955,159022.4624321776,158492.13852176315,5,False
2024-02-22,154678.49079096955,160952.86178546006,159022.4624321776,6,False
2024-02-23,154678.49079096955,161185.56625235104,160952.86178546006,6,False
2024-02-25,158233.50789096954,162213.4008704508,161185.56625235104,5,False
2024-02-26,158233.50789096954,161731.88014861115,162213.4008704508,6,False
2024-02-27,158233.50789096954,162688.65308493865,161731.88014861115,6,False
2024-02-28,162257.39349096955,164325.25510459827,162688.65308493865,6,False
2024-02-29,162257.39349096955,166832.70046847136,164325.25510459827,6,False
2024-03-01,162257.39349096955,169939.03344921922,166832.70046847136,6,False
2024-03-03,165668.60766596955,165668.60766596955,165668.60766596955,0,True
2024-03-04,165668.60766596955,165668.60766596955,165668.60766596955,0,False
2024-03-05,165668.60766596955,166108.6799959767,165668.60766596955,1,False
2024-03-06,165668.60766596955,166365.29903096863,166108.6799959767,1,False
2024-03-07,165668.60766596955,167589.47712223482,166365.29903096863,2,False
2024-03-08,165668.60766596955,166326.29773860791,167589.47712223482,3,False
2024-03-10,165668.60766596955,166210.0297206101,166326.29773860791,8,False
2024-03-11,165668.60766596955,167107.35425409905,166210.0297206101,15,False
2024-03-12,165668.60766596955,171496.11116807282,167107.35425409905,17,False
2024-03-13,162939.98493710617,162939.98493710617,162939.98493710617,0,True
2024-03-14,162939.98493710617,162151.40469133394,162939.98493710617,9,False
2024-03-15,164062.74643710617,165519.5564906583,162939.98493710617,10,False
2024-03-17,164062.74643710617,164477.37009581848,165519.5564906583,14,False
2024-03-18,159028.16643710615,165293.48455788605,164477.37009581848,20,False
2024-03-19,158042.32293710616,170848.28287993988,165293.48455788605,23,False
2024-03-20,156651.94447460616,175137.97566134238,170848.28287993988,32,False
2024-03-21,165407.41934960615,174336.28907368676,175137.97566134238,23,False
2024-03-22,173087.74286210613,171926.98953007354,174336.28907368676,19,False
2024-03-24,173087.74286210613,172729.9178420266,173087.74286210613,21,False
2024-03-25,173087.74286210613,175342.83894355292,173087.74286210613,22,False
2024-03-26,175751.98746210613,176802.49697346758,175342.83894355292,21,False
2024-03-27,169076.56746210612,175304.3326507167,176802.49697346758,20,False
2024-03-28,165785.59696210612,175268.38969306406,175304.3326507167,18,False
2024-03-29,165785.59696210612,174001.24332575285,175268.38969306406,18,False
2024-03-31,165785.59696210612,179599.3031795686,174001.24332575285,20,False
2024-04-01,165285.01546210612,177740.27625964518,179599.3031795686,20,False
2024-04-02,163565.85546210612,175807.69283565908,177740.27625964518,30,False
2024-04-03,168407.5924371061,176397.80029646188,175807.69283565908,26,False
2024-04-04,168317.2226621061,171611.56407575076,176397.80029646188,28,False
2024-04-05,168014.6484121061,177255.66130373365,171611.56407575076,27,False
2024-04-07,168014.6484121061,180505.06992238914,177255.66130373365,30,False
2024-04-08,166913.6484121061,181726.98101560984,180505.06992238914,32,False
2024-04-09,178987.01222800594,178987.01222800594,178987.01222800594,0,True
2024-04-10,178987.01222800594,177911.62612048953,178987.01222800594,1,False
2024-04-11,178987.01222800594,183965.8947227713,178987.01222800594,5,False
2024-04-12,175670.36822800594,177064.7725640038,183965.8947227713,3,False
2024-04-14,173917.41822800593,178621.56440912903,177064.7725640038,7,False
2024-04-15,170974.8695367959,170974.8695367959,170974.8695367959,0,True
2024-04-16,170974.8695367959,170957.40958409704,170974.8695367959,1,False
2024-04-17,170974.8695367959,170659.54909111783,170974.8695367959,2,False
2024-04-18,170974.8695367959,173640.62580707265,170974.8695367959,9,False
2024-04-19,165706.98654346587,165706.98654346587,165706.98654346587,0,True
2024-04-21,165706.98654346587,166241.3678563507,165706.98654346587,4,False
2024-04-22,160972.67654346587,162730.08796876267,166241.3678563507,9,False
2024-04-23,161408.09954346588,162342.3809118227,162730.08796876267,13,False
2024-04-24,160294.7080434659,162200.93454953592,162342.3809118227,23,False
2024-04-25,160294.7080434659,160373.92434812966,162200.93454953592,26,False
2024-04-26,159896.7193059659,162263.8468137375,160373.92434812966,25,False
2024-04-28,159896.7193059659,170903.6359556236,162263.8468137375,33,False
2024-04-29,161904.9373309659,167685.68525470715,170903.6359556236,29,False
2024-04-30,162020.3623309659,201578.13083492464,167685.68525470715,44,False
2024-05-01,188822.14167315856,188822.14167315856,188822.14167315856,0,True
2024-05-02,188822.14167315856,191226.71008405057,188822.14167315856,7,False
2024-05-03,182952.95771286637,182952.95771286637,182952.95771286637,0,True
2024-05-05,182952.95771286637,182859.98187524022,182952.95771286637,1,False
2024-05-06,182952.95771286637,182377.6390442641,182952.95771286637,4,False
2024-05-07,182952.95771286637,183137.043278479,182952.95771286637,5,False
2024-05-08,182952.95771286637,183536.3779164188,183137.043278479,6,False
2024-05-09,182952.95771286637,187957.13096883925,183536.3779164188,8,False
2024-05-10,179328.28771286635,185614.91886430632,187957.13096883925,7,False
2024-05-12,179328.28771286635,186288.14776048565,185614.91886430632,8,False
2024-05-13,181235.63485036636,185530.360849974,186288.14776048565,7,False
2024-05-14,181235.63485036636,186688.87656759264,185530.360849974,9,False
2024-05-15,181235.63485036636,183114.3446472239,186688.87656759264,10,False
2024-05-16,181852.04485036636,183054.84108171143,183114.3446472239,9,False
2024-05-17,181852.04485036636,182621.52614047122,183054.84108171143,11,False
2024-05-19,181852.04485036636,184078.94771905334,182621.52614047122,13,False
2024-05-20,180053.30392536637,188267.42883791195,184078.94771905334,12,False
2024-05-21,178223.68392536638,189938.59979162604,188267.42883791195,17,False
2024-05-22,174361.56042536636,185791.5605745512,189938.59979162604,12,False
2024-05-23,174361.56042536636,184085.53007967546,185791.5605745512,14,False
2024-05-24,174361.56042536636,184438.641355665,184085.53007967546,14,False
2024-05-26,174361.56042536636,185076.29839206385,184438.641355665,14,False
2024-05-27,174361.56042536636,187209.7017575726,185076.29839206385,15,False
2024-05-28,174361.56042536636,187677.5312838077,187209.7017575726,18,False
2024-05-29,174361.56042536636,194837.1839928218,187677.5312838077,24,False
2024-05-30,192865.53709077198,192865.53709077198,192865.53709077198,0,True
2024-05-31,192865.53709077198,193557.190853919,192865.53709077198,1,False
2024-06-02,192865.53709077198,193768.14120605405,193557.190853919,8,False
2024-06-03,192865.53709077198,206194.97650716797,193768.14120605405,13,False
2024-06-04,199743.15517376843,199743.15517376843,199743.15517376843,0,True
2024-06-05,199743.15517376843,203118.9514726922,199743.15517376843,3,False
2024-06-06,197559.22517376844,209651.17103808498,203118.9514726922,13,False
2024-06-07,199550.2661239271,199550.2661239271,199550.2661239271,0,True
2024-06-09,199550.2661239271,200698.67400802785,199550.2661239271,2,False
2024-06-10,199550.2661239271,199010.1724989712,200698.67400802785,3,False
2024-06-11,195809.5761239271,193999.63499733215,199550.2661239271,6,False
2024-06-12,196417.1526239271,197720.8329235966,195809.5761239271,8,False
2024-06-13,188289.73937167146,188289.73937167146,188289.73937167146,0,True
2024-06-14,188289.73937167146,188289.73937167146,188289.73937167146,0,False
2024-06-16,188289.73937167146,188877.64417596374,188289.73937167146,1,False
2024-06-17,188289.73937167146,189970.99042411012,188877.64417596374,3,False
2024-06-18,188289.73937167146,189009.61893772992,189970.99042411012,4,False
2024-06-19,186417.22937167145,193083.25210008337,189009.61893772992,10,False
2024-06-20,184736.75684891103,184736.75684891103,184736.75684891103,0,True
2024-06-21,184736.75684891103,184736.75684891103,184736.75684891103,0,False
2024-06-23,184736.75684891103,185812.1231468546,184736.75684891103,2,False
2024-06-24,184736.75684891103,185076.00428206022,185812.1231468546,2,False
2024-06-25,184736.75684891103,185613.17340963273,185076.00428206022,3,False
2024-06-26,184736.75684891103,185861.42422917523,185613.17340963273,3,False
2024-06-27,184736.75684891103,185768.94137947634,185861.42422917523,6,False
2024-06-28,184736.75684891103,184883.31245588063,185768.94137947634,6,False
2024-06-30,182526.866848911,183451.6597062593,184883.31245588063,10,False
2024-07-01,182526.866848911,187448.5671231661,183451.6597062593,12,False
2024-07-02,182526.866848911,184615.4992839565,187448.5671231661,15,False
2024-07-03,181093.52034891103,190528.41835596543,184615.4992839565,14,False
2024-07-04,178889.81034891104,190411.84274734673,190528.41835596543,20,False
2024-07-05,178889.81034891104,199255.68785876158,190411.84274734673,20,False
2024-07-07,178889.81034891104,198043.49656152228,199255.68785876158,20,False
2024-07-08,185347.39688641104,198012.8749844476,198043.49656152228,17,False
2024-07-09,187646.97816141104,200751.65966942586,198012.8749844476,21,False
2024-07-10,190799.00453641106,220984.32001425413,200751.65966942586,30,False
2024-07-11,217057.6203371592,217057.6203371592,217057.6203371592,0,True
2024-07-12,217057.6203371592,217057.6203371592,217057.6203371592,0,False
2024-07-14,217057.6203371592,216723.23482230635,217057.6203371592,3,False
2024-07-15,214570.8503371592,213913.67094850025,217057.6203371592,3,False
2024-07-16,212432.9603371592,215512.06897806114,214570.8503371592,8,False
2024-07-17,210694.1093371592,214790.61751018304,215512.06897806114,8,False
2024-07-18,208592.2093371592,212789.0601307168,214790.61751018304,11,False
2024-07-19,208592.2093371592,210542.1090106787,212789.0601307168,11,False
2024-07-21,208592.2093371592,212484.47890996598,210542.1090106787,14,False
2024-07-22,205669.18414393422,205669.18414393422,205669.18414393422,0,True
2024-07-23,205669.18414393422,206377.921865089,205669.18414393422,1,False
2024-07-24,203633.0441439342,204625.20274283903,206377.921865089,3,False
2024-07-25,201584.4441439342,203154.11029566353,204625.20274283903,2,False
2024-07-26,203720.5276564342,204248.4039771505,203154.11029566353,2,False
2024-07-28,203720.5276564342,205816.50387962718,204248.4039771505,4,False
2024-07-29,203720.5276564342,209769.19641940133,205816.50387962718,7,False
2024-07-30,205176.4326564342,212639.74753907978,209769.19641940133,8,False
2024-07-31,203544.52903202933,203544.52903202933,203544.52903202933,0,True
2024-08-01,203544.52903202933,200384.62782823612,203544.52903202933,4,False
2024-08-02,199510.12903202933,202758.99036317083,203544.52903202933,3,False
2024-08-04,199510.12903202933,204378.71193629978,202758.99036317083,4,False
2024-08-05,207893.38821952933,213915.9912763233,204378.71193629978,6,False
2024-08-06,207893.38821952933,215075.49595895957,213915.9912763233,10,False
2024-08-07,208591.78571952932,215020.9364184041,215075.49595895957,12,False
2024-08-08,209280.25321952932,210098.32084651152,215020.9364184041,13,False
2024-08-09,209280.25321952932,210802.1642347122,210098.32084651152,14,False
2024-08-11,209280.25321952932,209439.54663431973,210802.1642347122,15,False
2024-08-12,209280.25321952932,210255.58648378373,209439.54663431973,18,False
2024-08-13,209280.25321952932,215744.9184339693,210255.58648378373,23,False
2024-08-14,209280.25321952932,223026.67991819404,215744.9184339693,28,False
2024-08-15,210830.78521952932,225741.29050066398,223026.67991819404,28,False
2024-08-16,213428.0652070293,227484.7952436215,225741.29050066398,28,False
2024-08-18,213428.0652070293,234173.34270092254,227484.7952436215,34,False
2024-08-19,226191.23680559776,226191.23680559776,226191.23680559776,0,True
2024-08-20,226191.23680559776,226629.3674216757,226191.23680559776,1,False
2024-08-21,226191.23680559776,226494.367231845,226629.3674216757,1,False
2024-08-22,226191.23680559776,228295.67086129237,226494.367231845,3,False
2024-08-23,226191.23680559776,225208.16993068042,228295.67086129237,3,False
2024-08-25,226191.23680559776,224383.66987249962,226191.23680559776,3,False
2024-08-26,226191.23680559776,226036.28561600434,226191.23680559776,4,False
2024-08-27,223728.40680559777,222449.53085159397,226191.23680559776,4,False
2024-08-28,223728.40680559777,224651.48122780785,223728.40680559777,5,False
2024-08-29,221255.63680559778,223968.4747961783,224651.48122780785,5,False
2024-08-30,221255.63680559778,224368.55811553236,223968.4747961783,6,False
2024-09-01,221255.63680559778,223794.92075577957,224368.55811553236,7,False
2024-09-02,221255.63680559778,234119.98018220902,223794.92075577957,16,False
2024-09-03,227015.2389691602,227015.2389691602,227015.2389691602,0,True
2024-09-04,227015.2389691602,226865.445983914,227015.2389691602,2,False
2024-09-05,227015.2389691602,232546.00144782406,227015.2389691602,16,False
2024-09-06,219588.6189691602,230708.8573915305,232546.00144782406,14,False
2024-09-08,219588.6189691602,232158.77732130713,230708.8573915305,17,False
2024-09-09,220441.9424691602,230315.34109510915,232158.77732130713,20,False
2024-09-10,220441.9424691602,236861.64332606606,230315.34109510915,25,False
2024-09-11,224803.6917941602,234369.94540234754,236861.64332606606,23,False
2024-09-12,234306.82573166015,244257.2386455028,234369.94540234754,20,False
2024-09-13,231645.02573166016,243276.44920235858,244257.2386455028,20,False
2024-09-15,231645.02573166016,246732.85214446354,243276.44920235858,21,False
2024-09-16,237203.13573166015,256866.4456528167,246732.85214446354,21,False
2024-09-17,235035.50573166015,251698.06551504316,256866.4456528167,24,False
2024-09-18,243151.72135666016,258317.14636962416,251698.06551504316,29,False
2024-09-19,233581.34135666018,253419.8341165441,258317.14636962416,25,False
2024-09-20,236394.84021916016,251755.4980913309,253419.8341165441,23,False
2024-09-22,236394.84021916016,251955.12711553575,251755.4980913309,27,False
2024-09-23,233027.13120666015,243782.19517672586,251955.12711553575,24,False
2024-09-24,223472.04120666016,242173.63425962187,243782.19517672586,23,False
2024-09-25,241908.6868090382,241908.6868090382,241908.6868090382,0,True
2024-09-26,241908.6868090382,242787.66218246345,241908.6868090382,3,False
2024-09-27,242771.83430903818,243052.2307847341,242787.66218246345,2,False
2024-09-29,242771.83430903818,242833.29721996083,243052.2307847341,2,False
2024-09-30,242771.83430903818,249100.01269907504,242833.29721996083,6,False
2024-10-01,247145.11030903817,248643.84050951022,249100.01269907504,3,False
2024-10-02,247145.11030903817,254115.00806865338,248643.84050951022,9,False
2024-10-03,248154.27280903817,247257.98292019346,254115.00806865338,11,False
2024-10-04,248154.27280903817,246630.71599229125,248154.27280903817,11,False
2024-10-06,248154.27280903817,248048.56711998786,248154.27280903817,14,False
2024-10-07,245742.87280903818,245608.96419226823,248154.27280903817,16,False
2024-10-08,245742.87280903818,245671.93539701178,245742.87280903818,16,False
2024-10-09,242436.2351215382,244201.9579473221,245742.87280903818,13,False
2024-10-10,242436.2351215382,247547.27048025408,244201.9579473221,13,False
2024-10-11,242436.2351215382,251380.8907622447,247547.27048025408,13,False
2024-10-13,242436.2351215382,249909.1441829224,251380.8907622447,13,False
2024-10-14,242436.2351215382,250830.19239207392,249909.1441829224,13,False
2024-10-15,242436.2351215382,247507.56793229387,250830.19239207392,14,False
2024-10-16,238185.7511215382,240824.57055709657,247507.56793229387,12,False
2024-10-17,238185.7511215382,246686.1303145834,240824.57055709657,12,False
2024-10-18,238185.7511215382,247897.55998418148,246686.1303145834,12,False
2024-10-20,238185.7511215382,247236.12737054445,247897.55998418148,14,False
2024-10-21,238185.7511215382,247770.44437215614,247236.12737054445,15,False
2024-10-22,238185.7511215382,254678.37626633892,247770.44437215614,18,False
2024-10-23,237956.65862153823,253703.410319638,254678.37626633892,17,False
2024-10-24,240895.80732153822,255377.05451988592,253703.410319638,16,False
2024-10-25,241657.50732153823,254529.35858346688,255377.05451988592,17,False
2024-10-27,241657.50732153823,258280.14467883532,254529.35858346688,17,False
2024-10-28,241657.50732153823,266517.2518912277,258280.14467883532,19,False
2024-10-29,239932.76732153824,274179.89634468616,266517.2518912277,20,False
2024-10-30,243731.79218403823,285593.0974437082,274179.89634468616,28,False
2024-10-31,281091.9369100306,281091.9369100306,281091.9369100306,0,True
2024-11-01,281091.9369100306,281347.88370626734,281091.9369100306,2,False
2024-11-03,281091.9369100306,281076.054261527,281347.88370626734,2,False
2024-11-04,281091.9369100306,280163.0731695973,281091.9369100306,2,False
2024-11-05,281091.9369100306,281905.4560519893,281091.9369100306,2,False
2024-11-06,278298.4369100306,285259.8486015527,281905.4560519893,4,False
2024-11-07,285060.8110100306,292131.81203509576,285259.8486015527,3,False
2024-11-08,291822.2860100306,293478.6891526084,292131.81203509576,2,False
2024-11-10,298623.2728100306,297002.6977157732,293478.6891526084,1,False
2024-11-11,295793.9028100306,295793.9028100306,298623.2728100306,0,False
2024-11-12,295793.9028100306,295793.9028100306,295793.9028100306,0,False
2024-11-13,295793.9028100306,295793.9028100306,295793.9028100306,0,False
2024-11-14,295793.9028100306,295793.9028100306,295793.9028100306,0,False
2024-11-15,295793.9028100306,295559.2917484625,295793.9028100306,1,False
2024-11-17,295793.9028100306,295865.4957766123,295793.9028100306,1,False
2024-11-18,295793.9028100306,296160.3238037163,295865.4957766123,1,False
2024-11-19,295793.9028100306,296931.9958746573,296160.3238037163,1,False
2024-11-20,295793.9028100306,296781.26386080025,296931.9958746573,1,False
2024-11-21,295793.9028100306,298646.917116045,296781.26386080025,2,False
2024-11-22,295793.9028100306,298734.0568656007,298646.917116045,2,False
2024-11-24,295793.9028100306,299450.1430459766,298734.0568656007,2,False
2024-11-25,299882.0659475306,301314.5130392177,299450.1430459766,1,False
2024-11-26,299882.0659475306,302517.2905639465,301314.5130392177,3,False
2024-11-27,299882.0659475306,304210.1993718304,302517.2905639465,3,False
2024-11-28,299882.0659475306,304437.7092352696,304210.1993718304,3,False
2024-11-29,299882.0659475306,301895.41573477275,304437.7092352696,3,False
2024-12-01,299882.0659475306,304943.51626506995,301895.41573477275,3,False
2024-12-02,299882.0659475306,304326.1320378491,304943.51626506995,3,False
2024-12-03,299882.0659475306,304747.9506078229,304326.1320378491,3,False
2024-12-04,299882.0659475306,306173.02387927775,304747.9506078229,3,False
2024-12-05,306707.1421725306,309711.6556895711,306173.02387927775,2,False
2024-12-06,306707.1421725306,310161.46307348355,309711.6556895711,2,False
2024-12-08,306707.1421725306,310496.929881383,310161.46307348355,2,False
2024-12-09,309250.2246725306,315414.44810728147,310496.929881383,4,False
2024-12-10,309250.2246725306,318672.1896408631,315414.44810728147,4,False
2024-12-11,309250.2246725306,320648.0532702647,318672.1896408631,4,False
2024-12-12,309250.2246725306,313302.81328307034,320648.0532702647,6,False
2024-12-13,313051.5830600306,310787.9529509802,313302.81328307034,6,False
2024-12-15,313051.5830600306,311479.2771304824,313051.5830600306,6,False
2024-12-16,313051.5830600306,311721.12089947204,313051.5830600306,6,False
2024-12-17,309354.3630600306,309723.0892546846,313051.5830600306,5,False
2024-12-18,309007.5065725306,307810.96632446954,309723.0892546846,1,False
2024-12-19,305943.8065725306,305943.8065725306,309007.5065725306,0,False
2024-12-20,305943.8065725306,305943.8065725306,305943.8065725306,0,False
2024-12-22,305943.8065725306,305943.8065725306,305943.8065725306,0,False
2024-12-23,305943.8065725306,305943.8065725306,305943.8065725306,0,False
2024-12-24,305943.8065725306,305943.8065725306,305943.8065725306,0,False
2024-12-25,305943.8065725306,305967.01318634185,305943.8065725306,1,False
2024-12-26,305943.8065725306,304670.08968485304,305967.01318634185,1,False
2024-12-27,305943.8065725306,303684.6740115404,305943.8065725306,2,False
2024-12-29,305943.8065725306,303287.63341551245,305943.8065725306,2,False
2024-12-30,302913.3865725306,299569.8385719864,305943.8065725306,2,False
2024-12-31,302913.3865725306,299647.63496526657,302913.3865725306,2,False
2025-01-01,302913.3865725306,299885.8217319624,302913.3865725306,2,False
2025-01-02,302913.3865725306,303491.3137452419,302913.3865725306,5,False
2025-01-03,302913.3865725306,308500.08231085545,303491.3137452419,8,False
2025-01-05,302913.3865725306,308460.10610699776,308500.08231085545,8,False
2025-01-06,302913.3865725306,312868.08559276274,308460.10610699776,9,False
2025-01-07,314444.02831003064,309563.76883959066,312868.08559276274,6,False
2025-01-08,314444.02831003064,308367.9122647323,314444.02831003064,6,False
2025-01-09,314444.02831003064,306552.4504554792,314444.02831003064,6,False
2025-01-10,308416.9283100306,303754.95814395836,314444.02831003064,5,False
2025-01-12,308416.9283100306,303676.2540644185,308416.9283100306,5,False
2025-01-13,302412.2683100306,301319.3062377189,308416.9283100306,3,False
2025-01-14,302412.2683100306,301541.14023736166,302412.2683100306,4,False
2025-01-15,302412.2683100306,303088.93118398316,302412.2683100306,6,False
2025-01-16,299424.86831003055,300659.98927284277,303088.93118398316,5,False
2025-01-17,299424.86831003055,302048.36422114,300659.98927284277,6,False
2025-01-19,302589.38753503055,299245.00068015634,302048.36422114,6,False
2025-01-20,299594.1775350305,301690.0885617074,302589.38753503055,5,False
2025-01-21,299594.1775350305,304364.042456999,301690.0885617074,5,False
2025-01-22,299594.1775350305,304813.7640389445,304364.042456999,5,False
2025-01-23,299594.1775350305,304828.6073700598,304813.7640389445,5,False
2025-01-24,299594.1775350305,304713.1105386861,304828.6073700598,5,False
2025-01-26,299594.1775350305,302291.06268918613,304713.1105386861,5,False
2025-01-27,291745.6530350305,292019.49827872793,302291.06268918613,4,False
2025-01-28,291745.6530350305,293298.44900025195,292019.49827872793,4,False
2025-01-29,291745.6530350305,294146.1896148828,293298.44900025195,4,False
2025-01-30,291745.6530350305,298167.1975603686,294146.1896148828,5,False
2025-01-31,291745.6530350305,296182.29113641597,298167.1975603686,5,False
2025-02-02,289820.09003503056,297028.3417820719,296182.29113641597,4,False
2025-02-03,299869.5265600306,307885.79605068645,297028.3417820719,4,False
2025-02-04,299869.5265600306,308118.6791354739,307885.79605068645,4,False
2025-02-05,307099.4166600306,311523.29764601245,308118.6791354739,3,False
2025-02-06,307099.4166600306,311793.8831247351,311523.29764601245,3,False
2025-02-07,307099.4166600306,309082.26021854987,311793.8831247351,3,False
2025-02-09,307099.4166600306,309455.268702243,309082.26021854987,3,False
2025-02-10,307099.4166600306,310791.670213392,309455.268702243,3,False
2025-02-11,307099.4166600306,309912.4773904386,310791.670213392,3,False
2025-02-12,307099.4166600306,311654.84008901264,309912.4773904386,4,False
2025-02-13,307099.4166600306,311639.3466746678,311654.84008901264,4,False
2025-02-14,307099.4166600306,312121.2561158817,311639.3466746678,5,False
2025-02-16,307099.4166600306,310364.56036420295,312121.2561158817,6,False
2025-02-17,307099.4166600306,312149.0203586236,310364.56036420295,6,False
2025-02-18,307099.4166600306,311718.8023005526,312149.0203586236,6,False
2025-02-19,307099.4166600306,312461.29443238163,311718.8023005526,6,False
2025-02-20,307099.4166600306,313684.39323206444,312461.29443238163,6,False
2025-02-21,310260.4750100306,310754.3708307434,313684.39323206444,5,False
2025-02-23,310260.4750100306,314316.64976379083,310754.3708307434,5,False
2025-02-24,310260.4750100306,306503.8058306038,314316.64976379083,6,False
2025-02-25,307266.12501003064,302957.0567080279,310260.4750100306,5,False
2025-02-26,307266.12501003064,300405.2116745412,307266.12501003064,5,False
2025-02-27,303578.71501003066,296669.87440249237,307266.12501003064,4,False
2025-02-28,303578.71501003066,294944.1378017831,303578.71501003066,5,False
2025-03-02,303578.71501003066,301694.94102930976,303578.71501003066,6,False
2025-03-03,303578.71501003066,297604.6304011631,303578.71501003066,7,False
2025-03-04,295778.41397253075,298062.81529099407,303578.71501003066,3,False
2025-03-05,295778.41397253075,301274.723492394,298062.81529099407,4,False
2025-03-06,295778.41397253075,302634.0615966026,301274.723492394,7,False
2025-03-07,295778.41397253075,301457.79588492884,302634.0615966026,7,False
2025-03-09,295778.41397253075,296438.21098568017,301457.79588492884,12,False
2025-03-10,292692.98397253075,301385.88558639376,296438.21098568017,13,False
2025-03-11,294618.6439725307,309669.9608208704,301385.88558639376,14,False
2025-03-12,294618.6439725307,304777.6773162709,309669.9608208704,16,False
2025-03-13,291545.28397253074,313283.98586233513,304777.6773162709,16,False
2025-03-14,294738.16139753076,304714.0280318077,313283.98586233513,15,False
2025-03-16,294738.16139753076,306621.44806405547,304714.0280318077,18,False
2025-03-17,295585.36034007795,295585.36034007795,295585.36034007795,0,True
2025-03-18,295585.36034007795,295585.36034007795,295585.36034007795,0,False
2025-03-19,292644.8303400779,298606.02814289765,295585.36034007795,7,False
2025-03-20,294667.4883400779,298065.30428525724,298606.02814289765,8,False
2025-03-21,294667.4883400779,293883.12255261256,298065.30428525724,9,False
2025-03-23,294667.4883400779,296686.25006157556,294667.4883400779,9,False
2025-03-24,290925.2383400779,294627.6207461055,296686.25006157556,10,False
2025-03-25,290925.2383400779,297582.05920835637,294627.6207461055,10,False
2025-03-26,290925.2383400779,294905.3276657708,297582.05920835637,10,False
2025-03-27,290925.2383400779,304285.836253708,294905.3276657708,13,False
2025-03-28,290925.2383400779,298860.29660782113,304285.836253708,16,False
2025-03-30,289065.00134007796,298753.19250490057,298860.29660782113,18,False
2025-03-31,286185.05134007795,307486.9925575744,298753.19250490057,23,False
2025-04-01,297579.0101372986,297579.0101372986,297579.0101372986,0,True
2025-04-02,294631.8601372986,295086.91722150677,297579.0101372986,16,False
2025-04-03,290908.0794622985,299643.14876340004,295086.91722150677,14,False
2025-04-04,297476.14032479847,316579.56391677575,299643.14876340004,10,False
2025-04-06,292938.91222479846,318225.46572942776,316579.56391677575,12,False
2025-04-07,312348.9475122985,317942.880129724,318225.46572942776,6,False
2025-04-08,315579.7782622985,332070.3959421783,317942.880129724,9,False
2025-04-09,327353.2396247985,333811.47322949074,332070.3959421783,10,False
2025-04-10,327353.2396247985,340694.6086478416,333811.47322949074,11,False
2025-04-11,334504.7340247985,338903.87544803036,340694.6086478416,10,False
2025-04-13,334504.7340247985,336998.36605519126,338903.87544803036,11,False
2025-04-14,325016.4940247985,335378.13798424933,336998.36605519126,12,False
2025-04-15,321770.64402479853,329796.1009774163,335378.13798424933,11,False
2025-04-16,321770.64402479853,332486.619014984,329796.1009774163,12,False
2025-04-17,321770.64402479853,327564.8361673622,332486.619014984,12,False
2025-04-18,321770.64402479853,331569.607487694,327564.8361673622,12,False
2025-04-20,321770.64402479853,333151.17921580997,331569.607487694,12,False
2025-04-21,322010.5774247985,337102.68754161935,333151.17921580997,10,False
2025-04-22,322010.5774247985,338914.2101246157,337102.68754161935,11,False
2025-04-23,322010.5774247985,338248.95988204726,338914.2101246157,12,False
2025-04-24,322010.5774247985,338355.13464916166,338248.95988204726,13,False
2025-04-25,329725.8031247985,340839.2564425152,338355.13464916166,12,False
2025-04-27,329725.8031247985,344923.6321510765,340839.2564425152,16,False
2025-04-28,329725.8031247985,347284.49378182023,344923.6321510765,18,False
2025-04-29,329725.8031247985,351841.1700375044,347284.49378182023,19,False
2025-04-30,329725.8031247985,355069.12253033585,351841.1700375044,25,False
2025-05-01,330919.5126247985,354369.5185716755,355069.12253033585,26,False
2025-05-02,335707.04614979855,345565.46829631936,354369.5185716755,24,False
2025-05-04,335707.04614979855,347188.5908863675,345565.46829631936,28,False
2025-05-05,336889.87914979854,350959.0726162858,347188.5908863675,29,False
2025-05-06,340841.2606497985,361477.56148212095,350959.0726162858,29,False
2025-05-07,342237.3521497985,359975.28107580467,361477.56148212095,31,False
2025-05-08,341644.4196497984,355426.2837836461,359975.28107580467,32,False
2025-05-09,341644.4196497984,363892.45586060366,355426.2837836461,32,False
2025-05-11,341644.4196497984,362731.6198128248,363892.45586060366,36,False
2025-05-12,353247.04602845985,353247.04602845985,353247.04602845985,0,True
2025-05-13,353247.04602845985,353010.0275506061,353247.04602845985,1,False
2025-05-14,353247.04602845985,355740.56889975304,353247.04602845985,3,False
2025-05-15,353247.04602845985,350949.36607651226,355740.56889975304,3,False
2025-05-16,353247.04602845985,350000.5250299908,353247.04602845985,3,False
2025-05-18,353247.04602845985,351417.33346567076,353247.04602845985,6,False
2025-05-19,353247.04602845985,353314.6416783174,353247.04602845985,6,False
2025-05-20,353247.04602845985,357840.55834532325,353314.6416783174,9,False
2025-05-21,353247.04602845985,354918.6322140689,357840.55834532325,12,False
2025-05-22,353247.04602845985,356963.6223084959,354918.6322140689,15,False
2025-05-23,342698.7441659598,342546.05966904573,356963.6223084959,13,False
2025-05-25,342698.7441659598,344610.5218109258,342698.7441659598,16,False
2025-05-26,339189.7241659598,349102.26551855146,344610.5218109258,19,False
2025-05-27,339189.7241659598,358270.598638836,349102.26551855146,20,False
2025-05-28,340368.4556659598,354026.38985411514,358270.598638836,19,False
2025-05-29,347484.8641534598,359892.7934007787,354026.38985411514,19,False
2025-05-30,350084.3726534598,352365.9642955554,359892.7934007787,20,False
2025-06-01,350084.3726534598,357096.4351665129,352365.9642955554,20,False
2025-06-02,346587.54265345976,364325.30793015816,357096.4351665129,20,False
2025-06-03,351158.77666595974,359180.6136989256,364325.30793015816,18,False
2025-06-04,351158.77666595974,358064.32034311356,359180.6136989256,18,False
2025-06-05,345674.8561365545,345674.8561365545,345674.8561365545,0,True
2025-06-06,345674.8561365545,345222.3216646949,345674.8561365545,1,False
2025-06-08,345674.8561365545,345100.0978204677,345674.8561365545,3,False
2025-06-09,345674.8561365545,354858.13459650986,345674.8561365545,5,False
2025-06-10,349800.6386365545,353020.61866490927,354858.13459650986,4,False
2025-06-11,345865.5186365545,350520.9053127772,353020.61866490927,4,False
2025-06-12,345865.5186365545,349638.5405592638,350520.9053127772,6,False
2025-06-13,347040.0766365545,350301.9079763075,349638.5405592638,7,False
2025-06-15,347040.0766365545,350192.7148356881,350301.9079763075,7,False
2025-06-16,347040.0766365545,354928.4544480379,350192.7148356881,11,False
2025-06-17,346422.4001365545,346053.709352909,354928.4544480379,9,False
2025-06-18,346422.4001365545,350227.5934523689,346422.4001365545,11,False
2025-06-19,346422.4001365545,347740.3473935246,350227.5934523689,13,False
2025-06-20,342997.6501365545,342438.48396644904,347740.3473935246,14,False
2025-06-22,331691.1501365545,337334.5083679539,342997.6501365545,14,False
2025-06-23,324901.0357914891,324901.0357914891,324901.0357914891,0,True
2025-06-24,324901.0357914891,324901.0357914891,324901.0357914891,0,False
2025-06-25,324901.0357914891,325781.7253406632,324901.0357914891,1,False
2025-06-26,324901.0357914891,326477.72656496195,325781.7253406632,1,False
2025-06-27,324901.0357914891,325853.7254673148,326477.72656496195,1,False
2025-06-29,324901.0357914891,328109.8255725666,325853.7254673148,2,False
2025-06-30,324901.0357914891,327151.67454100377,328109.8255725666,3,False
2025-07-01,324901.0357914891,329202.90660346847,327151.67454100377,5,False
2025-07-02,326018.6902914891,327545.7821313287,329202.90660346847,5,False
2025-07-03,326018.6902914891,327311.34335944836,327545.7821313287,5,False
2025-07-04,326018.6902914891,325369.42948929156,327311.34335944836,5,False
2025-07-06,326018.6902914891,329545.0550242664,326018.6902914891,8,False
2025-07-07,322936.4802914891,330167.445945718,329545.0550242664,8,False
2025-07-08,322936.4802914891,331515.1189904918,330167.445945718,8,False
2025-07-09,322936.4802914891,335228.2024815347,331515.1189904918,10,False
2025-07-10,326869.9571914891,340716.76482428715,335228.2024815347,9,False
2025-07-11,326869.9571914891,346447.77352236176,340716.76482428715,9,False
2025-07-13,326869.9571914891,345610.29644763324,346447.77352236176,10,False
2025-07-14,334660.5705914891,350105.9504015523,345610.29644763324,12,False
2025-07-15,334660.5705914891,351194.9737818316,350105.9504015523,14,False
2025-07-16,339327.3604789891,351730.68576399895,351194.9737818316,13,False
2025-07-17,339260.573778989,347905.39387972536,351730.68576399895,10,False
2025-07-18,342794.394378989,350324.4176902222,347905.39387972536,9,False
2025-07-20,342794.394378989,349413.26211829216,350324.4176902222,9,False
2025-07-21,342794.394378989,358350.5396548598,349413.26211829216,10,False
2025-07-22,347129.53441648895,360458.87552340166,358350.5396548598,8,False
2025-07-23,347129.53441648895,364489.24251282244,360458.87552340166,8,False
2025-07-24,347129.53441648895,364786.9477580736,364489.24251282244,9,False
2025-07-25,348257.17491648893,362033.57563679054,364786.9477580736,8,False
2025-07-27,348257.17491648893,394776.20156844857,362033.57563679054,20,False
2025-07-28,384539.1279918277,384539.1279918277,384539.1279918277,0,True
2025-07-29,384539.1279918277,391497.3529137434,384539.1279918277,7,False
2025-07-30,376095.07799182774,377467.2350784191,391497.3529137434,9,False
2025-07-31,380466.12825432775,391927.1650677266,377467.2350784191,16,False
2025-08-01,376449.20469182776,386887.69039133773,391927.1650677266,10,False
2025-08-03,376449.20469182776,387019.18183841085,386887.69039133773,12,False
2025-08-04,372349.77469182777,393563.82546659437,387019.18183841085,15,False
2025-08-05,380876.22881682776,388690.4371388987,393563.82546659437,16,False
2025-08-06,380876.22881682776,407108.19620345323,388690.4371388987,21,False
2025-08-07,382209.11605432775,404483.6891993036,407108.19620345323,20,False
2025-08-08,382209.11605432775,416015.14052642987,404483.6891993036,20,False
2025-08-10,382209.11605432775,420554.1752128439,416015.14052642987,23,False
2025-08-11,387911.91934182774,416720.44164627505,420554.1752128439,24,False
2025-08-12,407487.85354182776,427468.8248011708,416720.44164627505,24,False
2025-08-13,407487.85354182776,433422.6212534469,427468.8248011708,30,False
2025-08-14,422003.545000951,422003.545000951,422003.545000951,0,True
2025-08-15,422003.545000951,421237.9817991307,422003.545000951,2,False
2025-08-17,422003.545000951,427108.9625271887,422003.545000951,4,False
2025-08-18,422003.545000951,420262.6637133841,427108.9625271887,4,False
2025-08-19,422003.545000951,411580.3865061804,422003.545000951,9,False
2025-08-20,408797.58500095096,425563.92725071346,422003.545000951,7,False
2025-08-21,404717.71500095096,425775.6101425529,425563.92725071346,10,False
2025-08-22,406104.68150095094,437365.9090053476,425775.6101425529,11,False
2025-08-24,406104.68150095094,441567.3562228087,437365.9090053476,15,False
2025-08-25,415625.558200951,430148.5706790849,441567.3562228087,12,False
2025-08-26,427729.103200951,441320.3323961342,430148.5706790849,11,False
2025-08-27,423309.433200951,431529.1526340895,441320.3323961342,11,False
2025-08-28,427700.251538451,431326.6930067317,431529.1526340895,10,False
2025-08-29,427700.251538451,424079.4815399786,431326.6930067317,10,False
2025-08-31,427700.251538451,424993.1572865928,427700.251538451,12,False
2025-09-01,427700.251538451,435802.76269677223,427700.251538451,15,False
2025-09-02,431045.882538451,431600.0474555483,435802.76269677223,20,False
2025-09-03,435629.560438451,441337.9865207097,431600.0474555483,20,False
2025-09-04,435629.560438451,464241.5509312377,441337.9865207097,25,False
2025-09-05,442076.670250951,466490.1648593919,464241.5509312377,23,False
2025-09-07,442076.670250951,470798.6735270343,466490.1648593919,25,False
2025-09-08,464968.7706140963,464968.7706140963,464968.7706140963,0,True
2025-09-09,464968.7706140963,464017.575941112,464968.7706140963,3,False
2025-09-10,464968.7706140963,465600.5376885958,464968.7706140963,6,False
2025-09-11,464968.7706140963,464135.8109463143,465600.5376885958,6,False
2025-09-12,464968.7706140963,469904.3165035693,464968.7706140963,6,False
2025-09-14,464968.7706140963,468309.9364635116,469904.3165035693,6,False
2025-09-15,464968.7706140963,468916.6849941962,468309.9364635116,7,False
2025-09-16,464968.7706140963,476802.39752621925,468916.6849941962,9,False
2025-09-17,460311.7006140963,488424.0647611253,476802.39752621925,13,False
2025-09-18,460311.7006140963,494284.61592884106,488424.0647611253,18,False
2025-09-19,465071.1332265963,485355.67706382164,494284.61592884106,17,False
2025-09-21,465071.1332265963,485137.6441841142,485355.67706382164,18,False
2025-09-22,460235.35322659626,490809.7256679629,485137.6441841142,18,False
2025-09-23,460235.35322659626,495769.7388858283,490809.7256679629,19,False
2025-09-24,460235.35322659626,493148.52333446825,495769.7388858283,20,False
2025-09-25,458046.49112659623,484273.1197129459,493148.52333446825,16,False
2025-09-26,458046.49112659623,485052.6966109653,484273.1197129459,16,False
2025-09-28,458046.49112659623,487964.10492323525,485052.6966109653,16,False
2025-09-29,453491.82112659625,503243.05552281544,487964.10492323525,21,False
2025-09-30,460620.94612659625,501996.9139406713,503243.05552281544,24,False
2025-10-01,488437.38666901225,488437.38666901225,488437.38666901225,0,True
2025-10-02,488437.38666901225,485674.48064674187,488437.38666901225,2,False
2025-10-03,488437.38666901225,485616.2388060538,488437.38666901225,4,False
2025-10-05,488437.38666901225,495324.194644172,488437.38666901225,9,False
2025-10-06,494593.5502690123,483272.73662391416,495324.194644172,7,False
2025-10-07,484135.52026901225,481414.0166073795,494593.5502690123,7,False
2025-10-08,478658.59026901226,492111.84322582657,484135.52026901225,10,False
2025-10-09,482163.97144401225,511544.31532261946,492111.84322582657,21,False
2025-10-10,489556.4542940122,513577.17430630483,511544.31532261946,13,False
2025-10-12,483715.60429401224,498498.8322487688,513577.17430630483,15,False
2025-10-13,483715.60429401224,494807.5436969729,498498.8322487688,18,False
2025-10-14,479374.82304401224,501914.0984396009,494807.5436969729,18,False
2025-10-15,479374.82304401224,521151.06254000217,501914.0984396009,22,False
2025-10-16,499231.73673151224,519508.91102545284,521151.06254000217,17,False
2025-10-17,503995.4402440122,517021.70521594916,519508.91102545284,15,False
2025-10-19,510573.57194401225,518220.7827577656,517021.70521594916,17,False
2025-10-20,510573.57194401225,537673.2045964757,518220.7827577656,23,False
2025-10-21,523514.03160651226,540594.822381268,537673.2045964757,26,False
2025-10-22,523514.03160651226,534901.5869429514,540594.822381268,28,False
2025-10-23,523514.03160651226,531269.5180693776,534901.5869429514,28,False
2025-10-24,517422.7416065123,537011.1702198359,531269.5180693776,27,False
2025-10-26,505581.5116065123,537713.6967032343,537011.1702198359,28,False
2025-10-27,505581.5116065123,531828.0373609676,537713.6967032343,28,False
2025-10-28,488237.3216065123,523877.94512071623,531828.0373609676,30,False
2025-10-29,523964.9888968726,523964.9888968726,523964.9888968726,0,True
2025-10-30,523964.9888968726,523964.9888968726,523964.9888968726,0,False
2025-10-31,523964.9888968726,523964.9888968726,523964.9888968726,0,False
2025-11-02,523964.9888968726,523964.9888968726,523964.9888968726,0,False
2025-11-03,523964.9888968726,520609.2113258022,523964.9888968726,1,False
2025-11-04,518775.4888968726,516689.8768469321,523964.9888968726,2,False
2025-11-05,518775.4888968726,520722.43603474234,518775.4888968726,2,False
2025-11-06,518775.4888968726,514075.4210789846,520722.43603474234,2,False
2025-11-07,508399.3988968726,508399.3988968726,518775.4888968726,0,False
2025-11-09,508399.3988968726,508399.3988968726,508399.3988968726,0,False
2025-11-10,508399.3988968726,513188.4075055864,508399.3988968726,3,False
2025-11-11,508399.3988968726,513060.8250003652,513188.4075055864,4,False
2025-11-12,508399.3988968726,509919.7324571187,513060.8250003652,4,False
2025-11-13,508399.3988968726,500069.3334522006,509919.7324571187,5,False
2025-11-14,493552.87229687267,493552.87229687267,508399.3988968726,0,False
2025-11-16,493552.87229687267,493552.87229687267,493552.87229687267,0,False
2025-11-17,493552.87229687267,490319.6094074447,493552.87229687267,1,False
2025-11-18,488420.5822968727,490951.8405492251,493552.87229687267,1,False
2025-11-19,488420.5822968727,490952.8126520583,490951.8405492251,1,False
2025-11-20,488420.5822968727,489971.15610843414,490952.8126520583,1,False
2025-11-21,490190.2427968727,490190.2427968727,489971.15610843414,0,False
2025-11-23,490190.2427968727,490190.2427968727,490190.2427968727,0,False
2025-11-24,490190.2427968727,490190.2427968727,490190.2427968727,0,False
2025-11-25,490190.2427968727,490190.2427968727,490190.2427968727,0,False
2025-11-26,490190.2427968727,494461.5090826827,490190.2427968727,1,False
2025-11-27,490190.2427968727,493625.2014554648,494461.5090826827,1,False
2025-11-28,490190.2427968727,493315.41455362964,493625.2014554648,1,False
2025-11-30,490190.2427968727,492893.8568470125,493315.41455362964,1,False
2025-12-01,491977.8082968727,489301.3200072645,492893.8568470125,2,False
2025-12-02,491977.8082968727,498328.55539078935,491977.8082968727,2,False
2025-12-03,491977.8082968727,500421.9812361687,498328.55539078935,2,False
2025-12-04,497314.3097468727,501060.20508489286,500421.9812361687,1,False
2025-12-05,502659.2011968727,502659.2011968727,501060.20508489286,0,False
2025-12-07,502659.2011968727,502659.2011968727,502659.2011968727,0,False
2025-12-08,502659.2011968727,502659.2011968727,502659.2011968727,0,False
2025-12-09,502659.2011968727,502659.2011968727,502659.2011968727,0,False
2025-12-10,502659.2011968727,502659.2011968727,502659.2011968727,0,False
2025-12-11,502659.2011968727,506863.52098662563,502659.2011968727,1,False
2025-12-12,508910.0979218727,508910.0979218727,506863.52098662563,0,False
2025-12-14,508910.0979218727,508910.0979218727,508910.0979218727,0,False
2025-12-15,508910.0979218727,508910.0979218727,508910.0979218727,0,False
2025-12-16,508910.0979218727,508910.0979218727,508910.0979218727,0,False
2025-12-17,508910.0979218727,508910.0979218727,508910.0979218727,0,False
2025-12-18,508910.0979218727,508910.0979218727,508910.0979218727,0,False
2025-12-19,508910.0979218727,508910.0979218727,508910.0979218727,0,False
2025-12-21,508910.0979218727,508910.0979218727,508910.0979218727,0,False
2025-12-22,508910.0979218727,508910.0979218727,508910.0979218727,0,False
2025-12-23,508910.0979218727,508910.0979218727,508910.0979218727,0,False
2025-12-24,508910.0979218727,508910.0979218727,508910.0979218727,0,False
2025-12-25,508910.0979218727,508910.0979218727,508910.0979218727,0,False
2025-12-26,508910.0979218727,508910.0979218727,508910.0979218727,0,False
2025-12-28,508910.0979218727,508910.0979218727,508910.0979218727,0,False
2025-12-29,508910.0979218727,508910.0979218727,508910.0979218727,0,False
2025-12-30,508910.0979218727,508910.0979218727,508910.0979218727,0,
