ticket,symbol,type,volume,open_price,close_price,open_time,close_time,pnl,sl,tp,partial
1000005_partial_1420173900,AUD_USD,sell,0.02,0.8171121476477223,0.8129201006720792,2015-01-02 00:30:00+00:00,2015-01-02 04:45:00+00:00,8.384093951286253,0.8254962415990086,0,True
1000001_partial_1420196400,GBP_USD,sell,0.01,1.5541780242621683,1.5443862787822378,2015-01-02 05:00:00+00:00,2015-01-02 11:00:00+00:00,9.791745479930558,1.5737615152220295,0,True
1000006_partial_1420198200,NZD_USD,sell,0.02,0.7783436580546967,0.773459404146764,2015-01-02 01:00:00+00:00,2015-01-02 11:30:00+00:00,9.768507815865577,0.7881121658705623,0,True
1000004_partial_1420211700,USD_CAD,buy,0.02,1.1649794098206594,1.1712801686226688,2015-01-02 04:30:00+00:00,2015-01-02 15:15:00+00:00,12.601517604018841,1.1523778922166406,0,True
1000019_partial_1420211700,NZD_CAD,buy,0.02,0.9003164439382365,0.9048181588747897,2015-01-02 12:15:00+00:00,2015-01-02 15:15:00+00:00,9.003429873106315,0.8913130140651302,0,True
1000012,GBP_JPY,buy,0.08,186.739,184.592,2015-01-02 00:00:00+00:00,2015-01-02 16:00:00+00:00,-171.7599999999993,184.2558592092439,0,
1000001,GBP_USD,sell,0.08,1.5541780242621683,1.53772,2015-01-02 05:00:00+00:00,2015-01-02 16:00:00+00:00,131.66419409734684,1.563969769742099,0,
1000015,AUD_CHF,sell,0.12,0.81026,0.81207,2015-01-02 11:00:00+00:00,2015-01-02 16:00:00+00:00,-21.719999999999736,0.8252960627721215,0,
1000009_partial_1420214400,EUR_CHF,sell,0.51,1.2027777215865316,1.20196,2015-01-02 02:00:00+00:00,2015-01-02 16:00:00+00:00,41.70380091311698,1.2045375770947562,0,True
1000004_partial_1420408800,USD_CAD,buy,0.1,1.1649794098206594,1.17884107918508,2015-01-02 04:30:00+00:00,2015-01-04 22:00:00+00:00,138.61669364420683,1.15867865101865,0,True
1000004_partial_1420409700,USD_CAD,buy,0.02,1.1649794098206594,1.181361382705884,2015-01-02 04:30:00+00:00,2015-01-04 22:15:00+00:00,32.76394577044916,1.1769508515444773,0,True
1000005_partial_1420411500,AUD_USD,sell,0.13,0.8171121476477223,0.8078896443013075,2015-01-02 00:30:00+00:00,2015-01-04 22:45:00+00:00,119.89254350339284,0.8213041946233655,0,True
1000006_partial_1420411500,NZD_USD,sell,0.11,0.7783436580546967,0.7675982994572446,2015-01-02 01:00:00+00:00,2015-01-04 22:45:00+00:00,118.198944571974,0.7832279119626295,0,True
1000005_partial_1420412400,AUD_USD,sell,0.03,0.8171121476477223,0.8062128255110502,2015-01-02 00:30:00+00:00,2015-01-04 23:00:00+00:00,32.69796641001632,0.8091472583940004,0,True
1000009_partial_1420415100,EUR_CHF,sell,0.1,1.2027777215865316,1.2018977938324193,2015-01-02 02:00:00+00:00,2015-01-04 23:45:00+00:00,8.799277541122752,1.2045375770947562,0,True
1000005,AUD_USD,sell,0.03,0.8171121476477223,0.8078896443013075,2015-01-02 00:30:00+00:00,2015-01-05 00:00:00+00:00,27.6675100392445,0.8078896443013075,0,
1000004,USD_CAD,buy,0.030000000000000016,1.1649794098206594,1.17884107918508,2015-01-02 04:30:00+00:00,2015-01-05 00:00:00+00:00,41.58500809326207,1.17884107918508,0,
1000006_partial_1420425900,NZD_USD,sell,0.03,0.7783436580546967,0.7656445978940715,2015-01-02 01:00:00+00:00,2015-01-05 02:45:00+00:00,38.097180481875824,0.7690635756296245,0,True
1000006,NZD_USD,sell,0.020000000000000004,0.7783436580546967,0.7675982994572446,2015-01-02 01:00:00+00:00,2015-01-05 10:00:00+00:00,21.490717194904366,0.7675982994572446,0,
1000019_partial_1420528500,NZD_CAD,buy,0.14,0.9003164439382365,0.9102202167986535,2015-01-02 12:15:00+00:00,2015-01-06 07:15:00+00:00,138.65282004583793,0.8958147290016834,0,True
1000039_partial_1420551900,AUD_NZD,sell,0.02,1.05398,1.0490621996553666,2015-01-05 00:00:00+00:00,2015-01-06 13:45:00+00:00,9.835600689266586,1.0638156006892663,0,True
1000061_partial_1420552800,AUD_USD,sell,0.03,0.8152550569003321,0.8118006980284765,2015-01-06 06:30:00+00:00,2015-01-06 14:00:00+00:00,10.363076615566568,0.8221637746440431,0,True
1000019_partial_1420555500,NZD_CAD,buy,0.03,0.9003164439382365,0.9120209027732747,2015-01-02 12:15:00+00:00,2015-01-06 14:45:00+00:00,35.1133765051147,0.9088697023176875,0,True
1000019_partial_1420558200,NZD_CAD,buy,0.03,0.9003164439382365,0.9156222747225172,2015-01-02 12:15:00+00:00,2015-01-06 15:30:00+00:00,45.917492352842146,0.9102202167986535,0,True
1000039_partial_1420559100,AUD_NZD,sell,0.15,1.05398,1.0431608392418068,2015-01-05 00:00:00+00:00,2015-01-06 15:45:00+00:00,162.28741137289668,1.0588978003446332,0,True
1000065_partial_1420559100,AUD_JPY,sell,0.01,97.18592640962831,96.45585188640203,2015-01-06 02:30:00+00:00,2015-01-06 15:45:00+00:00,7.300745232262784,98.64607545608085,0,True
1000039_partial_1420560900,AUD_NZD,sell,0.04,1.05398,1.0411937191039535,2015-01-05 00:00:00+00:00,2015-01-06 16:15:00+00:00,51.14512358418555,1.0446361793451968,0,True
1000061_partial_1420582500,AUD_USD,sell,0.17,0.8152550569003321,0.8076554673822499,2015-01-06 06:30:00+00:00,2015-01-06 22:15:00+00:00,129.19302180739658,0.8187094157721876,0,True
1000039,AUD_NZD,sell,0.040000000000000015,1.05398,1.0431608392418068,2015-01-05 00:00:00+00:00,2015-01-06 23:30:00+00:00,43.27664303277247,1.0431608392418068,0,
1000061_partial_1420591500,AUD_USD,sell,0.04,0.8152550569003321,0.8062737238335077,2015-01-06 06:30:00+00:00,2015-01-07 00:45:00+00:00,35.925332267297435,0.8086917750438065,0,True
1000061,AUD_USD,sell,0.030000000000000006,0.8152550569003321,0.8076554673822499,2015-01-06 06:30:00+00:00,2015-01-07 02:15:00+00:00,22.798768554246454,0.8076554673822499,0,
1000054_partial_1420656300,AUD_NZD,sell,0.03,1.054130734977071,1.037259478828247,2015-01-05 01:00:00+00:00,2015-01-07 18:45:00+00:00,50.61376844647202,1.0637983392038253,0,True
1000054,AUD_NZD,sell,0.21,1.054130734977071,1.0426690592073435,2015-01-05 01:00:00+00:00,2015-01-08 01:30:00+00:00,240.6951911642765,1.0426690592073435,0,
1000053,AUD_CAD,sell,0.17,0.95328,0.9682021852767402,2015-01-05 01:00:00+00:00,2015-01-09 13:45:00+00:00,-253.67714970458277,0.9682021852767402,0,
1000038,AUD_CAD,sell,0.17,0.9553929681719524,0.9682434577569731,2015-01-05 16:15:00+00:00,2015-01-09 13:45:00+00:00,-218.45832294535126,0.9682434577569731,0,
1000023,NAS100_USD,buy,0.9400000000000001,4250.7001,4249.5,2015-01-02 00:00:00+00:00,2015-01-09 14:15:00+00:00,-1.1280940000000192,4062.2579262866375,0,
1000009,EUR_CHF,sell,0.41000000000000003,1.2027777215865316,1.20098,2015-01-02 02:00:00+00:00,2015-01-09 14:15:00+00:00,73.70658504779915,1.203657649340644,0,
1000019,NZD_CAD,buy,0.010000000000000009,0.9003164439382365,0.92644,2015-01-02 12:15:00+00:00,2015-01-09 14:15:00+00:00,26.12355606176355,0.9106703882923087,0,
1000041,CAD_JPY,buy,0.1,101.736,100.716,2015-01-05 13:45:00+00:00,2015-01-09 14:15:00+00:00,-102.00000000000102,99.57680535036181,0,
1000056,CAD_JPY,buy,0.11,101.62535053641679,100.716,2015-01-05 14:00:00+00:00,2015-01-09 14:15:00+00:00,-100.02855900584748,99.57625191577425,0,
1000065,AUD_JPY,sell,0.13999999999999999,97.18592640962831,97.624,2015-01-06 02:30:00+00:00,2015-01-09 14:15:00+00:00,-61.330302652036146,97.91600093285459,0,
1000062,NZD_USD,sell,0.17,0.77624,0.78056,2015-01-06 14:45:00+00:00,2015-01-09 14:15:00+00:00,-73.43999999999984,0.7871889542865117,0,
1000045,USD_JPY,buy,0.09,118.12484242446517,119.54,2015-01-06 17:15:00+00:00,2015-01-09 14:15:00+00:00,127.36418179813512,115.81372294451845,0,
1000073,GBP_AUD,buy,0.09,1.8577,1.84971,2015-01-08 08:00:00+00:00,2015-01-09 14:15:00+00:00,-71.90999999999947,1.830913794282885,0,
1000076,AUD_USD,sell,0.28,0.8152461625400983,0.81677,2015-01-09 13:15:00+00:00,2015-01-09 14:15:00+00:00,-42.66744887724761,0.8221320090717794,0,
1000101_partial_1421073900,AUD_JPY,sell,0.02,97.212,96.52161148510508,2015-01-12 00:00:00+00:00,2015-01-12 14:45:00+00:00,13.8077702978984,98.59277702978984,0,True
1000099_partial_1421087400,GBP_CAD,buy,0.01,1.79827,1.8118760406490733,2015-01-12 00:00:00+00:00,2015-01-12 18:30:00+00:00,13.606040649073226,1.7710579187018538,0,True
1000111_partial_1421148600,EUR_GBP,sell,0.02,0.7819902426284904,0.7791175887591779,2015-01-13 07:30:00+00:00,2015-01-13 11:30:00+00:00,5.745307738624916,0.7877355503671154,0,True
1000117_partial_1421148600,GBP_CHF,buy,0.02,1.5358740184358637,1.541749572745419,2015-01-13 07:30:00+00:00,2015-01-13 11:30:00+00:00,11.75110861911044,1.5241229098167535,0,True
1000089_partial_1421158500,NZD_USD,sell,0.02,0.77822,0.7723591777553409,2015-01-12 09:30:00+00:00,2015-01-13 14:15:00+00:00,11.721644489318228,0.7899416444893183,0,True
1000082,AUD_NZD,sell,0.28,1.04697,1.0557811537194433,2015-01-11 23:15:00+00:00,2015-01-13 16:30:00+00:00,-246.71230414441237,1.0557811537194433,0,
1000125_partial_1421174700,NAS100_USD,sell,0.15,4230.331722462607,4171.723694461616,2015-01-13 14:30:00+00:00,2015-01-13 18:45:00+00:00,8.79120420014865,4347.54777846459,0,True
1000101_partial_1421201700,AUD_JPY,sell,0.1,97.212,95.69314526723117,2015-01-12 00:00:00+00:00,2015-01-14 02:15:00+00:00,151.88547327688298,97.90238851489492,0,True
1000101_partial_1421202600,AUD_JPY,sell,0.02,97.212,95.41698986127321,2015-01-12 00:00:00+00:00,2015-01-14 02:30:00+00:00,35.9002027745359,95.90026182169966,0,True
1000088_partial_1421204400,AUD_USD,sell,0.02,0.81562,0.8101481109161963,2015-01-12 10:00:00+00:00,2015-01-14 03:00:00+00:00,10.943778167607386,0.8265637781676075,0,True
1000101_partial_1421212500,AUD_JPY,sell,0.02,97.212,94.86467904935728,2015-01-12 00:00:00+00:00,2015-01-14 05:15:00+00:00,46.946419012854506,95.69314526723117,0,True
1000111_partial_1421226900,EUR_GBP,sell,0.13,0.7819902426284904,0.7756704041160029,2015-01-13 07:30:00+00:00,2015-01-14 09:15:00+00:00,82.15790066233775,0.7848628964978028,0,True
1000117_partial_1421226900,GBP_CHF,buy,0.1,1.5358740184358637,1.548800237916885,2015-01-13 07:30:00+00:00,2015-01-14 09:15:00+00:00,129.2621948102135,1.5299984641263085,0,True
1000111_partial_1421228700,EUR_GBP,sell,0.03,0.7819902426284904,0.7745213425682779,2015-01-13 07:30:00+00:00,2015-01-14 09:45:00+00:00,22.406700180637504,0.7765322002767966,0,True
1000117_partial_1421228700,GBP_CHF,buy,0.02,1.5358740184358637,1.551150459640707,2015-01-13 07:30:00+00:00,2015-01-14 09:45:00+00:00,30.55288240968679,1.5470375716240183,0,True
1000117,GBP_CHF,buy,0.020000000000000007,1.5358740184358637,1.548800237916885,2015-01-13 07:30:00+00:00,2015-01-14 13:00:00+00:00,25.852438962042708,1.548800237916885,0,
1000111,EUR_GBP,sell,0.04000000000000001,0.7819902426284904,0.7756704041160029,2015-01-13 07:30:00+00:00,2015-01-14 13:45:00+00:00,25.27935404995008,0.7756704041160029,0,
1000101,AUD_JPY,sell,6.938893903907228e-18,97.212,95.6241064157417,2015-01-12 00:00:00+00:00,2015-01-14 19:30:00+00:00,1.101822511186339e-14,95.6241064157417,0,
1000088,AUD_USD,sell,0.15000000000000002,0.81562,0.8210918890838037,2015-01-12 10:00:00+00:00,2015-01-15 01:00:00+00:00,-82.07833625705541,0.8210918890838037,0,
1000094_partial_1421314200,EUR_CAD,sell,0.01,1.4116097164513404,1.403606509585331,2015-01-12 15:45:00+00:00,2015-01-15 09:30:00+00:00,8.003206866009416,1.4276161301833592,0,True
1000152,GBP_CHF,sell,0.01,1.4245364718588727,1.354058319418491,2015-01-15 10:30:00+00:00,2015-01-15 10:45:00+00:00,70.47815244038169,1.565492776739636,0,
1000160_partial_1421318700,CHF_JPY,buy,0.01,125.0055320915938,131.02640943511386,2015-01-15 10:30:00+00:00,2015-01-15 10:45:00+00:00,60.208773435200555,112.96377740455372,0,True
1000144_partial_1421319600,USD_CHF,sell,0.01,0.9403430139353589,0.8942312152810972,2015-01-15 10:45:00+00:00,2015-01-15 11:00:00+00:00,46.11179865426174,1.0325666112438825,0,True
1000148_partial_1421319600,EUR_CHF,sell,0.01,1.105482708254034,1.0522120833559905,2015-01-15 10:45:00+00:00,2015-01-15 11:00:00+00:00,53.270624898043465,1.2120239580501206,0,True
1000154_partial_1421319600,AUD_CHF,sell,0.01,0.7727288515441502,0.7377631852730999,2015-01-15 10:45:00+00:00,2015-01-15 11:00:00+00:00,34.96566627105024,0.8426601840862507,0,True
1000156_partial_1421319600,NZD_CHF,sell,0.01,0.7383795106129284,0.7042294255391633,2015-01-15 10:45:00+00:00,2015-01-15 11:00:00+00:00,34.15008507376505,0.8066796807604585,0,True
1000159_partial_1421319600,CAD_CHF,sell,0.01,0.7909561156321104,0.7536032526765399,2015-01-15 10:45:00+00:00,2015-01-15 11:00:00+00:00,37.3528629555705,0.8656618415432515,0,True
1000094_partial_1421323200,EUR_CAD,sell,0.09,1.4116097164513404,1.3940026613461196,2015-01-12 15:45:00+00:00,2015-01-15 12:00:00+00:00,158.4634959469868,1.4196129233173498,0,True
1000094_partial_1421324100,EUR_CAD,sell,0.02,1.4116097164513404,1.390801378599716,2015-01-12 15:45:00+00:00,2015-01-15 12:15:00+00:00,41.61667570324879,1.3964036234059225,0,True
1000089,NZD_USD,sell,0.14,0.77822,0.7840808222446591,2015-01-12 09:30:00+00:00,2015-01-15 12:30:00+00:00,-82.0515114252276,0.7840808222446591,0,
1000135_partial_1421325000,GBP_NZD,sell,0.01,1.97433,1.9495135600311984,2015-01-14 21:45:00+00:00,2015-01-15 12:30:00+00:00,24.81643996880156,2.0239628799376033,0,True
1000094_partial_1421327700,EUR_CAD,sell,0.02,1.4116097164513404,1.3843988131069083,2015-01-12 15:45:00+00:00,2015-01-15 13:15:00+00:00,54.42180668886421,1.3940026613461196,0,True
1000125_partial_1421343000,NAS100_USD,sell,0.99,4230.331722462607,4101.394060860426,2015-01-13 14:30:00+00:00,2015-01-15 17:30:00+00:00,127.64828498615911,4288.939750463598,0,True
1000160,CHF_JPY,buy,0.01,125.0055320915938,138.2514622473379,2015-01-15 10:30:00+00:00,2015-01-15 21:45:00+00:00,132.45930155744102,118.98465474807377,0,
1000148,EUR_CHF,sell,0.01,1.105482708254034,0.9882873334783385,2015-01-15 10:45:00+00:00,2015-01-15 21:45:00+00:00,117.1953747756954,1.1587533331520774,0,
1000154,AUD_CHF,sell,0.01,0.7727288515441502,0.6958043857478396,2015-01-15 10:45:00+00:00,2015-01-15 21:45:00+00:00,76.92446579631051,0.8076945178152004,0,
1000156,NZD_CHF,sell,0.01,0.7383795106129284,0.6632493234506452,2015-01-15 10:45:00+00:00,2015-01-15 21:45:00+00:00,75.13018716228315,0.7725295956866934,0,
1000159,CAD_CHF,sell,0.01,0.7909561156321104,0.7087798171298552,2015-01-15 10:45:00+00:00,2015-01-15 21:45:00+00:00,82.17629850225526,0.8283089785876809,0,
1000125_partial_1421359200,NAS100_USD,sell,0.23,4230.331722462607,4077.9508496600292,2015-01-13 14:30:00+00:00,2015-01-15 22:00:00+00:00,35.04760074459291,4118.976469260723,0,True
1000094,EUR_CAD,sell,6.938893903907228e-18,1.4116097164513404,1.3932023406595186,2015-01-12 15:45:00+00:00,2015-01-16 02:30:00+00:00,1.2772682766880123e-14,1.3932023406595186,0,
1000125,NAS100_USD,sell,0.24000000000000019,4230.331722462607,4101.394060860426,2015-01-13 14:30:00+00:00,2015-01-16 14:30:00+00:00,30.945038784523447,4101.394060860426,0,
1000165_partial_1421734500,NZD_USD,sell,0.01,0.77868,0.7715841127881689,2015-01-16 13:30:00+00:00,2015-01-20 06:15:00+00:00,7.095887211831187,0.7928717744236625,0,True
1000099_partial_1421762400,GBP_CAD,buy,0.06,1.79827,1.828203289427961,2015-01-12 00:00:00+00:00,2015-01-20 14:00:00+00:00,179.5997365677655,1.7846639593509268,0,True
1000099_partial_1421766000,GBP_CAD,buy,0.01,1.79827,1.83364570568759,2015-01-12 00:00:00+00:00,2015-01-20 15:00:00+00:00,35.37570568759007,1.824121477233239,0,True
1000165_partial_1421801100,NZD_USD,sell,0.09,0.77868,0.7630690481339713,2015-01-16 13:30:00+00:00,2015-01-21 00:45:00+00:00,140.4985667942591,0.7857758872118312,0,True
1000165,NZD_USD,sell,0.04000000000000001,0.77868,0.7651978142975207,2015-01-16 13:30:00+00:00,2015-01-21 02:00:00+00:00,53.92874280991756,0.7651978142975207,0,
1000099,GBP_CAD,buy,0.010000000000000004,1.79827,1.828203289427961,2015-01-12 00:00:00+00:00,2015-01-21 09:30:00+00:00,29.93328942796093,1.828203289427961,0,
1000223,EUR_CAD,sell,0.14,1.4121715841891178,1.4296451556176892,2015-01-21 15:00:00+00:00,2015-01-21 15:15:00+00:00,-244.62999999999994,1.4296451556176892,0,
1000135,GBP_NZD,sell,0.04,1.97433,1.9991464399688015,2015-01-14 21:45:00+00:00,2015-01-21 16:30:00+00:00,-99.26575987520624,1.9991464399688015,0,
1000202_partial_1421859600,AUD_USD,sell,0.01,0.8172,0.8093685252389118,2015-01-20 01:15:00+00:00,2015-01-21 17:00:00+00:00,7.831474761088253,0.8328629495221767,0,True
1000235_partial_1421935200,EUR_USD,sell,0.01,1.16450476266151,1.1519829249538542,2015-01-22 12:45:00+00:00,2015-01-22 14:00:00+00:00,12.521837707655692,1.1895484380768213,0,True
1000234_partial_1421941500,NAS100_USD,buy,0.16,4168.600100000001,4230.213479162344,2015-01-21 00:00:00+00:00,2015-01-22 15:45:00+00:00,9.858140665974934,4045.3733416753134,0,True
1000224_partial_1421941500,EUR_NZD,sell,0.01,1.53743,1.5175000348563357,2015-01-21 21:45:00+00:00,2015-01-22 15:45:00+00:00,19.929965143664408,1.5772899302873287,0,True
1000236_partial_1421942400,GBP_USD,sell,0.01,1.515338582809332,1.5082175477687625,2015-01-22 01:00:00+00:00,2015-01-22 16:00:00+00:00,7.12103504056949,1.5295806528904712,0,True
1000235_partial_1421957700,EUR_USD,sell,0.05,1.16450476266151,1.1369567197046675,2015-01-22 12:45:00+00:00,2015-01-22 20:15:00+00:00,137.74021478421216,1.1770266003691656,0,True
1000236_partial_1421960400,GBP_USD,sell,0.09,1.515338582809332,1.499672305720079,2015-01-22 01:00:00+00:00,2015-01-22 21:00:00+00:00,140.99649380327747,1.5224596178499015,0,True
1000236,GBP_USD,sell,0.04000000000000001,1.515338582809332,1.5018086162322497,2015-01-22 01:00:00+00:00,2015-01-22 21:45:00+00:00,54.1198663083291,1.5018086162322497,0,
1000202_partial_1421988300,AUD_USD,sell,0.08,0.8172,0.7999707555256057,2015-01-20 01:15:00+00:00,2015-01-23 04:45:00+00:00,137.83395579515465,0.8250314747610883,0,True
1000235_partial_1422001800,EUR_USD,sell,0.01,1.16450476266151,1.1319479846216052,2015-01-22 12:45:00+00:00,2015-01-23 08:30:00+00:00,32.556778039904756,1.140713271016964,0,True
1000134_partial_1422003600,GBP_AUD,buy,0.01,1.863659539347766,1.8803166813819834,2015-01-14 02:15:00+00:00,2015-01-23 09:00:00+00:00,16.657142034217422,1.8303452552793311,0,True
1000202_partial_1422003600,AUD_USD,sell,0.02,0.8172,0.7968381656211705,2015-01-20 01:15:00+00:00,2015-01-23 09:00:00+00:00,40.72366875765909,0.8023201979539323,0,True
1000235_partial_1422013500,EUR_USD,sell,0.01,1.16450476266151,1.1219305144554805,2015-01-22 12:45:00+00:00,2015-01-23 11:45:00+00:00,42.57424820602939,1.1369567197046675,0,True
1000224_partial_1422014400,EUR_NZD,sell,0.04,1.53743,1.4935840766839386,2015-01-21 21:45:00+00:00,2015-01-23 12:00:00+00:00,175.38369326424606,1.5573599651436645,0,True
1000224,EUR_NZD,sell,0.020000000000000004,1.53743,1.4995630662270378,2015-01-21 21:45:00+00:00,2015-01-23 12:30:00+00:00,75.7338675459245,1.4995630662270378,0,
1000202_partial_1422017100,AUD_USD,sell,0.02,0.8172,0.7905729858122998,2015-01-20 01:15:00+00:00,2015-01-23 12:45:00+00:00,53.254028375400374,0.7999707555256057,0,True
1000134_partial_1422223200,GBP_AUD,buy,0.04,1.863659539347766,1.9003052518230443,2015-01-14 02:15:00+00:00,2015-01-25 22:00:00+00:00,146.5828499011135,1.8470023973135485,0,True
1000134,GBP_AUD,buy,0.020000000000000004,1.863659539347766,1.895308109212779,2015-01-14 02:15:00+00:00,2015-01-26 09:30:00+00:00,63.29713973002617,1.895308109212779,0,
1000235,EUR_USD,sell,3.469446951953614e-18,1.16450476266151,1.1357045359339017,2015-01-22 12:45:00+00:00,2015-01-27 14:00:00+00:00,9.99208588356732e-15,1.1357045359339017,0,
1000202,AUD_USD,sell,6.938893903907228e-18,0.8172,0.799187608049497,2015-01-20 01:15:00+00:00,2015-01-28 00:30:00+00:00,1.2498607670013346e-14,0.799187608049497,0,
1000234,NAS100_USD,buy,1.51,4168.600100000001,4106.986720837657,2015-01-21 00:00:00+00:00,2015-01-29 14:45:00+00:00,-93.03620253513844,4106.986720837657,0,
1000292_partial_1422546300,GBP_USD,sell,0.01,1.515340539734731,1.5082169886472196,2015-01-27 13:30:00+00:00,2015-01-29 15:45:00+00:00,7.123551087511394,1.529587641909754,0,True
1000292_partial_1422631800,GBP_USD,sell,0.09,1.515340539734731,1.4996687273422058,2015-01-27 13:30:00+00:00,2015-01-30 15:30:00+00:00,141.04631153272715,1.5224640908222424,0,True
1000292,GBP_USD,sell,0.04999999999999999,1.515340539734731,1.5018057926684591,2015-01-27 13:30:00+00:00,2015-01-30 15:45:00+00:00,67.67373533135944,1.5018057926684591,0,
1000328_partial_1422865800,NZD_CAD,buy,0.01,0.91726,0.9266157977717064,2015-01-28 20:30:00+00:00,2015-02-02 08:30:00+00:00,9.355797771706476,0.8985484044565869,0,True
1000328,NZD_CAD,buy,0.13,0.91726,0.9079042022282935,2015-01-28 20:30:00+00:00,2015-02-03 07:15:00+00:00,-121.62537103218418,0.9079042022282935,0,
1000318,EUR_NZD,sell,0.07,1.5351831339031514,1.5786326210826833,2015-01-28 20:00:00+00:00,2015-02-03 13:45:00+00:00,-304.1464102567233,1.5786326210826833,0,
1000408_partial_1422975600,AUD_NZD,sell,0.02,1.0667229496164294,1.060998067829745,2015-02-03 03:15:00+00:00,2015-02-03 15:00:00+00:00,11.449763573368799,1.0781727131897985,0,True
1000392_partial_1422995400,NAS100_USD,buy,0.14,4142.600100000001,4212.873412962097,2015-02-02 00:00:00+00:00,2015-02-03 20:30:00+00:00,9.83826381469351,4002.0534740758085,0,True
1000408_partial_1423009800,AUD_NZD,sell,0.16,1.0667229496164294,1.0541282096857234,2015-02-03 03:15:00+00:00,2015-02-04 00:30:00+00:00,201.51583889129657,1.0724478314031138,0,True
1000408,AUD_NZD,sell,0.08000000000000002,1.0667229496164294,1.0558456742217288,2015-02-03 03:15:00+00:00,2015-02-04 09:00:00+00:00,87.01820315760502,1.0558456742217288,0,
1000429_partial_1423063800,NZD_CAD,buy,0.01,0.91662,0.9260125302739376,2015-02-04 00:00:00+00:00,2015-02-04 15:30:00+00:00,9.392530273937606,0.8978349394521248,0,True
1000394,GBP_USD,sell,0.16,1.51659,1.5297671428571429,2015-02-03 17:45:00+00:00,2015-02-05 13:30:00+00:00,-210.83428571428442,1.5297671428571429,0,
1000440_partial_1423229400,GBP_JPY,buy,0.01,178.6657221912656,180.66920872794753,2015-02-05 09:00:00+00:00,2015-02-06 13:30:00+00:00,20.034865366819474,174.6587491179017,0,True
1000468_partial_1423230300,CHF_JPY,buy,0.01,127.13866702998395,128.38780988712682,2015-02-06 01:45:00+00:00,2015-02-06 13:45:00+00:00,12.491428571428715,124.64038131569824,0,True
1000085_partial_1423625400,USD_JPY,buy,0.01,118.33,119.59508564441367,2015-01-12 00:00:00+00:00,2015-02-11 03:30:00+00:00,12.650856444136735,115.79982871117267,0,True
1000440_partial_1423647900,GBP_JPY,buy,0.04,178.6657221912656,183.07339257196588,2015-02-05 09:00:00+00:00,2015-02-11 09:45:00+00:00,176.30681522801183,176.66223565458364,0,True
1000509_partial_1423665900,AUD_USD,sell,0.01,0.77832,0.7715596934547699,2015-02-11 00:00:00+00:00,2015-02-11 14:45:00+00:00,6.760306545230077,0.7918406130904603,0,True
1000392_partial_1423668600,NAS100_USD,buy,0.94,4142.600100000001,4297.201388516612,2015-02-02 00:00:00+00:00,2015-02-11 15:30:00+00:00,145.32521120561435,4072.3267870379045,0,True
1000468_partial_1423669500,CHF_JPY,buy,0.06,127.13866702998395,129.88678131569824,2015-02-06 01:45:00+00:00,2015-02-11 15:45:00+00:00,164.88685714285765,125.88952417284109,0,True
1000468,CHF_JPY,buy,0.030000000000000013,127.13866702998395,129.51203845855537,2015-02-06 01:45:00+00:00,2015-02-11 17:00:00+00:00,71.20114285714254,129.51203845855537,0,
1000392,NAS100_USD,buy,0.45999999999999996,4142.600100000001,4276.119394627983,2015-02-02 00:00:00+00:00,2015-02-11 18:00:00+00:00,61.41887552887179,4276.119394627983,0,
1000440,GBP_JPY,buy,0.009999999999999995,178.6657221912656,182.4723466109613,2015-02-05 09:00:00+00:00,2015-02-12 08:15:00+00:00,38.066244196957065,182.4723466109613,0,
1000420_partial_1424061000,EUR_NZD,sell,0.01,1.54009,1.5204827900580367,2015-02-04 21:15:00+00:00,2015-02-16 04:30:00+00:00,19.6072099419633,1.5793044198839263,0,True
1000585_partial_1424254500,GBP_CAD,buy,0.01,1.90222,1.9168494381853305,2015-02-17 12:15:00+00:00,2015-02-18 10:15:00+00:00,14.62943818533047,1.872961123629339,0,True
1000429_partial_1424286000,NZD_CAD,buy,0.09,0.91662,0.9372835666026628,2015-02-04 00:00:00+00:00,2015-02-18 19:00:00+00:00,185.97209942396498,0.9072274697260624,0,True
1000429_partial_1424309400,NZD_CAD,buy,0.02,0.91662,0.9410405787122378,2015-02-04 00:00:00+00:00,2015-02-19 01:30:00+00:00,48.84115742447559,0.9344658075204815,0,True
1000541,CHF_JPY,buy,0.11,127.944,125.49101316818991,2015-02-12 14:15:00+00:00,2015-02-19 11:15:00+00:00,-269.82855149911035,125.49101316818991,0,
1000585_partial_1424358000,GBP_CAD,buy,0.06,1.90222,1.934404764007727,2015-02-17 12:15:00+00:00,2015-02-19 15:00:00+00:00,193.1085840463624,1.8875905618146696,0,True
1000585,GBP_CAD,buy,0.020000000000000004,1.90222,1.930015932552128,2015-02-17 12:15:00+00:00,2015-02-19 16:30:00+00:00,55.591865104255966,1.930015932552128,0,
1000588_partial_1424420100,AUD_CAD,buy,0.01,0.96783,0.9775697170512565,2015-02-17 00:00:00+00:00,2015-02-20 08:15:00+00:00,9.739717051256536,0.9483505658974868,0,True
1000429,NZD_CAD,buy,0.020000000000000007,0.91662,0.9372835666026628,2015-02-04 00:00:00+00:00,2015-02-20 10:30:00+00:00,41.327133205325566,0.9372835666026628,0,
1000420_partial_1424437200,EUR_NZD,sell,0.04,1.54009,1.496954138127681,2015-02-04 21:15:00+00:00,2015-02-20 13:00:00+00:00,172.54344748927596,1.5596972099419633,0,True
1000420,EUR_NZD,sell,0.020000000000000004,1.54009,1.50283630111027,2015-02-04 21:15:00+00:00,2015-02-20 15:15:00+00:00,74.50739777946015,1.50283630111027,0,
1000526_partial_1424688300,USD_CAD,buy,0.02,1.25094,1.259538214285714,2015-02-12 14:30:00+00:00,2015-02-23 10:45:00+00:00,17.19642857142833,1.2337435714285714,0,True
1000638_partial_1424698200,EUR_GBP,sell,0.02,0.7386808547488153,0.7352794261773867,2015-02-23 07:15:00+00:00,2015-02-23 13:30:00+00:00,6.8028571428571105,0.7454837118916724,0,True
1000504_partial_1424800800,CAD_JPY,sell,0.01,95.7792028795482,94.24815632012908,2015-02-10 13:30:00+00:00,2015-02-24 18:00:00+00:00,15.3104655941911,98.84129599838643,0,True
1000660_partial_1424804400,EUR_CAD,sell,0.02,1.4303415005362432,1.4230682862505288,2015-02-24 09:00:00+00:00,2015-02-24 19:00:00+00:00,14.546428571428738,1.4448879291076717,0,True
1000509,AUD_USD,sell,0.13999999999999999,0.77832,0.7850803065452301,2015-02-11 00:00:00+00:00,2015-02-25 00:15:00+00:00,-94.64429163322107,0.7850803065452301,0,
1000660_partial_1424828700,EUR_CAD,sell,0.12,1.4303415005362432,1.4143404291076718,2015-02-24 09:00:00+00:00,2015-02-25 01:45:00+00:00,192.0128571428572,1.4376147148219576,0,True
1000660,EUR_CAD,sell,0.05000000000000002,1.4303415005362432,1.4165223933933861,2015-02-24 09:00:00+00:00,2015-02-25 07:15:00+00:00,69.0955357142853,1.4165223933933861,0,
1000526,USD_CAD,buy,0.14,1.25094,1.2423417857142858,2015-02-12 14:30:00+00:00,2015-02-25 11:45:00+00:00,-120.37499999999834,1.2423417857142858,0,
1000638_partial_1424916000,EUR_GBP,sell,0.13,0.7386808547488153,0.7311977118916725,2015-02-23 07:15:00+00:00,2015-02-26 02:00:00+00:00,97.28085714285639,0.7420822833202438,0,True
1000638,EUR_GBP,sell,0.06,0.7386808547488153,0.7322181404631011,2015-02-23 07:15:00+00:00,2015-02-26 08:30:00+00:00,38.77628571428526,0.7322181404631011,0,
1000689_partial_1424958300,EUR_USD,sell,0.02,1.1324439039960785,1.125983884572549,2015-02-26 12:30:00+00:00,2015-02-26 13:45:00+00:00,12.920038847059166,1.1453639428431377,0,True
1000657_partial_1424963700,EUR_JPY,sell,0.01,134.908,133.72274754343414,2015-02-24 01:45:00+00:00,2015-02-26 15:15:00+00:00,11.852524565658484,137.27850491313168,0,True
1000691_partial_1424975400,USD_CAD,buy,0.02,1.245043610026582,1.2514764671694392,2015-02-26 11:45:00+00:00,2015-02-26 18:30:00+00:00,12.86571428571426,1.2321778957408678,0,True
1000689_partial_1425249000,EUR_USD,sell,0.1,1.1324439039960785,1.1182318612643134,2015-02-26 12:30:00+00:00,2015-03-01 22:30:00+00:00,142.1204273176513,1.138903923419608,0,True
1000689,EUR_USD,sell,0.05000000000000002,1.1324439039960785,1.1201698670913722,2015-02-26 12:30:00+00:00,2015-03-02 09:30:00+00:00,61.370184523531506,1.1201698670913722,0,
1000699,GBP_NZD,buy,0.14,2.04464,2.0237814285714286,2015-02-26 08:00:00+00:00,2015-03-04 09:45:00+00:00,-292.01999999999646,2.0237814285714286,0,
1000664,GBP_CAD,buy,0.1,1.93038,1.9027398346904685,2015-02-24 20:00:00+00:00,2015-03-04 15:15:00+00:00,-276.40165309531505,1.9027398346904685,0,
1000726_partial_1425483900,EUR_CHF,sell,0.02,1.07186,1.065248708435663,2015-03-02 09:15:00+00:00,2015-03-04 15:45:00+00:00,13.22258312867408,1.085082583128674,0,True
1000657_partial_1425537000,EUR_JPY,sell,0.07,134.908,132.30044459555512,2015-02-24 01:45:00+00:00,2015-03-05 06:30:00+00:00,182.52887831114066,136.09325245656584,0,True
1000657,EUR_JPY,sell,0.03,134.908,132.65602033252486,2015-02-24 01:45:00+00:00,2015-03-05 10:15:00+00:00,67.55939002425377,132.65602033252486,0,
1000578_partial_1425651300,NZD_USD,sell,0.01,0.754,0.7392261191247214,2015-02-17 11:15:00+00:00,2015-03-06 14:15:00+00:00,14.773880875278644,0.7835477617505572,0,True
1000691_partial_1425651300,USD_CAD,buy,0.13,1.245043610026582,1.2591958957408678,2015-02-26 11:45:00+00:00,2015-03-06 14:15:00+00:00,183.97971428571446,1.238610752883725,0,True
1000692_partial_1425653100,AUD_USD,sell,0.02,0.78006,0.77314248204513,2015-02-26 18:30:00+00:00,2015-03-06 14:45:00+00:00,13.83503590973989,0.79389503590974,0,True
1000085_partial_1425654000,USD_JPY,buy,0.06,118.33,121.11318841771006,2015-01-12 00:00:00+00:00,2015-03-06 15:00:00+00:00,166.99130506260389,117.06491435558632,0,True
1000691_partial_1425661200,USD_CAD,buy,0.03,1.245043610026582,1.2617690385980105,2015-02-26 11:45:00+00:00,2015-03-06 17:00:00+00:00,50.17628571428534,1.2572660385980106,0,True
1000085,USD_JPY,buy,0.020000000000000004,118.33,120.73366272438597,2015-01-12 00:00:00+00:00,2015-03-06 18:30:00+00:00,48.07325448771935,120.73366272438597,0,
1000144,USD_CHF,sell,0.01,0.9403430139353589,0.9864548125896206,2015-01-15 10:45:00+00:00,2015-03-06 21:45:00+00:00,-46.11179865426174,0.9864548125896206,0,
1000691,USD_CAD,buy,0.04000000000000001,1.245043610026582,1.2591958957408678,2015-02-26 11:45:00+00:00,2015-03-09 08:15:00+00:00,56.60914285714292,1.2591958957408678,0,
1000774,AUD_NZD,sell,0.24,1.03939,1.0518681014645703,2015-03-05 09:00:00+00:00,2015-03-10 02:30:00+00:00,-299.47443514968694,1.0518681014645703,0,
1000758_partial_1425955500,GBP_AUD,buy,0.01,1.95257,1.970506490241034,2015-03-04 13:15:00+00:00,2015-03-10 02:45:00+00:00,17.936490241034164,1.9166970195179316,0,True
1000788_partial_1425955500,GBP_NZD,buy,0.01,2.04349,2.066972731555842,2015-03-06 14:30:00+00:00,2015-03-10 02:45:00+00:00,23.48273155584213,1.9965245368883153,0,True
1000692_partial_1425957300,AUD_USD,sell,0.1,0.78006,0.7648414604992859,2015-02-26 18:30:00+00:00,2015-03-10 03:15:00+00:00,152.18539500714056,0.7869775179548699,0,True
1000692_partial_1425977100,AUD_USD,sell,0.02,0.78006,0.762074453317338,2015-02-26 18:30:00+00:00,2015-03-10 08:45:00+00:00,35.97109336532389,0.766916715885747,0,True
1000692,AUD_USD,sell,0.020000000000000007,0.78006,0.7648414604992859,2015-02-26 18:30:00+00:00,2015-03-10 12:15:00+00:00,30.43707900142812,0.7648414604992859,0,
1000793,NAS100_USD,buy,3.38,4407.395668753409,4340.913102690748,2015-03-06 17:15:00+00:00,2015-03-10 16:00:00+00:00,-224.71107329179463,4340.913102690748,0,
1000817_partial_1426013100,GBP_JPY,sell,0.01,183.522,182.54433190192822,2015-03-10 00:00:00+00:00,2015-03-10 18:45:00+00:00,9.776680980717742,185.4773361961435,0,True
1000819_partial_1426013100,AUD_JPY,sell,0.02,93.05607841888265,92.27014845849162,2015-03-10 04:45:00+00:00,2015-03-10 18:45:00+00:00,15.718599207820603,94.62793833966471,0,True
1000833_partial_1426068000,EUR_NZD,sell,0.01,1.4729068884605243,1.4600473175827076,2015-03-11 02:30:00+00:00,2015-03-11 10:00:00+00:00,12.85957087781675,1.498626030216158,0,True
1000578_partial_1426085100,NZD_USD,sell,0.04,0.754,0.7214974620743871,2015-02-17 11:15:00+00:00,2015-03-11 14:45:00+00:00,130.01015170245145,0.7687738808752786,0,True
1000817_partial_1426094100,GBP_JPY,sell,0.09,183.522,181.37113018424213,2015-03-10 00:00:00+00:00,2015-03-11 17:15:00+00:00,193.5782834182072,184.49966809807177,0,True
1000817_partial_1426095000,GBP_JPY,sell,0.02,183.522,180.9800629450134,2015-03-10 00:00:00+00:00,2015-03-11 17:30:00+00:00,50.838741099731806,181.66443061366365,0,True
1000817,GBP_JPY,sell,0.02999999999999999,183.522,181.37113018424213,2015-03-10 00:00:00+00:00,2015-03-11 18:30:00+00:00,64.5260944727357,181.37113018424213,0,
1000578,NZD_USD,sell,0.020000000000000004,0.754,0.7259296263369707,2015-02-17 11:15:00+00:00,2015-03-11 20:15:00+00:00,56.14074732605868,0.7259296263369707,0,
1000821_partial_1426106700,NZD_CAD,buy,0.02,0.923,0.9297154642658225,2015-03-10 02:15:00+00:00,2015-03-11 20:45:00+00:00,13.430928531644959,0.9095690714683552,0,True
1000833_partial_1426113900,EUR_NZD,sell,0.07,1.4729068884605243,1.4446158325293272,2015-03-11 02:30:00+00:00,2015-03-11 22:45:00+00:00,198.0373915183795,1.485766459338341,0,True
1000833_partial_1426131900,EUR_NZD,sell,0.02,1.4729068884605243,1.4394720041782005,2015-03-11 02:30:00+00:00,2015-03-12 03:45:00+00:00,66.86976856464754,1.4484737037926723,0,True
1000821_partial_1426143600,NZD_CAD,buy,0.13,0.923,0.9377740213848094,2015-03-10 02:15:00+00:00,2015-03-12 07:00:00+00:00,192.06227800252117,0.9162845357341776,0,True
1000788,GBP_NZD,buy,0.049999999999999996,2.04349,2.0200072684441577,2015-03-06 14:30:00+00:00,2015-03-12 10:45:00+00:00,-117.41365777921064,2.0200072684441577,0,
1000758,GBP_AUD,buy,0.07,1.95257,1.9346335097589658,2015-03-04 13:15:00+00:00,2015-03-12 15:15:00+00:00,-125.55543168723916,1.9346335097589658,0,
1000821,NZD_CAD,buy,0.07,0.923,0.9357593821050626,2015-03-10 02:15:00+00:00,2015-03-12 17:45:00+00:00,89.3156747354379,0.9357593821050626,0,
1000833,EUR_NZD,sell,0.019999999999999993,1.4729068884605243,1.4446158325293272,2015-03-11 02:30:00+00:00,2015-03-13 09:15:00+00:00,56.58211186239412,1.4446158325293272,0,
1000843_partial_1426259700,AUD_USD,sell,0.02,0.77076,0.7632663649542668,2015-03-12 12:30:00+00:00,2015-03-13 15:15:00+00:00,14.987270091466385,0.7857472700914665,0,True
1000726_partial_1426264200,EUR_CHF,sell,0.1,1.07186,1.0573151585584588,2015-03-02 09:15:00+00:00,2015-03-13 16:30:00+00:00,145.44841441541223,1.078471291564337,0,True
1000726_partial_1426266900,EUR_CHF,sell,0.02,1.07186,1.054670641932724,2015-03-02 09:15:00+00:00,2015-03-13 17:15:00+00:00,34.3787161345519,1.05929854602776,0,True
1000726,EUR_CHF,sell,0.020000000000000007,1.07186,1.0573151585584588,2015-03-02 09:15:00+00:00,2015-03-15 22:30:00+00:00,29.089682883082457,1.0573151585584588,0,
1000836_partial_1426552200,AUD_NZD,sell,0.02,1.0413,1.0341878238657891,2015-03-11 20:15:00+00:00,2015-03-17 00:30:00+00:00,14.224352268421558,1.0555243522684212,0,True
1000843,AUD_USD,sell,0.14,0.77076,0.7782536350457332,2015-03-12 12:30:00+00:00,2015-03-18 19:00:00+00:00,-104.9108906402647,0.7782536350457332,0,
1000902_partial_1426714200,GBP_USD,sell,0.01,1.5149061357162696,1.4970125326524943,2015-03-18 20:00:00+00:00,2015-03-18 21:30:00+00:00,17.8936030637753,1.5506933418438205,0,True
1000903_partial_1426715100,USD_JPY,buy,0.02,119.58259314069224,120.18654481694506,2015-03-18 20:00:00+00:00,2015-03-18 21:45:00+00:00,12.079033525056388,118.3746897881866,0,True
1000914_partial_1426715100,NZD_CHF,buy,0.02,0.7271252676109486,0.733637780682586,2015-03-18 20:00:00+00:00,2015-03-18 21:45:00+00:00,13.025026143274722,0.7141002414676739,0,True
1000904_partial_1426735800,USD_CHF,buy,0.01,0.9714331604726477,0.9879212398649576,2015-03-18 20:00:00+00:00,2015-03-19 03:30:00+00:00,16.488079392309896,0.9384570016880279,0,True
1000906_partial_1426736700,EUR_JPY,sell,0.01,131.5491634645818,129.71081043869097,2015-03-18 20:00:00+00:00,2015-03-19 03:45:00+00:00,18.38353025890825,135.22586951636345,0,True
1000919_partial_1426752900,AUD_USD,sell,0.02,0.7731372866483085,0.766462203814769,2015-03-19 04:00:00+00:00,2015-03-19 08:15:00+00:00,13.350165667078919,0.7864874523153873,0,True
1000873_partial_1426754700,EUR_CHF,sell,0.01,1.06469,1.0570239513048942,2015-03-16 14:00:00+00:00,2015-03-19 08:45:00+00:00,7.666048695105676,1.0800220973902113,0,True
1000918_partial_1426754700,USD_CAD,buy,0.02,1.2591531639293108,1.2672198103059114,2015-03-19 03:45:00+00:00,2015-03-19 08:45:00+00:00,16.13329275320119,1.2430198711761096,0,True
1000903_partial_1426770000,USD_JPY,buy,0.14,119.58259314069224,120.91128682844844,2015-03-18 20:00:00+00:00,2015-03-19 13:00:00+00:00,186.01711628586798,118.97864146443942,0,True
1000903,USD_JPY,buy,0.07,119.58259314069224,120.73010132557259,2015-03-18 20:00:00+00:00,2015-03-19 14:15:00+00:00,80.32557294162459,120.73010132557259,0,
1000902_partial_1426775400,GBP_USD,sell,0.04,1.5149061357162696,1.4755402089759637,2015-03-18 20:00:00+00:00,2015-03-19 14:30:00+00:00,157.4637069612237,1.532799738780045,0,True
1000902,GBP_USD,sell,0.020000000000000004,1.5149061357162696,1.4809082898950963,2015-03-18 20:00:00+00:00,2015-03-20 12:15:00+00:00,67.99569164234677,1.4809082898950963,0,
1000916_partial_1426871700,NAS100_USD,buy,0.16,4406.912622840646,4476.368758774332,2015-03-18 18:00:00+00:00,2015-03-20 17:15:00+00:00,11.112981749389728,4268.000350973274,0,True
1000504,CAD_JPY,sell,0.07,95.7792028795482,95.654,2015-02-10 13:30:00+00:00,2015-03-20 17:30:00+00:00,8.764201568373835,97.3102494389673,0,
1000531,GBP_CHF,sell,0.02,1.4234760694695219,1.45948,2015-02-12 10:30:00+00:00,2015-03-20 17:30:00+00:00,-72.00786106095647,1.5474788195340066,0,
1000588,AUD_CAD,buy,0.12000000000000001,0.96783,0.9789,2015-02-17 00:00:00+00:00,2015-03-20 17:30:00+00:00,132.84000000000032,0.9580902829487434,0,
1000819,AUD_JPY,sell,0.16,93.05607841888265,93.635,2015-03-10 04:45:00+00:00,2015-03-20 17:30:00+00:00,-92.627452978777,93.84200837927368,0,
1000837,CAD_CHF,sell,0.03,0.7874,0.77596,2015-03-11 00:00:00+00:00,2015-03-20 17:30:00+00:00,34.320000000000014,0.8771837318223847,0,
1000836,AUD_NZD,sell,0.2,1.0413,1.02832,2015-03-11 20:15:00+00:00,2015-03-20 17:30:00+00:00,259.59999999999985,1.0484121761342107,0,
1000873,EUR_CHF,sell,0.13999999999999999,1.06469,1.05778,2015-03-16 14:00:00+00:00,2015-03-20 17:30:00+00:00,96.73999999999958,1.0723560486951056,0,
1000889,EUR_GBP,sell,0.12,0.7185,0.72476,2015-03-17 10:15:00+00:00,2015-03-20 17:30:00+00:00,-75.11999999999918,0.7313581776147021,0,
1000916,NAS100_USD,buy,1.54,4406.912622840646,4477.0,2015-03-18 18:00:00+00:00,2015-03-20 17:30:00+00:00,107.9345608254055,4337.45648690696,0,
1000905,NZD_USD,sell,0.14,0.7451927213396863,0.75821,2015-03-18 18:15:00+00:00,2015-03-20 17:30:00+00:00,-182.24190124439278,0.7618968619274512,0,
1000904,USD_CHF,buy,0.060000000000000005,0.9714331604726477,0.97423,2015-03-18 20:00:00+00:00,2015-03-20 17:30:00+00:00,16.781037164113943,0.9549450810803378,0,
1000906,EUR_JPY,sell,0.07,131.5491634645818,130.396,2015-03-18 20:00:00+00:00,2015-03-20 17:30:00+00:00,80.72144252072663,133.38751649047262,0,
1000914,NZD_CHF,buy,0.16,0.7271252676109486,0.73867,2015-03-18 20:00:00+00:00,2015-03-20 17:30:00+00:00,184.7157182248225,0.7206127545393113,0,
1000918,USD_CAD,buy,0.16,1.2591531639293108,1.25552,2015-03-19 03:45:00+00:00,2015-03-20 17:30:00+00:00,-58.130622868972644,1.2510865175527102,0,
1000919,AUD_USD,sell,0.16,0.7731372866483085,0.77966,2015-03-19 04:00:00+00:00,2015-03-20 17:30:00+00:00,-104.36341362706435,0.779812369481848,0,
1000975_partial_1427206500,EUR_CHF,sell,0.01,1.0542958691555955,1.0442951335111141,2015-03-24 09:15:00+00:00,2015-03-24 14:15:00+00:00,10.00073564448134,1.0742973404445584,0,True
1000948,USD_JPY,buy,0.21,119.726,118.36070024221792,2015-03-23 11:30:00+00:00,2015-03-26 08:15:00+00:00,-286.71294913423736,118.36070024221792,0,
1000950,USD_CAD,buy,0.15,1.2591484188982323,1.24219,2015-03-23 00:30:00+00:00,2015-03-26 10:00:00+00:00,-254.37628347348527,1.2389703397092346,0,
1000949,USD_CHF,buy,0.07,0.9712760885416936,0.95078,2015-03-23 12:00:00+00:00,2015-03-26 10:00:00+00:00,-143.47261979185524,0.9378960305060486,0,
1000946,EUR_USD,sell,0.07,1.09458,1.10282,2015-03-23 14:15:00+00:00,2015-03-26 10:00:00+00:00,-57.67999999999863,1.12855210967561,0,
1000954,EUR_JPY,sell,0.07,131.047,130.732,2015-03-23 17:30:00+00:00,2015-03-26 10:00:00+00:00,22.049999999999844,135.27404858872103,0,
1000975,EUR_CHF,sell,0.11,1.0542958691555955,1.04853,2015-03-24 09:15:00+00:00,2015-03-26 10:00:00+00:00,63.42456071155066,1.0642966048000768,0,
1001009,NAS100_USD,buy,2.44,4369.075816303051,4278.4,2015-03-25 15:30:00+00:00,2015-03-26 10:00:00+00:00,-221.2489917794463,4268.895189437288,0,
1001023,AUD_CAD,buy,0.22,0.97714,0.97743,2015-03-26 02:45:00+00:00,2015-03-26 10:00:00+00:00,6.380000000000274,0.9629845745007993,0,
1001071_partial_1427479200,CAD_JPY,sell,0.02,95.21271493338143,94.64400820952724,2015-03-27 13:45:00+00:00,2015-03-27 18:00:00+00:00,11.374134477083828,96.35012838108982,0,True
1001052_partial_1427769900,AUD_USD,sell,0.01,0.77509,0.7635848385811299,2015-03-27 15:45:00+00:00,2015-03-31 02:45:00+00:00,11.505161418870037,0.79810032283774,0,True
1001051_partial_1427790600,USD_CAD,buy,0.01,1.26139,1.2743538987344407,2015-03-27 20:00:00+00:00,2015-03-31 08:30:00+00:00,12.963898734440704,1.2354622025311188,0,True
1001071_partial_1427802300,CAD_JPY,sell,0.15,95.21271493338143,93.96156014090221,2015-03-27 13:45:00+00:00,2015-03-31 11:45:00+00:00,187.673218871884,95.78142165723563,0,True
1001071,CAD_JPY,sell,0.08000000000000002,95.21271493338143,94.13217215805847,2015-03-27 13:45:00+00:00,2015-03-31 12:30:00+00:00,86.44342202583745,94.13217215805847,0,
1001067,AUD_CAD,buy,0.25,0.9746373893702078,0.9629921048935994,2015-03-27 01:30:00+00:00,2015-04-01 10:15:00+00:00,-291.1321119152099,0.9629921048935994,0,
1001051,USD_CAD,buy,0.11,1.26139,1.2484261012655593,2015-03-27 20:00:00+00:00,2015-04-03 12:30:00+00:00,-142.60288607884775,1.2484261012655593,0,
1001152,CAD_JPY,sell,0.34,95.328,96.15257142857143,2015-04-02 14:15:00+00:00,2015-04-07 07:45:00+00:00,-280.3542857142867,96.15257142857143,0,
1001136_partial_1428403500,EUR_GBP,sell,0.02,0.73373,0.7297374999999999,2015-04-02 13:15:00+00:00,2015-04-07 10:45:00+00:00,7.98500000000013,0.741715,0,True
1001188_partial_1428408000,USD_JPY,buy,0.01,119.536,120.11034658492885,2015-04-06 19:15:00+00:00,2015-04-07 12:00:00+00:00,5.743465849288469,118.38730683014231,0,True
1001156_partial_1428418800,NZD_USD,sell,0.01,0.75931,0.7513771821676529,2015-04-03 12:30:00+00:00,2015-04-07 15:00:00+00:00,7.932817832347117,0.7751756356646942,0,True
1001213_partial_1428466500,GBP_JPY,sell,0.01,178.85059776185216,177.93147206804224,2015-04-07 08:30:00+00:00,2015-04-08 04:15:00+00:00,9.191256938099173,180.68884914947202,0,True
1001136_partial_1428501600,EUR_GBP,sell,0.12,0.73373,0.7249464999999999,2015-04-02 13:15:00+00:00,2015-04-08 14:00:00+00:00,105.40200000000065,0.7377225000000001,0,True
1001136_partial_1428504300,EUR_GBP,sell,0.03,0.73373,0.7233495,2015-04-02 13:15:00+00:00,2015-04-08 14:45:00+00:00,31.141500000000047,0.7261442499999999,0,True
1001136,EUR_GBP,sell,0.030000000000000027,0.73373,0.7249464999999999,2015-04-02 13:15:00+00:00,2015-04-08 15:30:00+00:00,26.35050000000019,0.7249464999999999,0,
1001137_partial_1428558300,EUR_JPY,sell,0.02,130.252,129.41750000000002,2015-04-02 13:30:00+00:00,2015-04-09 05:45:00+00:00,16.689999999999827,131.921,0,True
1001080_partial_1428562800,EUR_AUD,sell,0.01,1.41558,1.3992942212361776,2015-03-30 12:00:00+00:00,2015-04-09 07:00:00+00:00,16.28577876382242,1.4481515575276447,0,True
1001246_partial_1428565500,GBP_NZD,sell,0.01,1.97295086286845,1.959149753466157,2015-04-09 00:30:00+00:00,2015-04-09 07:45:00+00:00,13.801109402292955,2.000553081673036,0,True
1001047_partial_1428590700,EUR_USD,sell,0.01,1.08835,1.0683976601618452,2015-03-27 00:00:00+00:00,2015-04-09 14:45:00+00:00,19.952339838154696,1.1282546796763093,0,True
1001137_partial_1428594300,EUR_JPY,sell,0.1,130.252,128.41610000000003,2015-04-02 13:30:00+00:00,2015-04-09 15:45:00+00:00,183.5899999999981,131.0865,0,True
1001231_partial_1428595200,GBP_CAD,sell,0.01,1.86536,1.853951490442245,2015-04-08 14:30:00+00:00,2015-04-09 16:00:00+00:00,11.408509557754964,1.8881770191155096,0,True
1001206,CHF_JPY,buy,0.08,124.688,123.17957142857144,2015-04-06 19:00:00+00:00,2015-04-09 16:45:00+00:00,-120.67428571428536,123.17957142857144,0,
1001240_partial_1428598800,GBP_USD,sell,0.01,1.482766928959921,1.472027352068566,2015-04-09 07:15:00+00:00,2015-04-09 17:00:00+00:00,10.739576891354961,1.5042460827426312,0,True
1001208_partial_1428601500,USD_CHF,buy,0.01,0.96608,0.977602676255724,2015-04-07 19:30:00+00:00,2015-04-09 17:45:00+00:00,11.522676255723896,0.9430346474885524,0,True
1001246_partial_1428624000,GBP_NZD,sell,0.07,1.97295086286845,1.9425884221834055,2015-04-09 00:30:00+00:00,2015-04-10 00:00:00+00:00,212.5370847953112,1.986751972270743,0,True
1001137,EUR_JPY,sell,0.05000000000000002,130.252,128.66645000000003,2015-04-02 13:30:00+00:00,2015-04-10 01:30:00+00:00,79.27749999999921,128.66645000000003,0,
1001246,GBP_NZD,sell,0.03,1.97295086286845,1.9467287550040935,2015-04-09 00:30:00+00:00,2015-04-10 07:00:00+00:00,78.66632359306958,1.9467287550040935,0,
1001213_partial_1428652800,GBP_JPY,sell,0.09,178.85059776185216,176.8285212354703,2015-04-07 08:30:00+00:00,2015-04-10 08:00:00+00:00,181.9868873743667,179.76972345566207,0,True
1001213_partial_1428654600,GBP_JPY,sell,0.02,178.85059776185216,176.46087095794633,2015-04-07 08:30:00+00:00,2015-04-10 08:30:00+00:00,47.79453607811661,177.10425894361327,0,True
1001225_partial_1428660900,USD_CAD,buy,0.02,1.25466,1.2630819851752617,2015-04-08 14:45:00+00:00,2015-04-10 10:15:00+00:00,16.843970350523207,1.237816029649477,0,True
1001080_partial_1428687000,EUR_AUD,sell,0.06,1.41558,1.379751286719591,2015-03-30 12:00:00+00:00,2015-04-10 17:30:00+00:00,214.9722796824549,1.4318657787638225,0,True
1001095_partial_1428688800,NAS100_USD,buy,0.22,4368.475520560424,4419.123251468603,2015-03-30 07:45:00+00:00,2015-04-10 18:00:00+00:00,11.142500799799237,4267.1800587440675,0,True
1001231_partial_1428698700,GBP_CAD,sell,0.08,1.86536,1.8402612789729391,2015-04-08 14:30:00+00:00,2015-04-10 20:45:00+00:00,200.7897682164863,1.8767685095577549,0,True
1001080,EUR_AUD,sell,0.020000000000000004,1.41558,1.3846370203487377,2015-03-30 12:00:00+00:00,2015-04-13 00:15:00+00:00,61.885959302524725,1.3846370203487377,0,
1001231,GBP_CAD,sell,0.04000000000000001,1.86536,1.8436838318402657,2015-04-08 14:30:00+00:00,2015-04-13 02:00:00+00:00,86.70467263893669,1.8436838318402657,0,
1001247_partial_1428890400,AUD_JPY,sell,0.01,92.752,91.71164119641611,2015-04-09 10:30:00+00:00,2015-04-13 02:00:00+00:00,10.403588035838853,94.83271760716775,0,True
1001213_partial_1428903000,GBP_JPY,sell,0.02,178.85059776185216,175.7255704028984,2015-04-07 08:30:00+00:00,2015-04-13 05:30:00+00:00,62.50054717907517,176.8285212354703,0,True
1001240_partial_1428903000,GBP_USD,sell,0.07,1.482766928959921,1.4591398597989398,2015-04-09 07:15:00+00:00,2015-04-13 05:30:00+00:00,165.3894841268686,1.493506505851276,0,True
1001229_partial_1428904800,GBP_CHF,sell,0.01,1.43688,1.429134192465696,2015-04-08 11:30:00+00:00,2015-04-13 06:00:00+00:00,7.7458075343039825,1.452371615068608,0,True
1001240,GBP_USD,sell,0.03,1.482766928959921,1.4623617328663463,2015-04-09 07:15:00+00:00,2015-04-13 07:00:00+00:00,61.21558828072415,1.4623617328663463,0,
1001267_partial_1428911100,GBP_AUD,buy,0.01,1.90927,1.9276673274116976,2015-04-13 00:00:00+00:00,2015-04-13 07:45:00+00:00,18.39732741169753,1.872475345176605,0,True
1001188_partial_1428915600,USD_JPY,buy,0.07,119.536,120.79956248684347,2015-04-06 19:15:00+00:00,2015-04-13 09:00:00+00:00,88.44937407904283,118.96165341507115,0,True
1001188,USD_JPY,buy,0.03,119.536,120.62725851136481,2015-04-06 19:15:00+00:00,2015-04-13 10:45:00+00:00,32.737755340944396,120.62725851136481,0,
1001225,USD_CAD,buy,0.15000000000000002,1.25466,1.2462380148247385,2015-04-08 14:45:00+00:00,2015-04-14 14:15:00+00:00,-126.32977762892408,1.2462380148247385,0,
1001248_partial_1429071300,AUD_CHF,sell,0.01,0.7482430043677777,0.7393619987520634,2015-04-09 09:00:00+00:00,2015-04-15 04:15:00+00:00,8.881005615714255,0.7660050155992061,0,True
1001289_partial_1429108200,GBP_CAD,sell,0.01,1.8487157379313073,1.836948360591055,2015-04-15 11:00:00+00:00,2015-04-15 14:30:00+00:00,11.767377340252237,1.8722504926118118,0,True
1001282,USD_CAD,buy,0.23,1.2545265052078842,1.240876090028158,2015-04-15 11:30:00+00:00,2015-04-15 14:45:00+00:00,-313.95954913370525,1.240876090028158,0,
1001271,NZD_CAD,buy,0.31,0.9423876346591102,0.9325001237825368,2015-04-13 02:30:00+00:00,2015-04-15 15:45:00+00:00,-306.51283717377754,0.9325001237825368,0,
1001268_partial_1429118100,GBP_NZD,sell,0.01,1.96874,1.952870278564431,2015-04-13 12:30:00+00:00,2015-04-15 17:15:00+00:00,15.869721435568973,2.000479442871138,0,True
1001213,GBP_JPY,sell,0.009999999999999988,178.85059776185216,176.73660866608932,2015-04-07 08:30:00+00:00,2015-04-15 19:15:00+00:00,21.139890957628296,176.73660866608932,0,
1001289_partial_1429142400,GBP_CAD,sell,0.08,1.8487157379313073,1.8228275077827523,2015-04-15 11:00:00+00:00,2015-04-16 00:00:00+00:00,207.1058411884401,1.8604831152715595,0,True
1001289,GBP_CAD,sell,0.04000000000000001,1.8487157379313073,1.826357720984828,2015-04-15 11:00:00+00:00,2015-04-16 07:00:00+00:00,89.43206778591684,1.826357720984828,0,
1001156,NZD_USD,sell,0.13999999999999999,0.75931,0.7672428178323472,2015-04-03 12:30:00+00:00,2015-04-16 17:45:00+00:00,-111.05944965285961,0.7672428178323472,0,
1001208,USD_CHF,buy,0.09000000000000001,0.96608,0.9545573237442762,2015-04-07 19:30:00+00:00,2015-04-16 17:45:00+00:00,-103.70408630151508,0.9545573237442762,0,
1001272,GBP_USD,sell,0.14,1.47817,1.4955133253396322,2015-04-14 13:00:00+00:00,2015-04-16 18:00:00+00:00,-242.80655475485122,1.4955133253396322,0,
1001299_partial_1429279200,AUD_NZD,sell,0.03,1.01712,1.0123825878080996,2015-04-16 01:30:00+00:00,2015-04-17 14:00:00+00:00,14.21223657570114,1.0265948243838008,0,True
1001299_partial_1429579800,AUD_NZD,sell,0.21,1.01712,1.006697693177819,2015-04-16 01:30:00+00:00,2015-04-21 01:30:00+00:00,218.86844326579944,1.0218574121919004,0,True
1001299_partial_1429611300,AUD_NZD,sell,0.05,1.01712,1.004802728301059,2015-04-16 01:30:00+00:00,2015-04-21 10:15:00+00:00,61.58635849470518,1.0081189168353892,0,True
1001268_partial_1429615800,GBP_NZD,sell,0.06,1.96874,1.9338266128417483,2015-04-13 12:30:00+00:00,2015-04-21 11:30:00+00:00,209.4803229495099,1.984609721435569,0,True
1001268,GBP_NZD,sell,0.030000000000000013,1.96874,1.9385875292724188,2015-04-13 12:30:00+00:00,2015-04-21 13:45:00+00:00,90.45741218274331,1.9385875292724188,0,
1001299,AUD_NZD,sell,0.05000000000000006,1.01712,1.006697693177819,2015-04-16 01:30:00+00:00,2015-04-21 15:00:00+00:00,52.11153411090469,1.006697693177819,0,
1001341_partial_1429699500,EUR_GBP,sell,0.02,0.7204800053228757,0.7168392841934641,2015-04-22 06:45:00+00:00,2015-04-22 10:45:00+00:00,7.281442258823212,0.7277614475816988,0,True
1001229,GBP_CHF,sell,0.13,1.43688,1.444625807534304,2015-04-08 11:30:00+00:00,2015-04-22 12:00:00+00:00,-100.69549794595177,1.444625807534304,0,
1001237,NZD_CHF,sell,0.16,0.72986,0.743719870383828,2015-04-08 08:00:00+00:00,2015-04-22 12:15:00+00:00,-221.7579261412492,0.743719870383828,0,
1001252,CAD_CHF,sell,0.17,0.77713,0.7908487243916292,2015-04-09 17:00:00+00:00,2015-04-22 17:15:00+00:00,-233.21831465769716,0.7908487243916292,0,
1001351_partial_1429730100,CHF_JPY,sell,0.02,124.38178906747274,123.56948883786495,2015-04-22 12:00:00+00:00,2015-04-22 19:15:00+00:00,16.246004592155714,126.00638952668832,0,True
1001341_partial_1429751700,EUR_GBP,sell,0.14,0.7204800053228757,0.7124704188381703,2015-04-22 06:45:00+00:00,2015-04-23 01:15:00+00:00,112.1342107858756,0.7241207264522873,0,True
1001349,AUD_NZD,sell,0.33,1.01154,1.0213783429879668,2015-04-22 02:00:00+00:00,2015-04-23 04:15:00+00:00,-324.6653186029014,1.0213783429879668,0,
1001315,NZD_CAD,buy,0.23,0.94074,0.9276029519023956,2015-04-17 16:45:00+00:00,2015-04-23 05:45:00+00:00,-302.1521062449014,0.9276029519023956,0,
1001341,EUR_GBP,sell,0.07,0.7204800053228757,0.7135626351769938,2015-04-22 06:45:00+00:00,2015-04-23 08:00:00+00:00,48.42159102117328,0.7135626351769938,0,
1001371_partial_1429780500,NZD_CHF,sell,0.02,0.7373517568270216,0.7312666409065653,2015-04-23 00:30:00+00:00,2015-04-23 09:15:00+00:00,12.170231840912482,0.749521988667934,0,True
1001351,CHF_JPY,sell,0.16,124.38178906747274,125.19408929708052,2015-04-22 12:00:00+00:00,2015-04-23 14:45:00+00:00,-129.9680367372457,125.19408929708052,0,
1001095_partial_1429807500,NAS100_USD,buy,1.43,4368.475520560424,4479.900528558416,2015-03-30 07:45:00+00:00,2015-04-23 16:45:00+00:00,159.33776143712856,4317.827789652246,0,True
1001371_partial_1429807500,NZD_CHF,sell,0.12,0.7373517568270216,0.723964501802018,2015-04-23 00:30:00+00:00,2015-04-23 16:45:00+00:00,160.64706030004317,0.7434368727474778,0,True
1001371,NZD_CHF,sell,0.060000000000000026,0.7373517568270216,0.7257900365781549,2015-04-23 00:30:00+00:00,2015-04-23 20:15:00+00:00,69.37032149320024,0.7257900365781549,0,
1001095_partial_1429822800,NAS100_USD,buy,0.33,4368.475520560424,4500.159620921688,2015-03-30 07:45:00+00:00,2015-04-23 21:00:00+00:00,43.455753119216965,4464.706209285963,0,True
1001375_partial_1429869600,EUR_GBP,sell,0.02,0.7204960494875816,0.7168347001464053,2015-04-24 06:15:00+00:00,2015-04-24 10:00:00+00:00,7.32269868235269,0.7278187481699342,0,True
1001381_partial_1429886700,GBP_CAD,buy,0.01,1.8322739214778156,1.8430348515341295,2015-04-24 06:45:00+00:00,2015-04-24 14:45:00+00:00,10.760930056313844,1.810752061365188,0,True
1001095_partial_1430118000,NAS100_USD,buy,0.29,4368.475520560424,4540.677805648231,2015-03-30 07:45:00+00:00,2015-04-27 07:00:00+00:00,49.938662675463895,4479.900528558416,0,True
1001052,AUD_USD,sell,0.09000000000000001,0.77509,0.78659516141887,2015-03-27 15:45:00+00:00,2015-04-27 14:30:00+00:00,-103.54645276983034,0.78659516141887,0,
1001247,AUD_JPY,sell,0.13,92.752,93.79235880358388,2015-04-09 10:30:00+00:00,2015-04-28 05:30:00+00:00,-135.2466444659051,93.79235880358388,0,
1001248,AUD_CHF,sell,0.12000000000000001,0.7482430043677777,0.7571240099834919,2015-04-09 09:00:00+00:00,2015-04-28 09:15:00+00:00,-106.57206738857106,0.7571240099834919,0,
1001408_partial_1430226000,EUR_AUD,sell,0.01,1.3835444924086173,1.3733214637434727,2015-04-28 04:00:00+00:00,2015-04-28 13:00:00+00:00,10.223028665144573,1.4039905497389062,0,True
1001095,NAS100_USD,buy,0.06999999999999973,4368.475520560424,4484.965301649235,2015-03-30 07:45:00+00:00,2015-04-28 14:00:00+00:00,8.154284676216708,4484.965301649235,0,
1001414_partial_1430310600,NZD_CHF,sell,0.02,0.73776,0.7319285069053478,2015-04-28 13:15:00+00:00,2015-04-29 12:30:00+00:00,11.662986189304279,0.7494229861893043,0,True
1001047,EUR_USD,sell,0.049999999999999996,1.08835,1.1083023398381546,2015-03-27 00:00:00+00:00,2015-04-29 14:00:00+00:00,-99.76169919077347,1.1083023398381546,0,
1001364,EUR_JPY,sell,0.11,129.432,131.994934656312,2015-04-23 14:45:00+00:00,2015-04-29 14:00:00+00:00,-281.9228121943226,131.994934656312,0,
1001429_partial_1430316900,CHF_JPY,buy,0.01,125.26087265955192,126.19140518996801,2015-04-29 12:30:00+00:00,2015-04-29 14:15:00+00:00,9.305325304160874,123.39980759871975,0,True
1001414_partial_1430318700,NZD_CHF,sell,0.12,0.73776,0.7249307151917652,2015-04-28 13:15:00+00:00,2015-04-29 14:45:00+00:00,153.951417698817,0.7435914930946521,0,True
1001414_partial_1430338500,NZD_CHF,sell,0.03,0.73776,0.7225981179539044,2015-04-28 13:15:00+00:00,2015-04-29 20:15:00+00:00,45.48564613828676,0.7266801631201609,0,True
1001414_partial_1430341200,NZD_CHF,sell,0.02,0.73776,0.7179329234781827,2015-04-28 13:15:00+00:00,2015-04-29 21:00:00+00:00,39.65415304363451,0.7249307151917652,0,True
1001408,EUR_AUD,sell,0.13999999999999999,1.3835444924086173,1.393767521073762,2015-04-28 04:00:00+00:00,2015-04-29 21:30:00+00:00,-143.122401312024,1.393767521073762,0,
1001422,EUR_NZD,sell,0.11,1.4341388774716857,1.4628145623988773,2015-04-29 10:00:00+00:00,2015-04-29 21:30:00+00:00,-315.432534199108,1.4628145623988773,0,
1001381_partial_1430358300,GBP_CAD,buy,0.09,1.8322739214778156,1.855947967601706,2015-04-24 06:45:00+00:00,2015-04-30 01:45:00+00:00,213.0664151150141,1.8215129914215018,0,True
1001375,EUR_GBP,sell,0.2,0.7204960494875816,0.724157398828758,2015-04-24 06:15:00+00:00,2015-04-30 07:45:00+00:00,-73.2269868235269,0.724157398828758,0,
1001391,EUR_CHF,sell,0.2,1.03978,1.05149266398755,2015-04-27 17:30:00+00:00,2015-04-30 09:30:00+00:00,-234.25327975099995,1.05149266398755,0,
1001381_partial_1430386200,GBP_CAD,buy,0.02,1.8322739214778156,1.8602523396242316,2015-04-24 06:45:00+00:00,2015-04-30 09:30:00+00:00,55.95683629283199,1.8527196885848118,0,True
1001381,GBP_CAD,buy,0.020000000000000007,1.8322739214778156,1.855947967601706,2015-04-24 06:45:00+00:00,2015-04-30 10:00:00+00:00,47.34809224778093,1.855947967601706,0,
1001412_partial_1430392500,AUD_CAD,sell,0.02,0.9609594136988128,0.9530765960860536,2015-04-28 13:00:00+00:00,2015-04-30 11:15:00+00:00,15.765635225518439,0.9767250489243312,0,True
1001267_partial_1430393400,GBP_AUD,buy,0.06,1.90927,1.9497441203057346,2015-04-13 00:00:00+00:00,2015-04-30 11:30:00+00:00,242.8447218344076,1.8908726725883025,0,True
1001387_partial_1430399700,USD_JPY,buy,0.03,119.04,119.49909399749012,2015-04-27 04:30:00+00:00,2015-04-30 13:15:00+00:00,13.772819924703441,118.12181200501979,0,True
1001267,GBP_AUD,buy,0.020000000000000004,1.90927,1.9442249220822254,2015-04-13 00:00:00+00:00,2015-04-30 14:45:00+00:00,69.9098441644508,1.9442249220822254,0,
1001429_partial_1430405100,CHF_JPY,buy,0.09,125.26087265955192,127.30804422646732,2015-04-29 12:30:00+00:00,2015-04-30 14:45:00+00:00,184.24544102238553,124.33034012913583,0,True
1001429_partial_1430416800,CHF_JPY,buy,0.02,125.26087265955192,127.68025723863374,2015-04-29 12:30:00+00:00,2015-04-30 18:00:00+00:00,48.38769158163643,127.0288844673425,0,True
1001429_partial_1430461800,CHF_JPY,buy,0.02,125.26087265955192,128.42468326296662,2015-04-29 12:30:00+00:00,2015-05-01 06:30:00+00:00,63.276212068294065,127.30804422646732,0,True
1001387_partial_1430489700,USD_JPY,buy,0.2,119.04,120.05000679447824,2015-04-27 04:30:00+00:00,2015-05-01 14:15:00+00:00,202.00135889564592,118.58090600250989,0,True
1001387_partial_1430496000,USD_JPY,buy,0.05,119.04,120.2336443934743,2015-04-27 04:30:00+00:00,2015-05-01 16:00:00+00:00,59.68221967371435,119.91227859523121,0,True
1001387,USD_JPY,buy,0.04000000000000002,119.04,120.05000679447824,2015-04-27 04:30:00+00:00,2015-05-04 02:30:00+00:00,40.400271779129206,120.05000679447824,0,
1001444_partial_1430739000,NAS100_USD,buy,0.19,4420.577014984202,4479.912643927443,2015-04-30 18:15:00+00:00,2015-05-04 11:30:00+00:00,11.27376949921585,4301.905757097719,0,True
1001448_partial_1430829900,USD_CAD,sell,0.01,1.21584,1.2058538481988765,2015-05-01 13:45:00+00:00,2015-05-05 12:45:00+00:00,9.9861518011235,1.235812303602247,0,True
1001414,NZD_CHF,sell,0.010000000000000026,0.73776,0.6899417566238524,2015-04-28 13:15:00+00:00,2015-05-06 13:45:00+00:00,47.81824337614772,0.7225981179539044,0,
1001465_partial_1430921700,GBP_USD,buy,0.01,1.51206,1.5266303874162817,2015-05-04 09:45:00+00:00,2015-05-06 14:15:00+00:00,14.570387416281692,1.4829192251674366,0,True
1001444,NAS100_USD,buy,1.79,4420.577014984202,4361.241386040961,2015-04-30 18:15:00+00:00,2015-05-06 17:45:00+00:00,-106.21077580840196,4361.241386040961,0,
1001436,EUR_CAD,sell,0.1,1.343535653785637,1.3712059063772752,2015-04-30 07:30:00+00:00,2015-05-07 07:15:00+00:00,-276.7025259163813,1.3712059063772752,0,
1001469_partial_1430991000,EUR_CHF,sell,0.01,1.04092,1.0335429068208715,2015-05-04 13:45:00+00:00,2015-05-07 09:30:00+00:00,7.377093179128601,1.0556741863582575,0,True
1001523_partial_1431008100,GBP_CAD,buy,0.01,1.8353599999999999,1.8460099360652102,2015-05-07 00:00:00+00:00,2015-05-07 14:15:00+00:00,10.649936065210364,1.814060127869579,0,True
1001523_partial_1431032400,GBP_CAD,buy,0.09,1.8353599999999999,1.8587898593434629,2015-05-07 00:00:00+00:00,2015-05-07 21:00:00+00:00,210.86873409116677,1.8247100639347895,0,True
1001491_partial_1431033300,GBP_AUD,buy,0.01,1.92796,1.9453864925106577,2015-05-05 00:00:00+00:00,2015-05-07 21:15:00+00:00,17.426492510657752,1.8931070149786842,0,True
1001523_partial_1431033300,GBP_CAD,buy,0.02,1.8353599999999999,1.8630498337695471,2015-05-07 00:00:00+00:00,2015-05-07 21:15:00+00:00,55.379667539094505,1.8555948785238998,0,True
1001465_partial_1431034200,GBP_USD,buy,0.05,1.51206,1.5441148523158197,2015-05-04 09:45:00+00:00,2015-05-07 21:30:00+00:00,160.27426157909863,1.4974896125837183,0,True
1001465,GBP_USD,buy,0.020000000000000004,1.51206,1.5397437360909352,2015-05-04 09:45:00+00:00,2015-05-07 22:45:00+00:00,55.36747218187045,1.5397437360909352,0,
1001523_partial_1431051300,GBP_CAD,buy,0.02,1.8353599999999999,1.8715697826217155,2015-05-07 00:00:00+00:00,2015-05-08 02:15:00+00:00,72.41956524343118,1.8587898593434629,0,True
1001491_partial_1431058500,GBP_AUD,buy,0.06,1.92796,1.9662982835234473,2015-05-05 00:00:00+00:00,2015-05-08 04:15:00+00:00,230.0297011406842,1.9105335074893421,0,True
1001491,GBP_AUD,buy,0.020000000000000004,1.92796,1.96107033577025,2015-05-05 00:00:00+00:00,2015-05-08 04:45:00+00:00,66.22067154050005,1.96107033577025,0,
1001552_partial_1431099900,NAS100_USD,buy,0.22,4406.8001,4460.5760855549215,2015-05-08 00:00:00+00:00,2015-05-08 15:45:00+00:00,11.83071682208265,4299.248128890158,0,True
1001412,AUD_CAD,sell,0.17,0.9609594136988128,0.968842231311572,2015-04-28 13:00:00+00:00,2015-05-13 13:30:00+00:00,-134.00789941690672,0.968842231311572,0,
1001449,AUD_USD,sell,0.08,0.7807672639408841,0.8119407541168119,2015-05-01 16:00:00+00:00,2015-05-13 15:45:00+00:00,-249.38792140742194,0.8119407541168119,0,
1001448_partial_1431535500,USD_CAD,sell,0.09,1.21584,1.1938704660375283,2015-05-01 13:45:00+00:00,2015-05-13 16:45:00+00:00,197.72580566224525,1.2258261518011235,0,True
1001448,USD_CAD,sell,0.04999999999999999,1.21584,1.1968663115778653,2015-05-01 13:45:00+00:00,2015-05-13 18:30:00+00:00,94.86844211067378,1.1968663115778653,0,
1001469,EUR_CHF,sell,0.13999999999999999,1.04092,1.0482970931791287,2015-05-04 13:45:00+00:00,2015-05-15 13:00:00+00:00,-103.2793045078004,1.0482970931791287,0,
1001636_partial_1432018800,EUR_AUD,sell,0.02,1.4186453901535212,1.4087800330106641,2015-05-15 07:00:00+00:00,2015-05-19 07:00:00+00:00,19.730714285714157,1.4383761044392354,0,True
1001552_partial_1432022400,NAS100_USD,buy,1.46,4406.8001,4525.107268220827,2015-05-08 00:00:00+00:00,2015-05-19 08:00:00+00:00,172.7284656024067,4353.024114445079,0,True
1001552,NAS100_USD,buy,0.6999999999999997,4406.8001,4508.9744725543505,2015-05-08 00:00:00+00:00,2015-05-19 14:00:00+00:00,71.52206078804508,4508.9744725543505,0,
1001483_partial_1432059300,USD_JPY,buy,0.02,119.862,120.70379474107634,2015-05-05 15:00:00+00:00,2015-05-19 18:15:00+00:00,16.835894821526836,118.17841051784733,0,True
1001675_partial_1432139400,EUR_CHF,sell,0.02,1.04468,1.040203747954061,2015-05-19 06:30:00+00:00,2015-05-20 16:30:00+00:00,8.95250409187831,1.0536325040918786,0,True
1001724_partial_1432299600,EUR_JPY,sell,0.02,135.1152001699551,134.43455731281225,2015-05-22 09:30:00+00:00,2015-05-22 13:00:00+00:00,13.612857142857138,136.47648588424082,0,True
1001483_partial_1432512900,USD_JPY,buy,0.1,119.862,121.71394843036794,2015-05-05 15:00:00+00:00,2015-05-25 00:15:00+00:00,185.19484303679405,119.02020525892365,0,True
1001724_partial_1432514700,EUR_JPY,sell,0.13,135.1152001699551,133.61778588424082,2015-05-22 09:30:00+00:00,2015-05-25 00:45:00+00:00,194.66385714285707,135.79584302709796,0,True
1001724,EUR_JPY,sell,0.07,135.1152001699551,133.82197874138367,2015-05-22 09:30:00+00:00,2015-05-25 06:00:00+00:00,90.52549999999998,133.82197874138367,0,
1001675_partial_1432541700,EUR_CHF,sell,0.16,1.04468,1.0348322454989336,2015-05-19 06:30:00+00:00,2015-05-25 08:15:00+00:00,157.56407201706324,1.0491562520459392,0,True
1001483,USD_JPY,buy,0.05000000000000002,119.862,121.46141000804504,2015-05-05 15:00:00+00:00,2015-05-25 10:30:00+00:00,79.97050040225206,121.46141000804504,0,
1001675,EUR_CHF,sell,0.08000000000000002,1.04468,1.0361751211127155,2015-05-19 06:30:00+00:00,2015-05-25 14:00:00+00:00,68.03903109827658,1.0361751211127155,0,
1001636_partial_1432614600,EUR_AUD,sell,0.1,1.4186453901535212,1.3969416044392355,2015-05-15 07:00:00+00:00,2015-05-26 04:30:00+00:00,217.0378571428566,1.4285107472963783,0,True
1001636,EUR_AUD,sell,0.04000000000000001,1.4186453901535212,1.3999012115820928,2015-05-15 07:00:00+00:00,2015-05-26 07:15:00+00:00,74.97671428571363,1.3999012115820928,0,
1001672_partial_1432644300,AUD_USD,sell,0.01,0.79145,0.7763369023353253,2015-05-19 14:15:00+00:00,2015-05-26 12:45:00+00:00,15.113097664674724,0.8216761953293494,0,True
1001802_partial_1432778400,EUR_AUD,buy,0.01,1.40845,1.419189587927765,2015-05-28 00:00:00+00:00,2015-05-28 02:00:00+00:00,10.739587927764969,1.3869708241444703,0,True
1001808_partial_1432782900,AUD_CHF,sell,0.02,0.73474,0.7289446694782381,2015-05-28 00:00:00+00:00,2015-05-28 03:15:00+00:00,11.590661043523685,0.7463306610435236,0,True
1001809_partial_1432817100,NZD_CHF,sell,0.02,0.6856381658749435,0.6797802975624959,2015-05-28 07:30:00+00:00,2015-05-28 12:45:00+00:00,11.715736624895223,0.6973539024998388,0,True
1001697_partial_1432827000,AUD_CAD,sell,0.02,0.96146,0.9524015382112111,2015-05-20 17:30:00+00:00,2015-05-28 15:30:00+00:00,18.116923577577772,0.9795769235775778,0,True
1001808_partial_1432827000,AUD_CHF,sell,0.12,0.73474,0.7219902728521239,2015-05-28 00:00:00+00:00,2015-05-28 15:30:00+00:00,152.99672577451238,0.7405353305217618,0,True
1001802_partial_1432846800,EUR_AUD,buy,0.09,1.40845,1.4320770934410827,2015-05-28 00:00:00+00:00,2015-05-28 21:00:00+00:00,212.6438409697444,1.397710412072235,0,True
1001802,EUR_AUD,buy,0.04999999999999999,1.40845,1.4288552170627533,2015-05-28 00:00:00+00:00,2015-05-29 02:00:00+00:00,102.02608531376663,1.4288552170627533,0,
1001809_partial_1432871100,NZD_CHF,sell,0.13,0.6856381658749435,0.6727508555875588,2015-05-28 07:30:00+00:00,2015-05-29 03:45:00+00:00,167.53503373600196,0.6914960341873911,0,True
1001809,NZD_CHF,sell,0.06,0.6856381658749435,0.6745082160812931,2015-05-28 07:30:00+00:00,2015-05-29 06:00:00+00:00,66.77969876190271,0.6745082160812931,0,
1001808,AUD_CHF,sell,0.060000000000000026,0.73474,0.7237288720086524,2015-05-28 00:00:00+00:00,2015-05-29 06:15:00+00:00,66.0667679480851,0.7237288720086524,0,
1001805,GBP_CHF,buy,0.17,1.44538,1.4305057142857145,2015-05-28 15:15:00+00:00,2015-05-29 13:45:00+00:00,-252.8628571428555,1.4305057142857145,0,
1001429,CHF_JPY,buy,0.009999999999999988,125.26087265955192,132.044,2015-04-29 12:30:00+00:00,2015-05-29 20:45:00+00:00,67.83127340448081,127.40109747950892,0,
1001523,GBP_CAD,buy,6.938893903907228e-18,1.8353599999999999,1.9043,2015-05-07 00:00:00+00:00,2015-05-29 20:45:00+00:00,4.783673457353659e-14,1.8598548529499839,0,
1001579,EUR_CAD,sell,0.09,1.3488,1.36858,2015-05-12 00:00:00+00:00,2015-05-29 20:45:00+00:00,-178.01999999999916,1.3828686882438155,0,
1001680,AUD_JPY,buy,0.22,95.517,94.902,2015-05-19 01:30:00+00:00,2015-05-29 20:45:00+00:00,-135.29999999999887,94.17793425816431,0,
1001672,AUD_USD,sell,0.07,0.79145,0.76444,2015-05-19 14:15:00+00:00,2015-05-29 20:45:00+00:00,189.06999999999988,0.8065630976646747,0,
1001697,AUD_CAD,sell,0.15000000000000002,0.96146,0.95172,2015-05-20 17:30:00+00:00,2015-05-29 20:45:00+00:00,146.09999999999957,0.9705184617887889,0,
1001820,EUR_GBP,sell,0.13,0.71877,0.71877,2015-05-29 10:00:00+00:00,2015-05-29 20:45:00+00:00,0.0,0.7318474477170989,0,
1001830,NAS100_USD,buy,1.36,4504.715924600043,4515.1,2015-05-29 14:45:00+00:00,2015-05-29 20:45:00+00:00,14.122342543942214,4310.85978457155,0,
