time,Open,High,Low,Close,Volume
2023-01-03,11038.41992188,11093.09960938,10770.92968750,10862.63964844,4780650000
2023-01-04,10949.33984375,10981.45996094,10785.53027344,10914.79980469,5085380000
2023-01-05,10837.25000000,10842.33007812,10728.25976562,10741.21972656,4764270000
2023-01-06,10807.45996094,11082.58984375,10696.41992188,11040.34960938,5199780000
2023-01-09,11133.07031250,11304.83984375,11085.32031250,11108.45019531,5132190000
2023-01-10,11069.04980469,11207.55957031,11050.67968750,11205.78027344,4710680000
2023-01-11,11259.16015625,11403.88964844,11220.75000000,11402.51953125,5284390000
2023-01-12,11441.45019531,11500.86035156,11246.01953125,11459.61035156,5681240000
2023-01-13,11362.12988281,11547.95996094,11347.59960938,11541.48046875,5077990000
2023-01-17,11531.54003906,11615.95019531,11484.01953125,11557.19042969,5138410000
2023-01-18,11636.61035156,11690.26953125,11403.30957031,11410.29003906,5288630000
2023-01-19,11345.19042969,11388.45996094,11251.94042969,11295.66992188,4660800000
2023-01-20,11363.84960938,11623.20019531,11329.54003906,11619.03027344,5980110000
2023-01-23,11652.00000000,11918.86035156,11617.83007812,11872.54003906,5997810000
2023-01-24,11802.95019531,11889.37011719,11780.07031250,11846.63964844,5670860000
2023-01-25,11636.00976562,11841.80957031,11550.07031250,11814.69042969,5485570000
2023-01-26,11972.57031250,12055.80957031,11853.37011719,12051.48046875,5732890000
2023-01-27,12000.20996094,12248.15039062,11999.87011719,12166.59960938,6243800000
2023-01-30,12047.16015625,12087.67968750,11906.11035156,11912.38964844,5122320000
2023-01-31,11915.94042969,12104.12988281,11915.94042969,12101.92968750,5695150000
2023-02-01,12087.91992188,12458.87011719,12010.73046875,12363.09960938,6336040000
2023-02-02,12655.17968750,12880.98046875,12600.75976562,12803.13964844,7038210000
2023-02-03,12520.95019531,12828.70996094,12520.95019531,12573.36035156,5954490000
2023-02-06,12468.79980469,12558.87011719,12411.87988281,12464.50976562,5538350000
2023-02-07,12474.95019531,12771.58984375,12419.70996094,12728.26953125,5720240000
2023-02-08,12680.03027344,12709.45019531,12471.12011719,12495.37988281,5052870000
2023-02-09,12677.54003906,12679.54003906,12327.44042969,12381.16992188,5536290000
2023-02-10,12306.58984375,12375.71972656,12204.20996094,12304.91992188,4885030000
2023-02-13,12356.50000000,12522.78027344,12313.45019531,12502.30957031,4752880000
2023-02-14,12413.09960938,12627.40039062,12356.32031250,12590.88964844,5032430000
2023-02-15,12531.59960938,12689.33984375,12486.41992188,12687.88964844,5056640000
2023-02-16,12495.07031250,12653.40039062,12440.00000000,12442.48046875,5159410000
2023-02-17,12352.29980469,12385.51953125,12233.79003906,12358.17968750,4925230000
2023-02-21,12205.20996094,12257.05957031,12058.23046875,12060.29980469,5002540000
2023-02-22,12085.66992188,12156.20996094,12006.04003906,12066.26953125,4671270000
2023-02-23,12224.44042969,12227.40039062,12003.30957031,12180.13964844,4714580000
2023-02-24,11979.79980469,12018.32031250,11900.83984375,11969.65039062,4432650000
2023-02-27,12106.79003906,12159.63964844,12034.61035156,12057.79003906,4494000000
2023-02-28,12041.75000000,12146.51953125,12021.32031250,12042.12011719,5340950000
2023-03-01,12026.71972656,12054.48046875,11906.58007812,11938.57031250,4927530000
2023-03-02,11830.08984375,12074.58984375,11830.08984375,12044.87011719,5313760000
2023-03-03,12110.70996094,12300.45996094,12095.24023438,12290.80957031,5102210000
2023-03-06,12344.65039062,12466.87988281,12297.57031250,12302.48046875,4982880000
2023-03-07,12303.19042969,12344.04003906,12130.00976562,12152.16992188,5422820000
2023-03-08,12181.05957031,12237.71972656,12102.28027344,12215.33007812,5085970000
2023-03-09,12230.83984375,12340.45019531,11970.33984375,11995.87988281,5061790000
2023-03-10,12001.70019531,12069.62011719,11789.86035156,11830.28027344,6193500000
2023-03-13,11752.09960938,12073.95996094,11695.41015625,11923.16992188,6201490000
2023-03-14,12078.45996094,12217.87011719,12035.21972656,12199.79003906,5533120000
2023-03-15,12083.24023438,12269.45019531,12026.17968750,12251.32031250,5912430000
2023-03-16,12211.87011719,12595.69042969,12190.65039062,12581.38964844,5498920000
2023-03-17,12570.16015625,12674.33984375,12444.08007812,12519.87988281,7903090000
2023-03-20,12487.79003906,12578.34960938,12407.82031250,12562.61035156,4970630000
2023-03-21,12643.34960938,12762.45019531,12582.75976562,12741.44042969,4829870000
2023-03-22,12742.41015625,12943.62011719,12563.78027344,12567.15039062,4981590000
2023-03-23,12735.59960938,12900.09960938,12611.66992188,12729.23046875,4917460000
2023-03-24,12700.50976562,12770.28027344,12608.15039062,12767.04980469,4363650000
2023-03-27,12797.90039062,12839.41992188,12647.94042969,12673.07031250,4330320000
2023-03-28,12654.91015625,12654.91015625,12517.87011719,12610.57031250,4036910000
2023-03-29,12768.13964844,12867.32031250,12734.67968750,12846.03027344,4493540000
2023-03-30,12934.99023438,12987.96972656,12894.13964844,12963.13964844,4738880000
2023-03-31,12968.95996094,13188.83007812,12968.00000000,13181.34960938,5521150000
2023-04-03,13084.09960938,13157.46972656,13036.54980469,13148.34960938,4816440000
2023-04-04,13165.32031250,13204.08007812,13049.98046875,13100.08007812,4298760000
2023-04-05,13056.79003906,13065.28027344,12894.44042969,12967.20019531,4378590000
2023-04-06,12892.90039062,13078.09960938,12846.03027344,13062.59960938,3862800000
2023-04-10,12936.51953125,13051.84960938,12861.51953125,13051.23046875,4334070000
2023-04-11,13040.49023438,13049.55957031,12947.66015625,12964.15039062,4676960000
2023-04-12,13043.96972656,13071.98046875,12833.30957031,12848.34960938,4909770000
2023-04-13,12922.90039062,13124.41015625,12920.01953125,13109.38964844,4942990000
2023-04-14,13044.69042969,13152.28027344,12962.50976562,13079.51953125,4655740000
2023-04-17,13053.25976562,13105.67968750,12981.25976562,13087.70996094,4823180000
2023-04-18,13180.30957031,13196.17968750,13044.20996094,13091.79003906,4851810000
2023-04-19,12992.50976562,13128.25000000,12988.20019531,13088.70996094,4972700000
2023-04-20,12962.29003906,13107.91992188,12933.79980469,12985.98046875,4590530000
2023-04-21,12970.32031250,13030.84960938,12899.63964844,13000.76953125,4868050000
2023-04-24,12981.70996094,13044.21972656,12883.76953125,12969.75976562,4854050000
2023-04-25,12905.08984375,12933.28027344,12724.24023438,12725.11035156,4806020000
2023-04-26,12866.63964844,12929.62011719,12783.41992188,12806.48046875,5281970000
2023-04-27,12963.20996094,13175.62011719,12938.50000000,13160.03027344,5253710000
2023-04-28,13139.34960938,13247.38964844,13096.94042969,13245.99023438,5331380000
2023-05-01,13229.11035156,13287.46972656,13186.40039062,13231.46972656,5168430000
2023-05-02,13225.48046875,13241.53027344,13046.79003906,13113.66015625,5501410000
2023-05-03,13123.09960938,13231.70996094,13026.04003906,13030.20996094,5782160000
2023-05-04,13014.07031250,13064.01953125,12938.45019531,12982.48046875,4745780000
2023-05-05,13070.70019531,13291.11035156,13059.91015625,13259.12988281,4574790000
2023-05-08,13247.08984375,13302.42968750,13193.08007812,13291.63964844,4216360000
2023-05-09,13228.63964844,13254.80957031,13193.87988281,13201.11035156,4126780000
2023-05-10,13308.41015625,13384.41992188,13204.79003906,13347.83007812,4948260000
2023-05-11,13376.84960938,13411.70019531,13306.08007812,13389.78027344,4489490000
2023-05-12,13407.01953125,13427.41992188,13256.55957031,13340.17968750,4170000000
2023-05-15,13352.25976562,13419.80957031,13297.84960938,13413.50976562,3979290000
2023-05-16,13385.37011719,13498.44042969,13384.76953125,13426.00976562,4067510000
2023-05-17,13474.51953125,13608.33007812,13419.34960938,13589.25976562,4501820000
2023-05-18,13608.95019531,13844.75976562,13606.80957031,13834.62011719,4532890000
2023-05-19,13842.69042969,13874.41992188,13763.90039062,13803.49023438,3935780000
2023-05-22,13805.33007812,13893.70996094,13792.96972656,13849.74023438,4278920000
2023-05-23,13773.67968750,13827.09960938,13662.91015625,13672.54003906,4347440000
2023-05-24,13589.01953125,13655.73046875,13520.91992188,13604.48046875,4088270000
2023-05-25,13920.88964844,13986.87011719,13812.17968750,13938.53027344,4651640000
2023-05-26,13990.54980469,14329.49023438,13982.16015625,14298.41015625,4434070000
2023-05-30,14465.58984375,14520.16992188,14301.08007812,14354.99023438,4843470000
2023-05-31,14293.55957031,14375.37988281,14216.16015625,14254.08984375,5905760000
2023-06-01,14269.08984375,14493.30957031,14219.94042969,14441.50976562,4610310000
2023-06-02,14517.08007812,14595.80957031,14442.15039062,14546.63964844,4426760000
2023-06-05,14550.12988281,14662.95019531,14516.87988281,14556.50000000,4344280000
2023-06-06,14526.09960938,14593.50000000,14476.99023438,14558.08984375,4810910000
2023-06-07,14573.26953125,14647.91015625,14283.87988281,14303.29003906,5270600000
2023-06-08,14319.24023438,14503.30957031,14314.69042969,14484.54003906,4280160000
2023-06-09,14574.24023438,14672.84960938,14487.48046875,14528.36035156,4412710000
2023-06-12,14617.34960938,14789.59960938,14571.36035156,14784.29980469,4722680000
2023-06-13,14911.25976562,14931.83007812,14770.13964844,14900.84960938,5522100000
2023-06-14,14894.09960938,15017.09960938,14784.62011719,15005.69042969,5772550000
2023-06-15,14949.70019531,15246.62011719,14930.12011719,15185.48046875,5667520000
2023-06-16,15272.65039062,15284.65039062,15073.45019531,15083.91992188,8076530000
2023-06-20,15036.48046875,15127.41992188,14946.71972656,15070.15039062,5237710000
2023-06-21,15019.00976562,15038.90039062,14826.01953125,14867.45019531,5194640000
2023-06-22,14797.88964844,15044.21972656,14794.95019531,15042.32031250,4499550000
2023-06-23,14879.23046875,14983.73046875,14821.80957031,14891.48046875,7734500000
2023-06-26,14866.66015625,14982.82031250,14687.01953125,14689.01953125,4430600000
2023-06-27,14751.57031250,14972.30957031,14726.75000000,14945.91015625,5053660000
2023-06-28,14876.25000000,15051.08007812,14865.80957031,14964.57031250,4533270000
2023-06-29,14965.54980469,14986.88964844,14876.94042969,14939.95019531,4388140000
2023-06-30,15085.24023438,15213.75000000,15081.57031250,15179.20996094,4661120000
2023-07-03,15190.54003906,15232.95996094,15153.59960938,15208.69042969,2902300000
2023-07-05,15165.36035156,15275.17968750,15162.66015625,15203.78027344,5339340000
2023-07-06,15054.09960938,15106.45019531,14969.13964844,15089.45019531,6113080000
2023-07-07,15070.50000000,15210.62988281,15032.55957031,15036.84960938,5098120000
2023-07-10,15031.95019531,15066.44042969,14924.63964844,15045.63964844,5275390000
2023-07-11,15068.12988281,15135.29003906,14974.16015625,15119.05957031,4840950000
2023-07-12,15279.34960938,15364.08984375,15209.70996094,15307.23046875,5230620000
2023-07-13,15432.48046875,15602.74023438,15420.70996094,15571.98046875,5183560000
2023-07-14,15610.00000000,15720.05957031,15531.00000000,15565.59960938,5366890000
2023-07-17,15608.28027344,15745.66992188,15576.50976562,15713.28027344,4593160000
2023-07-18,15671.71972656,15895.67968750,15607.70996094,15841.34960938,4824070000
2023-07-19,15888.16015625,15932.04980469,15781.95996094,15826.34960938,5112420000
2023-07-20,15717.66992188,15771.83984375,15429.87011719,15466.08984375,5128020000
2023-07-21,15554.95019531,15600.54003906,15410.57031250,15425.66992188,5254180000
2023-07-24,15475.15039062,15504.66992188,15374.66015625,15448.01953125,4083070000
2023-07-25,15483.05957031,15622.69042969,15482.04003906,15561.41992188,3812470000
2023-07-26,15514.04003906,15571.16015625,15411.91015625,15499.25976562,4322000000
2023-07-27,15734.03027344,15795.50976562,15416.04980469,15464.92968750,5115840000
2023-07-28,15630.16992188,15788.48046875,15617.75000000,15750.92968750,4453520000
2023-07-31,15774.29980469,15803.54980469,15702.74023438,15757.00000000,4934440000
2023-08-01,15696.98046875,15748.42968750,15636.57031250,15718.00976562,4633770000
2023-08-02,15561.15039062,15561.36035156,15321.44042969,15370.74023438,5481960000
2023-08-03,15287.76953125,15436.58984375,15270.71972656,15353.54003906,6036970000
2023-08-04,15420.74023438,15523.30957031,15258.69042969,15274.91992188,5349450000
2023-08-07,15355.62011719,15410.84960938,15258.91992188,15407.84960938,4892330000
2023-08-08,15279.41015625,15295.79980469,15148.25000000,15273.04980469,5284550000
2023-08-09,15286.99023438,15288.75976562,15077.91015625,15101.70996094,5591360000
2023-08-10,15217.29003906,15366.29003906,15072.49023438,15128.83984375,5299080000
2023-08-11,15010.51953125,15102.53027344,14973.66992188,15028.07031250,4638880000
2023-08-14,14988.41992188,15206.25976562,14972.00976562,15205.58984375,4272020000
2023-08-15,15172.08007812,15192.87988281,15014.36035156,15037.65039062,4473320000
2023-08-16,15021.62988281,15077.04980469,14874.01953125,14876.46972656,6243760000
2023-08-17,14943.33984375,14949.58007812,14698.29003906,14715.80957031,5280180000
2023-08-18,14589.70996094,14744.57031250,14557.83007812,14694.83984375,4801910000
2023-08-21,14762.00976562,14958.87011719,14739.37011719,14936.69042969,4363070000
2023-08-22,15035.07031250,15037.79003906,14883.98046875,14908.95996094,4282430000
2023-08-23,14947.58007812,15188.86035156,14947.58007812,15148.05957031,4127850000
2023-08-24,15278.92968750,15279.24023438,14814.83007812,14816.44042969,4383820000
2023-08-25,14858.92968750,15001.29003906,14715.36035156,14941.83007812,3970060000
2023-08-28,15035.48046875,15086.23046875,14948.91992188,15052.45996094,3666680000
2023-08-29,15043.01953125,15391.55957031,15034.54003906,15376.54980469,4748180000
2023-08-30,15386.66992188,15484.83007812,15341.94042969,15462.42968750,4364600000
2023-08-31,15475.42968750,15575.00976562,15466.41015625,15501.07031250,4568610000
2023-09-01,15600.95019531,15618.84960938,15429.36035156,15490.86035156,4033960000
2023-09-05,15460.51953125,15556.84960938,15419.95996094,15508.24023438,4379790000
2023-09-06,15467.32031250,15487.00000000,15289.48046875,15371.44042969,4215320000
2023-09-07,15174.21972656,15288.20019531,15138.73046875,15258.51953125,4320830000
2023-09-08,15265.57031250,15374.21972656,15244.05957031,15280.23046875,4160360000
2023-09-11,15409.76953125,15482.83984375,15328.34960938,15461.87011719,4538870000
2023-09-12,15390.58984375,15447.84960938,15278.87988281,15289.74023438,4595490000
2023-09-13,15293.26953125,15414.61035156,15256.59960938,15348.53027344,4840310000
2023-09-14,15433.00976562,15512.82031250,15337.17968750,15473.88964844,4649010000
2023-09-15,15425.95019531,15435.45019531,15173.70996094,15202.40039062,8162210000
2023-09-18,15161.16992188,15268.95996094,15155.45996094,15225.37011719,4855880000
2023-09-19,15152.53027344,15219.91992188,15069.41015625,15191.23046875,4453460000
2023-09-20,15225.33984375,15245.19042969,14967.59960938,14969.91992188,4782440000
2023-09-21,14813.49023438,14849.25000000,14691.69042969,14694.24023438,5014890000
2023-09-22,14756.62011719,14855.91992188,14686.83984375,14701.09960938,4302700000
2023-09-25,14662.69042969,14771.12011719,14615.45019531,14768.90039062,4100290000
2023-09-26,14668.45019531,14678.48046875,14505.67968750,14545.83007812,4693540000
2023-09-27,14600.13964844,14657.20996094,14432.59960938,14580.16015625,4841410000
2023-09-28,14530.95996094,14787.58007812,14510.16992188,14702.76953125,4648390000
2023-09-29,14853.34960938,14901.84960938,14664.78027344,14715.24023438,5138500000
2023-10-02,14717.90039062,14892.17968750,14701.51953125,14837.57031250,4554700000
2023-10-03,14744.04980469,14819.87011719,14504.13964844,14565.62011719,4684310000
2023-10-04,14613.23046875,14803.04003906,14592.55957031,14776.25000000,4308070000
2023-10-05,14769.54980469,14784.69042969,14584.38964844,14723.21972656,4167470000
2023-10-06,14622.23046875,15021.37988281,14575.95019531,14973.24023438,4309420000
2023-10-09,14871.57031250,15070.63964844,14816.32031250,15047.15039062,3835930000
2023-10-10,15074.04003906,15241.94042969,15050.54003906,15131.51953125,4301350000
2023-10-11,15194.53027344,15248.21972656,15119.62011719,15241.12011719,4160440000
2023-10-12,15264.11035156,15333.98046875,15090.69042969,15184.09960938,4858620000
2023-10-13,15225.73046875,15232.37011719,14943.41992188,14995.12011719,4251550000
2023-10-16,15054.48046875,15209.50000000,15047.26953125,15172.73046875,4308690000
2023-10-17,15009.25976562,15187.05957031,14932.76953125,15122.00976562,4417640000
2023-10-18,15022.28027344,15103.87011719,14865.80957031,14909.25976562,4617140000
2023-10-19,14981.12988281,15023.91015625,14749.29980469,14783.12988281,5014790000
2023-10-20,14752.58984375,14781.21972656,14552.12011719,14560.87988281,4622840000
2023-10-23,14514.11035156,14746.37011719,14419.05957031,14604.84960938,4669060000
2023-10-24,14678.41015625,14774.16015625,14610.33007812,14745.86035156,4604720000
2023-10-25,14642.08007812,14643.69042969,14362.24023438,14381.63964844,4599850000
2023-10-26,14314.00976562,14372.50976562,14058.33007812,14109.57031250,4894900000
2023-10-27,14245.75000000,14321.04003906,14130.37011719,14180.41992188,4172100000
2023-10-30,14283.98046875,14388.20019531,14225.86035156,14335.50976562,4149320000
2023-10-31,14340.86035156,14420.44042969,14232.40039062,14409.78027344,4315630000
2023-11-01,14453.67968750,14677.86035156,14441.88964844,14664.91015625,4545120000
2023-11-02,14856.95019531,14930.75976562,14792.80957031,14919.54980469,4962950000
2023-11-03,14985.12011719,15149.78027344,14965.29003906,15099.49023438,4918750000
2023-11-06,15137.16015625,15180.19042969,15064.91015625,15154.92968750,4345850000
2023-11-07,15201.76953125,15335.44042969,15153.30957031,15296.01953125,4354460000
2023-11-08,15313.90039062,15343.19042969,15220.87988281,15313.24023438,4685550000
2023-11-09,15351.12011719,15382.11035156,15171.32031250,15187.90039062,5313970000
2023-11-10,15252.36035156,15535.20019531,15237.16992188,15529.12011719,4722140000
2023-11-13,15469.20996094,15524.66015625,15404.70996094,15482.79003906,4349590000
2023-11-14,15744.36035156,15850.33984375,15726.12011719,15812.46972656,5332490000
2023-11-15,15881.71972656,15904.62988281,15765.30957031,15817.17968750,5063830000
2023-11-16,15765.20019531,15842.62988281,15738.21972656,15833.16992188,4545180000
2023-11-17,15803.98046875,15876.87011719,15766.94042969,15837.99023438,4408640000
2023-11-20,15845.20019531,16056.75976562,15844.83007812,16027.05957031,4561810000
2023-11-21,15951.54980469,15968.08984375,15866.82031250,15933.62011719,4128600000
2023-11-22,16025.74023438,16119.30957031,15964.04003906,16001.38964844,3855240000
2023-11-24,15974.84960938,16007.42968750,15940.62011719,15982.00976562,2541840000
2023-11-27,15969.71972656,16045.29980469,15932.19042969,15961.98046875,4205880000
2023-11-28,15940.29003906,16031.51953125,15921.07031250,16010.42968750,4474400000
2023-11-29,16111.36035156,16166.50976562,15976.69042969,15987.59960938,4890220000
2023-11-30,15987.66015625,16013.48046875,15825.66992188,15947.87011719,5678070000
2023-12-01,15892.58984375,16013.75000000,15834.92968750,15997.58007812,5607000000
2023-12-04,15837.12011719,15852.45019531,15695.58007812,15839.66992188,6270020000
2023-12-05,15763.65039062,15931.83984375,15760.58984375,15877.70996094,6179120000
2023-12-06,15990.20019531,15990.94042969,15776.95019531,15788.04980469,5167030000
2023-12-07,15888.23046875,16042.50976562,15875.48046875,16022.49023438,5694310000
2023-12-08,15952.84960938,16100.86035156,15937.58007812,16084.69042969,5430840000
2023-12-11,16069.62011719,16232.25976562,16061.87011719,16221.73046875,5607820000
2023-12-12,16209.61035156,16354.25000000,16175.45996094,16354.25000000,4950100000
2023-12-13,16392.17968750,16581.03906250,16357.20996094,16562.36914062,6732040000
2023-12-14,16603.53906250,16660.71093750,16419.25976562,16537.83007812,8033170000
2023-12-15,16587.00000000,16669.76953125,16557.00976562,16623.44921875,8377630000
2023-12-18,16631.10937500,16764.32031250,16629.28906250,16729.80078125,5866080000
2023-12-19,16734.25000000,16813.00976562,16733.38085938,16811.84960938,5757180000
2023-12-20,16763.64062500,16860.67968750,16552.06054688,16554.16015625,6294700000
2023-12-21,16719.60937500,16768.01953125,16621.51953125,16757.41015625,5465640000
2023-12-22,16799.01953125,16839.25000000,16703.57031250,16777.40039062,4796600000
2023-12-26,16816.77929688,16907.50976562,16813.57031250,16878.46093750,6120600000
2023-12-27,16896.14062500,16922.00976562,16859.55078125,16906.80078125,7480170000
2023-12-28,16963.51953125,16969.16992188,16891.32031250,16898.47070312,5090570000
2023-12-29,16902.43945312,16919.50976562,16757.89062500,16825.92968750,5441060000
2024-01-02,16667.30078125,16686.59960938,16453.15039062,16543.93945312,5791170000
2024-01-03,16413.25976562,16471.08007812,16352.13964844,16368.49023438,5449950000
2024-01-04,16290.78027344,16419.43945312,16276.42968750,16282.00976562,5289220000
2024-01-05,16281.74023438,16415.39062500,16249.19042969,16305.98046875,5232820000
2024-01-08,16354.21972656,16655.23046875,16349.38964844,16649.86914062,6337770000
2024-01-09,16531.96093750,16710.88085938,16513.73046875,16678.69921875,5068410000
2024-01-10,16702.55078125,16827.36914062,16654.74023438,16793.05078125,4404590000
2024-01-11,16852.18945312,16898.16015625,16618.85937500,16820.90039062,5044690000
2024-01-12,16855.00000000,16900.36914062,16776.91992188,16832.91992188,4958940000
2024-01-16,16775.09960938,16895.33007812,16726.58984375,16830.71093750,6386180000
2024-01-17,16705.50976562,16749.10937500,16561.49023438,16736.27929688,5181740000
2024-01-18,16894.33007812,16996.98046875,16818.13085938,16982.28906250,5587440000
2024-01-19,17060.14062500,17317.21093750,17041.84960938,17314.00000000,5604950000
2024-01-22,17403.61914062,17450.30078125,17309.86914062,17330.38085938,5456240000
2024-01-23,17346.94921875,17410.85937500,17286.01953125,17404.21093750,5207680000
2024-01-24,17562.32031250,17665.25976562,17481.97070312,17499.30078125,4983210000
2024-01-25,17589.26953125,17631.33984375,17430.36914062,17516.99023438,5281570000
2024-01-26,17432.86914062,17514.75976562,17395.53906250,17421.00976562,4510530000
2024-01-29,17438.02929688,17603.94921875,17414.61914062,17596.26953125,4979310000
2024-01-30,17556.49023438,17578.46093750,17443.76953125,17476.71093750,4719240000
2024-01-31,17269.98046875,17375.32031250,17128.74023438,17137.24023438,5875610000
2024-02-01,17216.99023438,17356.75976562,17175.83007812,17344.71093750,5046920000
2024-02-02,17415.93945312,17682.28906250,17378.36914062,17642.73046875,4800690000
2024-02-05,17634.68945312,17655.76953125,17469.61914062,17613.03906250,4831020000
2024-02-06,17664.43945312,17680.61914062,17475.42968750,17572.73046875,4759640000
2024-02-07,17674.58984375,17784.16992188,17637.73046875,17755.07031250,4567580000
2024-02-08,17757.59960938,17814.11914062,17728.55078125,17783.16992188,5675850000
2024-02-09,17820.98046875,17987.90039062,17798.81054688,17962.41015625,5797260000
2024-02-12,17942.27929688,18041.44921875,17859.66015625,17882.66015625,5458490000
2024-02-13,17519.80078125,17717.66992188,17478.23046875,17600.41992188,5599860000
2024-02-14,17728.90039062,17815.17968750,17619.91992188,17807.63085938,5092660000
2024-02-15,17815.32031250,17864.58984375,17722.31054688,17845.72070312,6049100000
2024-02-16,17853.58984375,17864.16015625,17663.40039062,17685.98046875,5223800000
2024-02-20,17591.16992188,17657.08007812,17399.41015625,17546.09960938,5595700000
2024-02-21,17412.78906250,17482.13085938,17319.43945312,17478.91015625,4845740000
2024-02-22,17857.75976562,18034.80078125,17808.25976562,18004.69921875,5653930000
2024-02-23,18052.58984375,18091.61914062,17902.77929688,17937.60937500,5077910000
2024-02-26,17970.21093750,18014.10937500,17926.66015625,17933.33007812,5417630000
2024-02-27,17962.58007812,17987.53906250,17871.06054688,17971.05078125,5423020000
2024-02-28,17895.02929688,17931.00976562,17840.35937500,17874.50000000,5581690000
2024-02-29,17991.66992188,18068.51953125,17866.25976562,18043.84960938,6265340000
2024-03-01,18069.28906250,18333.25976562,18064.43945312,18302.91015625,5457910000
2024-03-04,18290.09960938,18313.42968750,18218.25000000,18226.48046875,5725470000
2024-03-05,18088.71093750,18097.50000000,17804.50000000,17897.86914062,6356800000
2024-03-06,18083.50976562,18142.88085938,17941.64062500,18017.57031250,5511370000
2024-03-07,18161.73046875,18337.94921875,18101.42968750,18297.99023438,5072790000
2024-03-08,18312.78906250,18416.73046875,17995.38085938,18018.44921875,5411790000
2024-03-11,17959.67968750,18003.05078125,17873.33007812,17951.68945312,4917620000
2024-03-12,18063.01953125,18228.36914062,17919.33007812,18219.10937500,5100330000
2024-03-13,18151.75976562,18163.74023438,18030.40039062,18068.47070312,4839000000
2024-03-14,18114.68945312,18142.90039062,17913.63085938,18014.81054688,5450980000
2024-03-15,17926.91992188,17930.47070312,17764.99023438,17808.25000000,8261950000
2024-03-18,18024.24023438,18124.32031250,17973.08984375,17985.00976562,5025040000
2024-03-19,17902.51953125,18039.82031250,17809.15039062,18032.19921875,4758740000
2024-03-20,18067.69921875,18249.11914062,18003.24023438,18240.10937500,5298380000
2024-03-21,18438.24023438,18464.69921875,18317.09960938,18320.38085938,5134740000
2024-03-22,18293.15039062,18386.25000000,18267.49023438,18339.43945312,4339930000
2024-03-25,18215.53906250,18337.34960938,18189.27929688,18277.06054688,4636940000
2024-03-26,18329.28906250,18378.69921875,18207.88085938,18210.53906250,5144260000
2024-03-27,18338.18945312,18344.08984375,18168.19921875,18280.83984375,4768930000
2024-03-28,18263.41015625,18308.32031250,18231.38085938,18254.68945312,5174450000
2024-04-01,18280.82031250,18391.58007812,18211.27929688,18293.19921875,4798390000
2024-04-02,18076.42968750,18135.57031250,18002.26953125,18121.77929688,4710280000
2024-04-03,18054.43945312,18238.66992188,18045.41992188,18160.18945312,5151500000
2024-04-04,18331.01953125,18362.28906250,17875.75000000,17878.77929688,5368700000
2024-04-05,17940.27929688,18202.96093750,17912.85937500,18108.46093750,4578130000
2024-04-08,18130.43945312,18178.66015625,18050.68945312,18100.18945312,4386700000
2024-04-09,18188.86914062,18210.01953125,17973.07031250,18169.90039062,4869190000
2024-04-10,17957.96093750,18040.83007812,17932.41992188,18011.66015625,5308250000
2024-04-11,18085.10937500,18337.15039062,17998.25000000,18307.98046875,4714750000
2024-04-12,18117.66992188,18166.49023438,17952.08984375,18003.49023438,4552740000
2024-04-15,18143.25000000,18152.08007812,17676.34960938,17706.83007812,4910550000
2024-04-16,17691.44921875,17817.73046875,17660.89062500,17713.66015625,5001860000
2024-04-17,17785.82031250,17788.53906250,17459.57031250,17493.61914062,4991470000
2024-04-18,17514.76953125,17590.81054688,17376.49023438,17394.31054688,4932540000
2024-04-19,17334.71093750,17362.27929688,16973.93945312,17037.65039062,5316010000
2024-04-22,17161.10937500,17305.15039062,17010.25000000,17210.89062500,4616730000
2024-04-23,17297.24023438,17513.31054688,17277.25000000,17471.47070312,4951670000
2024-04-24,17613.66015625,17653.66015625,17435.33007812,17526.80078125,4735870000
2024-04-25,17205.27929688,17474.46093750,17172.41992188,17430.50000000,4743640000
2024-04-26,17566.22070312,17772.77929688,17533.08007812,17718.30078125,4694400000
2024-04-29,17801.14062500,17820.00000000,17671.02929688,17782.72070312,4972520000
2024-04-30,17720.34960938,17768.86914062,17440.68945312,17440.68945312,5229400000
2024-05-01,17382.77929688,17667.85937500,17284.36914062,17318.55078125,5277790000
2024-05-02,17474.91992188,17575.80078125,17290.64062500,17541.53906250,4901610000
2024-05-03,17848.66015625,17926.98046875,17784.77929688,17890.80078125,4887310000
2024-05-06,17950.98046875,18094.46093750,17937.27929688,18093.57031250,4460130000
2024-05-07,18106.33007812,18156.32031250,18061.60937500,18091.44921875,5041870000
2024-05-08,17987.69921875,18135.33984375,17987.69921875,18085.00976562,4530190000
2024-05-09,18095.80078125,18138.01953125,18012.61914062,18113.46093750,4505120000
2024-05-10,18171.15039062,18247.60937500,18099.73046875,18161.17968750,4402110000
2024-05-13,18228.40039062,18233.50000000,18147.57031250,18198.60937500,4452750000
2024-05-14,18187.50976562,18339.58007812,18175.30078125,18322.76953125,7270240000
2024-05-15,18412.81054688,18607.52929688,18359.32031250,18596.65039062,8538990000
2024-05-16,18589.98046875,18669.50000000,18553.30078125,18557.96093750,11932600000
2024-05-17,18571.82031250,18590.36914062,18462.25000000,18546.23046875,9587280000
2024-05-20,18559.22070312,18703.83007812,18549.83984375,18674.18945312,6861320000
2024-05-21,18603.99023438,18721.17968750,18589.91015625,18713.80078125,6245090000
2024-05-22,18733.53906250,18756.68945312,18606.16015625,18705.19921875,7277340000
2024-05-23,18907.14062500,18907.53906250,18554.89062500,18623.39062500,7752800000
2024-05-24,18669.35937500,18851.99023438,18664.78906250,18808.34960938,5836040000
2024-05-28,18855.15039062,18875.19921875,18755.93945312,18869.43945312,6293380000
2024-05-29,18708.07031250,18814.82031250,18706.61914062,18736.75000000,6652480000
2024-05-30,18683.25000000,18705.25976562,18487.75976562,18538.66015625,6659290000
2024-05-31,18550.80078125,18574.56054688,18189.77929688,18536.65039062,6674090000
2024-06-03,18666.72070312,18707.22070312,18392.57031250,18600.97070312,5422040000
2024-06-04,18598.00000000,18697.94921875,18521.84960938,18654.83984375,4917350000
2024-06-05,18791.27929688,19035.86914062,18768.25000000,19035.05078125,5325000000
2024-06-06,19053.00976562,19071.78906250,18978.85937500,19021.18945312,4960580000
2024-06-07,18992.58007812,19113.88085938,18958.67968750,19000.94921875,4755650000
2024-06-10,18945.31054688,19089.83007812,18940.71093750,19074.66992188,5207110000
2024-06-11,19031.40039062,19212.63085938,18966.56054688,19210.17968750,5009220000
2024-06-12,19358.25976562,19556.90039062,19347.27929688,19465.17968750,5560630000
2024-06-13,19609.05078125,19639.44921875,19473.71093750,19576.91992188,4916020000
2024-06-14,19557.22070312,19664.58984375,19534.61914062,19659.80078125,4973820000
2024-06-17,19681.85937500,19977.83984375,19623.71093750,19902.75000000,6061200000
2024-06-18,19904.42968750,19940.50000000,19837.85937500,19908.85937500,5796180000
2024-06-20,19962.97070312,19979.92968750,19685.02929688,19752.30078125,6289300000
2024-06-21,19722.36914062,19801.97070312,19643.51953125,19700.42968750,8589160000
2024-06-24,19648.23046875,19723.19921875,19472.52929688,19474.61914062,5503210000
2024-06-25,19555.83984375,19712.41992188,19523.50976562,19701.13085938,4848280000
2024-06-26,19671.07031250,19763.55078125,19654.17968750,19751.05078125,5294310000
2024-06-27,19740.51953125,19850.81054688,19701.33984375,19789.02929688,5382060000
2024-06-28,19817.00000000,20017.71093750,19665.84960938,19682.86914062,8960940000
2024-07-01,19720.10937500,19827.75000000,19577.53906250,19812.22070312,5189990000
2024-07-02,19746.22070312,20014.91992188,19741.81054688,20011.89062500,4526550000
2024-07-03,19995.27929688,20186.63085938,19995.27929688,20186.63085938,3713960000
2024-07-05,20224.13085938,20407.00000000,20201.50000000,20391.97070312,4851000000
2024-07-08,20393.89062500,20455.38085938,20363.36914062,20439.53906250,5286260000
2024-07-09,20504.16992188,20543.90039062,20395.57031250,20453.01953125,4839140000
2024-07-10,20533.26953125,20690.97070312,20479.93945312,20675.38085938,5228240000
2024-07-11,20661.41015625,20672.09960938,20165.00000000,20211.35937500,6366620000
2024-07-12,20226.23046875,20526.08007812,20217.99023438,20331.49023438,5845930000
2024-07-15,20401.01953125,20585.16992188,20304.52929688,20386.88085938,5450350000
2024-07-16,20441.52929688,20477.00000000,20266.50976562,20398.61914062,5812930000
2024-07-17,20041.31054688,20080.26953125,19793.75000000,19799.14062500,6007280000
2024-07-18,19936.24023438,19947.98046875,19575.78906250,19705.08984375,5977260000
2024-07-19,19687.80078125,19784.48046875,19479.38085938,19522.61914062,4992930000
2024-07-22,19751.01953125,19861.72070312,19638.36914062,19822.86914062,5093620000
2024-07-23,19783.33007812,19904.59960938,19736.22070312,19754.33984375,4938000000
2024-07-24,19475.66015625,19482.55078125,19005.47070312,19032.39062500,6735560000
2024-07-25,19041.15039062,19227.19921875,18721.71093750,18830.58007812,6114350000
2024-07-26,18990.19921875,19142.67968750,18899.31054688,19023.66015625,5281560000
2024-07-29,19122.42968750,19224.58984375,18974.50976562,19059.49023438,4897230000
2024-07-30,19129.56054688,19165.41992188,18667.22070312,18796.26953125,5564310000
2024-07-31,19222.84960938,19426.61914062,19162.91015625,19362.42968750,6292560000
2024-08-01,19375.97070312,19538.97070312,18737.08984375,18890.39062500,6664550000
2024-08-02,18494.24023438,18628.77929688,18263.50000000,18440.84960938,6313870000
2024-08-05,17444.40039062,18169.49023438,17435.39062500,17895.16015625,6852190000
2024-08-06,17961.44921875,18368.67968750,17858.82031250,18077.91992188,5908930000
2024-08-07,18345.44921875,18445.75000000,17851.08007812,17867.36914062,5913620000
2024-08-08,18102.05078125,18445.41015625,17965.07031250,18413.82031250,5815880000
2024-08-09,18373.89062500,18567.63085938,18313.77929688,18513.09960938,5783410000
2024-08-12,18548.23046875,18665.75000000,18433.60937500,18542.02929688,4890850000
2024-08-13,18724.83984375,19013.00976562,18723.74023438,19006.42968750,5469160000
2024-08-14,19043.75976562,19103.00000000,18837.09960938,19022.67968750,4985480000
2024-08-15,19251.85937500,19502.91992188,19239.93945312,19490.15039062,5478170000
2024-08-16,19393.73046875,19561.24023438,19376.72070312,19508.51953125,5138150000
2024-08-19,19521.92968750,19767.42968750,19445.09960938,19766.49023438,5564300000
2024-08-20,19736.34960938,19835.38085938,19652.17968750,19719.82031250,5305260000
2024-08-21,19758.47070312,19885.33984375,19690.64062500,19824.83984375,4765150000
2024-08-22,19911.27929688,19938.89062500,19459.85937500,19491.83984375,5065360000
2024-08-23,19669.77929688,19818.40039062,19526.63085938,19720.86914062,5380810000
2024-08-26,19679.24023438,19726.90039062,19437.33984375,19516.43945312,5110940000
2024-08-27,19450.57031250,19617.91992188,19369.52929688,19581.51953125,4362380000
2024-08-28,19567.44921875,19587.03906250,19221.48046875,19350.77929688,5211920000
2024-08-29,19425.27929688,19622.73046875,19281.65039062,19325.44921875,5727780000
2024-08-30,19506.26953125,19582.16992188,19326.61914062,19574.64062500,5531150000
2024-09-03,19438.10937500,19438.10937500,18869.80078125,18958.74023438,5813970000
2024-09-04,18832.64062500,19070.82031250,18808.75976562,18921.40039062,5011820000
2024-09-05,18864.41992188,19102.35937500,18806.83007812,18930.33007812,4983030000
2024-09-06,18903.02929688,18930.76953125,18400.97070312,18421.31054688,5549030000
2024-09-09,18579.80078125,18693.85937500,18469.40039062,18660.77929688,5132150000
2024-09-10,18722.15039062,18845.74023438,18570.66992188,18829.14062500,4963740000
2024-09-11,18866.00000000,19266.39062500,18531.58007812,19237.30078125,6086930000
2024-09-12,19236.41992188,19456.41015625,19166.80078125,19423.07031250,4983120000
2024-09-13,19396.09960938,19556.80078125,19384.68945312,19514.58984375,4802880000
2024-09-16,19412.78906250,19446.06054688,19294.17968750,19423.06054688,4675530000
2024-09-17,19539.75000000,19596.33984375,19337.11914062,19432.40039062,4959520000
2024-09-18,19478.50976562,19643.50976562,19330.81054688,19344.49023438,5611630000
2024-09-19,19798.71093750,19951.78906250,19723.93945312,19839.83007812,5574650000
2024-09-20,19816.28906250,19845.69921875,19632.73046875,19791.49023438,9914480000
2024-09-23,19848.71093750,19892.77929688,19797.82031250,19852.19921875,5237310000
2024-09-24,19917.56054688,19984.47070312,19739.66992188,19944.83984375,5347580000
2024-09-25,19922.27929688,20043.42968750,19921.22070312,19972.60937500,4858060000
2024-09-26,20273.30078125,20273.30078125,19966.99023438,20115.53906250,5669210000
2024-09-27,20147.27929688,20152.52929688,19964.13085938,20008.61914062,5367890000
2024-09-30,19959.25976562,20072.42968750,19852.84960938,20060.68945312,5846150000
2024-10-01,20046.06054688,20056.19921875,19622.28906250,19773.30078125,5879980000
2024-10-02,19725.94921875,19876.69921875,19630.91015625,19802.58984375,5489040000
2024-10-03,19712.33007812,19902.69921875,19688.22070312,19793.33984375,5208990000
2024-10-04,20025.16015625,20045.68945312,19829.49023438,20035.01953125,5136070000
2024-10-07,19954.66015625,19990.11914062,19763.03906250,19800.74023438,5240320000
2024-10-08,19902.21093750,20132.66992188,19881.08007812,20107.77929688,5566510000
2024-10-09,20097.56054688,20284.41992188,20047.85937500,20268.85937500,5228670000
2024-10-10,20165.25000000,20314.24023438,20117.19921875,20241.75976562,5855390000
2024-10-11,20154.83984375,20313.19921875,20142.17968750,20271.97070312,5140440000
2024-10-14,20366.06054688,20493.90039062,20355.06054688,20439.05078125,4894710000
2024-10-15,20442.76953125,20484.31054688,20083.56054688,20159.83007812,6522700000
2024-10-16,20172.86914062,20200.58984375,20036.73046875,20174.05078125,5257570000
2024-10-17,20375.28906250,20377.65039062,20186.42968750,20190.41992188,5806860000
2024-10-18,20288.48046875,20360.28906250,20273.55078125,20324.03906250,5090190000
2024-10-21,20280.49023438,20386.67968750,20193.02929688,20361.47070312,6092180000
2024-10-22,20256.97070312,20437.92968750,20218.84960938,20390.46093750,6407180000
2024-10-23,20303.55078125,20312.77929688,19934.91992188,20066.96093750,6245610000
2024-10-24,20197.61914062,20256.38085938,20116.88085938,20232.86914062,5761280000
2024-10-25,20354.91015625,20552.82031250,20322.25000000,20352.01953125,6100040000
2024-10-28,20455.00976562,20470.42968750,20344.82031250,20351.07031250,5641660000
2024-10-29,20369.08007812,20600.09960938,20294.58007812,20550.65039062,6881170000
2024-10-30,20510.91992188,20559.51953125,20378.75000000,20387.69921875,6514690000
2024-10-31,20227.18945312,20227.18945312,19880.25976562,19890.41992188,6411940000
2024-11-01,19955.83007812,20162.53906250,19950.99023438,20033.14062500,5896470000
2024-11-04,20011.55078125,20106.99023438,19898.57031250,19963.59960938,5762320000
2024-11-05,20042.92968750,20249.21093750,20042.92968750,20227.46093750,7060340000
2024-11-06,20571.28906250,20807.02929688,20526.64062500,20781.33007812,8138050000
2024-11-07,20896.41015625,21132.80078125,20896.41015625,21101.57031250,9232670000
2024-11-08,21083.58007812,21155.00000000,21050.32031250,21117.17968750,7316010000
2024-11-11,21171.24023438,21182.02929688,20993.48046875,21106.58984375,8087930000
2024-11-12,21105.49023438,21144.66992188,20946.74023438,21070.78906250,7816410000
2024-11-13,21049.66015625,21154.93945312,20955.24023438,21036.16015625,9623670000
2024-11-14,21052.07031250,21067.66015625,20864.01953125,20896.66992188,8680480000
2024-11-15,20679.98046875,20684.56054688,20315.08007812,20394.13085938,8002270000
2024-11-18,20450.21093750,20622.27929688,20401.25976562,20539.18945312,8455360000
2024-11-19,20435.67968750,20696.47070312,20423.30078125,20684.58984375,7246610000
2024-11-20,20660.83984375,20676.57031250,20402.53906250,20667.09960938,7121670000
2024-11-21,20775.26953125,20814.92968750,20436.80078125,20740.77929688,7492540000
2024-11-22,20737.49023438,20797.24023438,20655.72070312,20776.23046875,6575820000
2024-11-25,20918.75976562,20998.49023438,20712.38085938,20804.89062500,7932980000
2024-11-26,20871.55078125,20944.90039062,20832.40039062,20922.90039062,6411770000
2024-11-27,20852.42968750,20853.08007812,20615.41992188,20744.49023438,5619090000
2024-11-29,20771.01953125,20956.31054688,20751.96093750,20930.36914062,4042550000
2024-12-02,20971.75976562,21201.02929688,20971.75976562,21164.59960938,6370530000
2024-12-03,21106.50976562,21235.78906250,21081.81054688,21229.32031250,6005160000
2024-12-04,21361.81054688,21498.43945312,21340.83984375,21492.35937500,7870030000
2024-12-05,21488.51953125,21517.49023438,21411.52929688,21425.22070312,7229510000
2024-12-06,21458.58007812,21626.31054688,21449.61914062,21622.25000000,6787610000
2024-12-09,21573.75976562,21609.99023438,21400.76953125,21440.82031250,7884620000
2024-12-10,21492.50976562,21567.01953125,21313.26953125,21368.17968750,6843850000
2024-12-11,21540.38085938,21784.71093750,21533.89062500,21763.98046875,6639720000
2024-12-12,21652.84960938,21715.83007812,21596.66992188,21615.26953125,7047550000
2024-12-13,21789.65039062,21886.74023438,21646.08984375,21780.25000000,6028250000
2024-12-16,21891.35937500,22133.22070312,21879.74023438,22096.66015625,8855040000
2024-12-17,22003.64062500,22062.00000000,21921.21093750,22001.08007812,9534350000
2024-12-18,21979.52929688,22038.08007812,21146.83007812,21209.32031250,9996120000
2024-12-19,21358.78906250,21413.74023438,21093.46093750,21110.50976562,8029590000
2024-12-20,20939.64062500,21540.32031250,20913.72070312,21289.15039062,10962450000
2024-12-23,21364.25976562,21510.08984375,21224.26953125,21503.16992188,6820720000
2024-12-24,21564.36914062,21797.65039062,21558.97070312,21797.65039062,4739190000
2024-12-26,21733.98046875,21837.69921875,21645.61914062,21768.31054688,6467910000
2024-12-27,21633.09960938,21642.25976562,21292.18945312,21473.01953125,7765120000
2024-12-30,21189.09960938,21346.06054688,21046.63085938,21197.08984375,8384090000
2024-12-31,21256.01953125,21276.14062500,20979.51953125,21012.16992188,8873030000
2025-01-02,21120.05078125,21236.58984375,20800.50000000,20975.61914062,8737550000
2025-01-03,21096.78906250,21359.63085938,21075.89062500,21326.16015625,8214050000
2025-01-06,21551.17968750,21703.49023438,21462.51953125,21559.50000000,9586840000
2025-01-07,21619.89062500,21621.25000000,21101.08984375,21173.03906250,13371130000
2025-01-08,21156.75976562,21242.60937500,20992.08007812,21180.97070312,8851720000
2025-01-10,21012.28906250,21015.50976562,20718.77929688,20847.58007812,8608880000
2025-01-13,20593.65039062,20797.09960938,20538.33007812,20784.72070312,7830760000
2025-01-14,20896.35937500,20969.51953125,20622.72070312,20757.41015625,7168110000
2025-01-15,21067.81054688,21286.00976562,21024.26953125,21237.84960938,7260250000
2025-01-16,21324.98046875,21330.58984375,21087.84960938,21091.25000000,7085990000
2025-01-17,21461.90039062,21515.75976562,21334.63085938,21441.16015625,7996360000
2025-01-21,21557.82031250,21620.23046875,21379.06054688,21566.50976562,8015780000
2025-01-22,21756.23046875,21943.03906250,21756.23046875,21853.00000000,7219060000
2025-01-23,21737.24023438,21900.92968750,21722.03906250,21900.92968750,6837700000
2025-01-24,21915.48046875,21945.48046875,21709.06054688,21774.00976562,7708150000
2025-01-27,21000.16992188,21292.53906250,20974.90039062,21127.27929688,8870200000
2025-01-28,21186.08007812,21500.73046875,21043.13085938,21463.03906250,7121740000
2025-01-29,21473.00976562,21477.88085938,21251.80078125,21411.46093750,6497710000
2025-01-30,21519.81054688,21623.44921875,21308.68945312,21508.11914062,6679500000
2025-01-31,21661.56054688,21846.00976562,21425.78906250,21478.05078125,7947370000
2025-02-03,21084.64062500,21406.58007812,21004.34960938,21297.58007812,8272460000
2025-02-04,21319.58007812,21582.40039062,21308.24023438,21566.91992188,6477050000
2025-02-05,21453.86914062,21662.98046875,21408.64062500,21658.16015625,6712220000
2025-02-06,21674.16992188,21776.08007812,21618.25000000,21774.07031250,6642100000
2025-02-07,21776.27929688,21869.32031250,21465.46093750,21491.31054688,7748940000
2025-02-10,21670.06054688,21793.13085938,21645.16992188,21756.73046875,9535440000
2025-02-11,21629.10937500,21776.25000000,21625.50976562,21693.51953125,9269380000
2025-02-12,21475.41015625,21745.66015625,21454.18945312,21719.25976562,7946550000
2025-02-13,21786.16015625,22038.15039062,21758.03906250,22030.71093750,8414510000
2025-02-14,22038.60937500,22139.42968750,22010.34960938,22114.68945312,7995720000
2025-02-18,22176.00976562,22191.36914062,22029.58007812,22164.60937500,8683170000
2025-02-19,22121.73046875,22222.60937500,22045.75000000,22175.59960938,8171530000
2025-02-20,22132.71093750,22148.43945312,21878.75000000,22068.06054688,7329270000
2025-02-21,22110.53906250,22115.21093750,21597.16015625,21614.08007812,8461020000
2025-02-24,21669.35937500,21727.58007812,21341.96093750,21352.08007812,7414760000
2025-02-25,21318.76953125,21326.81054688,20930.58007812,21087.25000000,7991440000
2025-02-26,21170.50976562,21350.51953125,21012.61914062,21132.91992188,7034450000
2025-02-27,21281.35937500,21323.91015625,20540.67968750,20550.94921875,7700290000
2025-02-28,20518.65039062,20900.76953125,20407.44921875,20884.41015625,8247520000
2025-03-03,20989.58007812,21073.80078125,20279.50000000,20425.58007812,8170140000
2025-03-04,20281.88085938,20688.46093750,20034.67968750,20352.52929688,8469180000
2025-03-05,20363.22070312,20688.72070312,20182.57031250,20628.46093750,7048430000
2025-03-06,20231.74023438,20473.41015625,19968.56054688,20052.63085938,7686200000
2025-03-07,20015.61914062,20253.22070312,19736.81054688,20201.36914062,8135420000
2025-03-10,19826.96093750,19867.08007812,19243.31054688,19430.94921875,8636040000
2025-03-11,19405.51953125,19659.42968750,19180.56054688,19376.96093750,9177320000
2025-03-12,19663.39062500,19756.08984375,19375.25000000,19596.01953125,7746430000
2025-03-13,19534.36914062,19558.56054688,19152.57031250,19225.48046875,7147050000
2025-03-14,19458.89062500,19729.21093750,19436.03906250,19704.64062500,7093850000
2025-03-17,19670.68945312,19943.81054688,19622.47070312,19812.24023438,6306340000
2025-03-18,19657.09960938,19676.05078125,19397.08007812,19483.35937500,6450530000
2025-03-19,19576.32031250,19921.61914062,19497.78906250,19736.66015625,6302310000
2025-03-20,19558.27929688,19888.84960938,19549.31054688,19677.60937500,6098330000
2025-03-21,19466.43945312,19767.98046875,19409.17968750,19753.97070312,8837930000
2025-03-24,20041.21093750,20208.83984375,20024.97070312,20180.44921875,6787790000
2025-03-25,20196.50000000,20292.18945312,20164.07031250,20287.83007812,6475790000
2025-03-26,20239.03906250,20270.18945312,19848.49023438,19916.99023438,9091510000
2025-03-27,19814.60937500,20003.35937500,19740.22070312,19798.61914062,8002470000
2025-03-28,19718.46093750,19752.44921875,19241.53906250,19281.40039062,7015410000
2025-03-31,18998.53906250,19316.06054688,18799.19921875,19278.44921875,8122180000
2025-04-01,19192.76953125,19468.61914062,19095.16992188,19436.41992188,7756540000
2025-04-02,19182.39062500,19707.33984375,19157.19921875,19581.77929688,9126630000
2025-04-03,18774.15039062,18902.07031250,18502.97070312,18521.47070312,9461330000
2025-04-04,18022.16015625,18089.25000000,17387.83007812,17397.69921875,11038180000
2025-04-07,16771.76953125,18191.50000000,16542.19921875,17430.67968750,12483580000
2025-04-08,18034.46093750,18207.00976562,16850.17968750,17090.40039062,10496650000
2025-04-09,17116.52929688,19234.01953125,17082.35937500,19145.06054688,13479740000
2025-04-10,18626.10937500,18710.58007812,17794.50000000,18343.57031250,11861670000
2025-04-11,18309.28906250,18728.94921875,18153.32031250,18690.05078125,9444890000
2025-04-14,19095.49023438,19115.15039062,18614.75976562,18796.01953125,9667260000
2025-04-15,18831.98046875,19004.16992188,18754.86914062,18830.23046875,7483050000
2025-04-16,18475.75976562,18597.32031250,17995.96093750,18257.64062500,7909190000
2025-04-17,18369.90039062,18401.05078125,18144.46093750,18258.08984375,7046290000
2025-04-21,18023.00976562,18043.08007812,17592.91992188,17808.30078125,6678730000
2025-04-22,18033.90039062,18396.39062500,17993.24023438,18276.41015625,6981900000
2025-04-23,18870.63085938,19043.00976562,18618.89062500,18693.25976562,8564870000
2025-04-24,18756.52929688,19224.80078125,18744.47070312,19214.40039062,7607400000
2025-04-25,19209.72070312,19447.56054688,19133.23046875,19432.56054688,7412930000
2025-04-28,19432.72070312,19519.33007812,19162.46093750,19427.28906250,10313290000
2025-04-29,19315.94921875,19582.76953125,19304.83007812,19544.94921875,13001930000
2025-04-30,19168.08984375,19612.75976562,19011.98046875,19571.01953125,8595330000
2025-05-01,19866.83007812,20024.48046875,19763.14062500,19786.71093750,8409690000
2025-05-02,19986.60937500,20176.59960938,19936.66992188,20102.60937500,8180190000
2025-05-05,19928.82031250,20100.60937500,19899.27929688,19967.93945312,7075320000
2025-05-06,19709.64062500,19927.23046875,19659.32031250,19791.34960938,6958220000
2025-05-07,19804.50000000,19960.85937500,19605.07031250,19867.97070312,7977870000
2025-05-08,20067.42968750,20249.75976562,19907.66992188,20063.56054688,8500390000
2025-05-09,20170.36914062,20203.58007812,19984.52929688,20061.44921875,8835140000
2025-05-12,20818.77929688,20870.11914062,20613.26953125,20868.15039062,10717670000
2025-05-13,20906.91992188,21259.39062500,20891.17968750,21197.69921875,9242230000
2025-05-14,21254.47070312,21336.48046875,21199.84960938,21319.21093750,11744820000
2025-05-15,21206.73046875,21443.88085938,21168.16992188,21335.82031250,10546350000
2025-05-16,21375.63085938,21428.78906250,21246.41992188,21427.93945312,10509820000
2025-05-19,21138.13085938,21464.56054688,21138.13085938,21447.05078125,13080030000
2025-05-20,21347.63085938,21399.99023438,21226.66015625,21367.36914062,9047100000
2025-05-21,21217.31054688,21482.98046875,21002.09960938,21080.35937500,11112460000
2025-05-22,21097.46093750,21263.17968750,21046.22070312,21112.47070312,8289710000
2025-05-23,20806.36914062,21025.58007812,20777.97070312,20915.66015625,8730370000
2025-05-27,21201.44921875,21429.32031250,21145.13085938,21414.99023438,8927760000
2025-05-28,21451.68945312,21508.08007812,21296.50976562,21318.16992188,8087530000
2025-05-29,21611.53906250,21611.53906250,21260.73046875,21363.94921875,11016850000
2025-05-30,21330.84960938,21386.28906250,21032.56054688,21340.99023438,9042260000
2025-06-02,21270.57031250,21500.35937500,21199.36914062,21491.75000000,7779940000
2025-06-03,21529.98046875,21715.96093750,21474.50976562,21662.58007812,7990230000
2025-06-04,21689.01953125,21761.36914062,21607.33007812,21721.91992188,7695660000
2025-06-05,21782.33984375,21891.89062500,21472.76953125,21547.42968750,8782360000
2025-06-06,21777.50000000,21836.57031250,21696.68945312,21761.78906250,7291590000
2025-06-09,21779.17968750,21855.15039062,21729.30078125,21797.86914062,9538700000
2025-06-10,21819.78906250,21961.41992188,21727.33984375,21941.91992188,11221560000
2025-06-11,21994.16015625,22041.83007812,21775.26953125,21860.80078125,10214190000
2025-06-12,21826.78906250,21952.00000000,21807.00000000,21913.32031250,16308730000
2025-06-13,21675.93945312,21838.47070312,21591.10937500,21631.03906250,9001850000
2025-06-16,21783.08007812,21979.76953125,21783.08007812,21937.57031250,9619130000
2025-06-17,21858.89062500,21896.41992188,21680.17968750,21719.08007812,8519930000
2025-06-18,21745.50000000,21863.00000000,21660.51953125,21719.68945312,7818790000
2025-06-20,21834.49023438,21902.99023438,21552.81054688,21626.39062500,9969140000
2025-06-23,21632.77929688,21871.86914062,21532.32031250,21856.33007812,9088000000
2025-06-24,22053.33007812,22220.64062500,22045.63085938,22190.51953125,8330090000
2025-06-25,22279.68945312,22329.23046875,22175.08007812,22237.74023438,8256120000
2025-06-26,22328.24023438,22466.99023438,22255.26953125,22447.28906250,8383380000
2025-06-27,22484.86914062,22603.22070312,22382.78906250,22534.19921875,10951070000
2025-06-30,22632.91992188,22721.50000000,22565.10937500,22679.00976562,8220420000
2025-07-01,22594.48046875,22631.25976562,22388.08984375,22478.13085938,8631710000
2025-07-02,22451.81054688,22644.72070312,22448.07031250,22641.89062500,8378750000
2025-07-03,22751.64062500,22896.00976562,22736.08007812,22866.97070312,6177910000
2025-07-07,22754.38085938,22776.21093750,22587.47070312,22685.57031250,8345710000
2025-07-08,22735.25976562,22761.80078125,22652.43945312,22702.25000000,8437480000
2025-07-09,22800.35937500,22915.33007812,22733.65039062,22864.91015625,9978310000
2025-07-10,22890.42968750,22907.03906250,22716.41015625,22829.25976562,9781380000
2025-07-11,22757.99023438,22837.38085938,22692.80078125,22780.59960938,8135800000
2025-07-14,22780.18945312,22886.93945312,22675.27929688,22855.63085938,8010060000
2025-07-15,23036.85937500,23051.86914062,22876.47070312,22884.58984375,8399060000
2025-07-16,22895.30078125,22928.55078125,22669.36914062,22907.97070312,9056640000
2025-07-17,22931.01953125,23104.72070312,22905.50976562,23081.05078125,9994550000
2025-07-18,23135.08984375,23153.21093750,23018.35937500,23065.47070312,9354580000
2025-07-21,23124.97070312,23264.44921875,23122.92968750,23180.06054688,12046970000
2025-07-22,23182.01953125,23186.35937500,22953.84960938,23063.58007812,10583710000
2025-07-23,23100.25000000,23168.49023438,23000.46093750,23162.41015625,10972770000
2025-07-24,23228.78906250,23268.49023438,23150.26953125,23219.86914062,12741070000
2025-07-25,23204.66015625,23326.30078125,23193.99023438,23272.25000000,11028310000
2025-07-28,23343.13085938,23386.75976562,23299.81054688,23356.26953125,10612580000
2025-07-29,23477.83984375,23510.91992188,23283.40039062,23308.30078125,10040610000
2025-07-30,23337.33007812,23447.15039062,23226.91992188,23345.41015625,9311770000
2025-07-31,23589.36914062,23589.36914062,23176.11914062,23218.11914062,9917220000
2025-08-01,22941.06054688,22972.47070312,22673.88085938,22763.31054688,9667420000
2025-08-04,22986.76953125,23191.03906250,22973.59960938,23188.60937500,7355970000
2025-08-05,23235.31054688,23286.05078125,23008.14062500,23018.56054688,7982940000
2025-08-06,23070.94921875,23330.49023438,23042.26953125,23315.03906250,8580020000
2025-08-07,23483.41992188,23560.73046875,23225.72070312,23389.52929688,8979190000
2025-08-08,23458.13085938,23619.24023438,23437.60937500,23611.26953125,8669200000
2025-08-11,23629.01953125,23698.00000000,23484.25000000,23526.63085938,9099730000
2025-08-12,23651.60937500,23849.50000000,23524.27929688,23839.19921875,8382820000
2025-08-13,23935.06054688,23969.27929688,23789.11914062,23849.03906250,8763080000
2025-08-14,23775.00976562,23908.25976562,23748.98046875,23832.43945312,9110860000
2025-08-15,23809.00000000,23813.99023438,23651.21093750,23712.07031250,8158830000
2025-08-18,23692.13085938,23733.50000000,23637.41015625,23713.75976562,8260970000
2025-08-19,23689.01953125,23695.64062500,23346.33984375,23384.76953125,8461660000
2025-08-20,23343.41015625,23343.41015625,22959.69921875,23249.57031250,7810310000
2025-08-21,23182.75976562,23264.26953125,23046.39062500,23142.58007812,6530580000
2025-08-22,23184.99023438,23575.35937500,23140.03906250,23498.11914062,9401300000
2025-08-25,23454.27929688,23546.44921875,23382.18945312,23425.60937500,8443200000
2025-08-26,23420.84960938,23532.50976562,23369.03906250,23525.28906250,9087930000
2025-08-27,23499.66992188,23591.05078125,23434.31054688,23565.84960938,8040510000
2025-08-28,23601.34960938,23741.23046875,23514.69921875,23703.44921875,7807080000
2025-08-29,23607.53906250,23607.53906250,23353.96093750,23415.41992188,7715430000
2025-09-02,23020.47070312,23242.27929688,22977.88085938,23231.10937500,8183410000
2025-09-03,23388.27929688,23478.00976562,23279.11914062,23414.83984375,7488290000
2025-09-04,23442.18945312,23639.03906250,23371.33007812,23633.00976562,7282150000
2025-09-05,23841.98046875,23860.25000000,23475.33007812,23652.43945312,8413730000
2025-09-08,23759.61914062,23851.81054688,23725.03906250,23762.30078125,8435850000
2025-09-09,23824.33007812,23852.41992188,23698.00000000,23839.80078125,7877410000
2025-09-10,23931.32031250,23958.53906250,23760.09960938,23849.26953125,9090550000
2025-09-11,23956.57031250,24016.52929688,23883.00976562,23992.56054688,10025020000
2025-09-12,24030.76953125,24137.06054688,23983.63085938,24092.18945312,9023140000
2025-09-15,24178.59960938,24297.33984375,24173.14062500,24293.77929688,8904030000
2025-09-16,24342.75000000,24343.34960938,24244.21093750,24274.25000000,8592240000
2025-09-17,24286.42968750,24292.06054688,23999.75000000,24223.68945312,9325980000
2025-09-18,24421.21093750,24554.51953125,24347.53906250,24454.89062500,10478450000
2025-09-19,24528.43945312,24641.92968750,24469.27929688,24626.25000000,14632360000
2025-09-22,24588.17968750,24781.73046875,24578.08984375,24761.07031250,9736270000
2025-09-23,24752.74023438,24764.30078125,24536.50000000,24580.16992188,9822620000
2025-09-24,24648.97070312,24650.41992188,24388.58984375,24503.57031250,9184030000
2025-09-25,24321.73046875,24460.66015625,24186.36914062,24397.31054688,9960330000
2025-09-26,24410.94921875,24510.36914062,24297.69921875,24503.84960938,8488400000
2025-09-29,24629.01953125,24741.76953125,24560.22070312,24611.34960938,9046720000
2025-09-30,24597.40039062,24691.23046875,24505.14062500,24679.99023438,8928070000
2025-10-01,24539.25000000,24816.66992188,24517.75976562,24800.85937500,10043980000
2025-10-02,24933.49023438,24944.75000000,24780.10937500,24892.75976562,9633200000
2025-10-03,24931.41992188,24958.25976562,24713.58007812,24785.51953125,10515730000
2025-10-06,24986.25976562,25044.25976562,24907.59960938,24978.56054688,10468830000
2025-10-07,25031.77929688,25062.96093750,24783.94921875,24840.23046875,10375920000
2025-10-08,24887.32031250,25142.18945312,24882.34960938,25136.61914062,10925520000
2025-10-09,25124.78906250,25139.34960938,24966.81054688,25098.17968750,10713200000
2025-10-10,25116.83007812,25195.27929688,24207.15039062,24221.74023438,10713200000
2025-10-13,24625.74023438,24779.65039062,24540.41992188,24750.25000000,9018770000
2025-10-14,24442.92968750,24766.36914062,24256.27929688,24579.32031250,9776720000
2025-10-15,24807.33984375,24933.23046875,24496.07031250,24745.35937500,11374850000
2025-10-16,24882.22070312,24998.30078125,24481.16992188,24657.24023438,11343620000
2025-10-17,24600.55078125,24881.47070312,24511.58984375,24817.94921875,9552150000
2025-10-20,24991.09960938,25183.81054688,24988.66992188,25141.01953125,9440620000
2025-10-21,25139.80078125,25178.23046875,25043.06054688,25127.13085938,10845130000
2025-10-22,25093.64062500,25127.06054688,24652.10937500,24879.00976562,14361150000
2025-10-23,24869.59960938,25126.77929688,24856.33984375,25097.41015625,10363600000
2025-10-24,25307.75000000,25418.64062500,25288.71093750,25358.16015625,10308620000
2025-10-27,25701.94921875,25839.02929688,25656.38085938,25821.55078125,10757830000
2025-10-28,25932.64062500,26087.48046875,25864.49023438,26012.15039062,10640830000
2025-10-29,26147.72070312,26182.09960938,25907.44921875,26119.84960938,10089540000
2025-10-30,25953.77929688,26031.67968750,25732.39062500,25734.81054688,10564160000
2025-10-31,26055.97070312,26063.49023438,25761.27929688,25858.13085938,10909250000
2025-11-03,26114.10937500,26132.86914062,25887.88085938,25972.93945312,10360170000
2025-11-04,25580.33984375,25762.23046875,25415.61914062,25435.69921875,10227700000
2025-11-05,25433.22070312,25750.88085938,25364.90039062,25620.02929688,10026890000
2025-11-06,25568.24023438,25568.24023438,25083.24023438,25130.03906250,11085130000
2025-11-07,24977.73046875,25065.14062500,24603.77929688,25059.81054688,10141910000
2025-11-10,25418.16992188,25655.50976562,25354.43945312,25611.74023438,9297320000
2025-11-11,25500.92968750,25588.25976562,25380.85937500,25533.49023438,7756810000
2025-11-12,25662.18945312,25663.16992188,25389.73046875,25517.33007812,8449920000
2025-11-13,25386.94921875,25396.00976562,24908.59960938,24993.46093750,11351410000
2025-11-14,24658.55078125,25198.92968750,24534.90039062,25008.24023438,10841540000
2025-11-17,24890.09960938,25166.15039062,24649.35937500,24799.91992188,9744800000
2025-11-18,24651.77929688,24735.11914062,24299.28906250,24503.09960938,8606260000
2025-11-19,24517.26953125,24904.66015625,24432.18945312,24640.51953125,8434200000
2025-11-20,25131.49023438,25222.94921875,24021.43945312,24054.38085938,10548620000
2025-11-21,24137.66015625,24521.83984375,23854.02929688,24239.57031250,9931240000
2025-11-24,24462.86914062,24923.58984375,24455.65039062,24873.84960938,9232160000
2025-11-25,24790.07031250,25069.53906250,24542.71093750,25018.35937500,8498500000
2025-11-26,25168.31054688,25309.15039062,25077.85937500,25236.93945312,7291400000
2025-11-28,25310.27929688,25435.76953125,25280.96093750,25434.89062500,4541070000
2025-12-01,25232.75000000,25443.21093750,25158.63085938,25342.84960938,7859560000
2025-12-02,25449.86914062,25622.58007812,25369.35937500,25555.85937500,7588580000
2025-12-03,25443.71093750,25639.99023438,25388.43945312,25606.53906250,7962730000
2025-12-04,25658.14062500,25658.26953125,25450.38085938,25581.69921875,7456860000
2025-12-05,25657.77929688,25827.08007812,25617.34960938,25692.05078125,8248280000
2025-12-08,25758.82031250,25828.16015625,25531.75000000,25627.94921875,8533670000
2025-12-09,25593.66992188,25698.25976562,25532.33984375,25668.68945312,7192600000
2025-12-10,25631.58984375,25835.02929688,25504.30078125,25776.43945312,7987900000
2025-12-11,25598.39062500,25696.28906250,25372.17968750,25686.68945312,8337770000
2025-12-12,25531.55078125,25605.88085938,25104.67968750,25196.73046875,8724070000
2025-12-15,25352.86914062,25377.61914062,25022.81054688,25067.26953125,8649240000
2025-12-16,24991.49023438,25188.75976562,24922.93945312,25132.93945312,7759960000
2025-12-17,25167.85937500,25193.41015625,24647.60937500,24647.60937500,8616140000
2025-12-18,25031.49023438,25164.17968750,24921.44921875,25019.36914062,7977920000
2025-12-19,25147.30078125,25354.82031250,25134.25976562,25346.17968750,12874560000
2025-12-22,25527.67968750,25554.02929688,25401.58984375,25461.69921875,7244910000
2025-12-23,25441.41992188,25590.02929688,25403.25976562,25587.83007812,7518190000
2025-12-24,25582.33984375,25665.27929688,25556.84960938,25656.15039062,3885190000
2025-12-26,25692.67968750,25716.71093750,25620.32031250,25644.39062500,5170300000
2025-12-29,25462.25000000,25598.14062500,25440.97070312,25525.56054688,6527530000
2025-12-30,25509.88085938,25577.58007812,25456.92968750,25462.56054688,6769300000
