timestamp,open,high,low,close,volume
2004-06-04 21:00:00+00:00,25.5177,26.1891,25.338,26.1891,12
2004-06-11 21:00:00+00:00,26.1933,26.4477,26.1398,26.233,12
2004-06-18 21:00:00+00:00,26.2125,26.3464,25.9441,26.0458,12
2004-06-25 21:00:00+00:00,26.0196,26.348,25.7917,25.7917,12
2004-07-02 21:00:00+00:00,25.7711,25.9024,25.3611,25.3611,12
2004-07-09 21:00:00+00:00,25.3542,25.5107,25.0864,25.0864,12
2004-07-16 21:00:00+00:00,25.0886,26.158,25.051,26.158,12
2004-07-23 21:00:00+00:00,26.1575,26.388,26.0542,26.353,12
2004-07-30 21:00:00+00:00,26.363,26.363,25.6767,25.6767,12
2004-08-06 21:00:00+00:00,25.6886,25.7411,25.3952,25.3952,12
2004-08-13 21:00:00+00:00,25.3991,25.7119,25.3991,25.7119,12
2004-08-20 21:00:00+00:00,25.7013,26.5005,25.7013,26.5005,12
2004-08-27 21:00:00+00:00,26.3907,26.4893,26.0281,26.343,12
2004-09-03 21:00:00+00:00,26.3452,26.3452,25.8306,25.8306,12
2004-09-10 21:00:00+00:00,25.8346,25.8911,25.6285,25.736,12
2004-09-17 21:00:00+00:00,25.7407,25.803,25.5186,25.7385,12
2004-09-24 21:00:00+00:00,25.7385,25.7385,25.374,25.41,12
2004-10-01 21:00:00+00:00,25.4834,25.6516,25.3147,25.3147,12
2004-10-08 21:00:00+00:00,25.2997,25.4977,25.2579,25.2579,12
2004-10-15 21:00:00+00:00,25.2307,25.2307,24.8356,24.8356,12
2004-10-22 21:00:00+00:00,24.8206,24.8285,24.684,24.7819,10
2004-10-29 21:00:00+00:00,24.6302,24.7128,24.2689,24.2689,12
2004-11-05 22:00:00+00:00,24.2484,24.4089,24.2484,24.2768,12
2004-11-12 22:00:00+00:00,24.246,24.2735,23.8592,23.8592,12
2004-11-19 22:00:00+00:00,23.8282,23.8282,23.3073,23.3073,12
2004-11-26 22:00:00+00:00,23.3302,23.343,22.8825,22.8825,12
2004-12-03 22:00:00+00:00,22.8994,23.224,22.8724,23.224,12
2004-12-10 22:00:00+00:00,23.1735,23.1735,22.8296,22.9202,12
2004-12-17 22:00:00+00:00,22.8659,22.8659,22.5334,22.5334,12
2004-12-24 22:00:00+00:00,22.5271,22.5271,22.3149,22.4167,12
2004-12-31 22:00:00+00:00,22.4248,23.3279,22.3895,23.268,296885
2005-01-07 22:00:00+00:00,23.2715,23.3229,22.843,23.205,283902
2005-01-14 22:00:00+00:00,23.2138,23.4989,23.0856,23.2518,253309
2005-01-21 22:00:00+00:00,23.2518,23.2677,22.9053,23.1955,251783
2005-01-28 22:00:00+00:00,23.2098,23.2958,22.9384,23.2885,234761
2005-02-04 22:00:00+00:00,23.2904,23.5619,23.2333,23.4028,224688
2005-02-11 22:00:00+00:00,23.4028,23.4028,22.8302,22.8404,224983
2005-02-18 22:00:00+00:00,22.8313,22.9541,22.4253,22.4389,223086
2005-02-25 22:00:00+00:00,22.4389,22.6767,22.3078,22.3504,223307
2005-03-04 22:00:00+00:00,22.3504,22.4183,21.8112,21.9165,224498
2005-03-11 22:00:00+00:00,21.9291,22.544,21.895,22.3396,225336
2005-03-18 22:00:00+00:00,22.3396,23.2936,22.3354,23.2414,199874
2005-03-25 22:00:00+00:00,23.2513,23.4387,22.9323,23.2169,217258
2005-04-01 22:00:00+00:00,23.225,23.4587,23.1107,23.1617,220737
2005-04-08 21:00:00+00:00,23.1617,23.5283,22.9684,23.3246,232750
2005-04-15 21:00:00+00:00,23.3246,23.4088,22.9901,23.2055,238657
2005-04-22 21:00:00+00:00,23.2055,23.7734,23.1734,23.7337,235520
2005-04-29 21:00:00+00:00,23.7411,23.785,23.068,23.306,190443
2005-05-06 21:00:00+00:00,23.306,23.8576,23.2143,23.8091,200507
2005-05-13 21:00:00+00:00,23.8091,24.1882,23.7449,24.1301,207310
2005-05-20 21:00:00+00:00,24.1301,24.4571,24.0181,24.2074,218921
2005-05-27 21:00:00+00:00,24.2074,25.0459,24.2074,24.6609,222694
2005-06-03 21:00:00+00:00,24.6609,24.7686,24.3472,24.738,237097
2005-06-10 21:00:00+00:00,24.738,24.96,24.3612,24.3774,266318
2005-06-17 21:00:00+00:00,24.3893,24.8935,24.3774,24.7581,265519
2005-06-24 21:00:00+00:00,24.7581,25.1643,24.5672,25.1046,273156
2005-07-01 21:00:00+00:00,25.1067,25.4699,25.0811,25.2131,244968
2005-07-08 21:00:00+00:00,25.2089,25.23,24.6168,25.1317,271968
2005-07-15 21:00:00+00:00,25.1317,25.2578,24.6112,25.0477,262907
2005-07-22 21:00:00+00:00,25.0415,25.2821,24.8083,24.8911,246364
2005-07-29 21:00:00+00:00,24.887,24.9154,24.0058,24.0149,266669
2005-08-05 21:00:00+00:00,24.0149,24.1021,23.5548,23.6278,259127
2005-08-12 21:00:00+00:00,23.6278,24.2935,23.5917,24.243,229002
2005-08-19 21:00:00+00:00,24.243,24.3494,23.9865,24.0999,231929
2005-08-26 21:00:00+00:00,24.0999,24.3317,23.1474,23.1945,244924
2005-09-02 21:00:00+00:00,23.1945,23.6455,23.0958,23.5394,244529
2005-09-09 21:00:00+00:00,23.5394,24.0306,23.5072,23.7763,253505
2005-09-16 21:00:00+00:00,23.7763,24.5245,23.7763,24.5245,256048
2005-09-23 21:00:00+00:00,24.5245,24.6882,24.3683,24.6279,258742
2005-09-30 21:00:00+00:00,24.6279,24.9177,24.3515,24.4558,246869
2005-10-07 21:00:00+00:00,24.4558,24.9439,24.3715,24.559,244608
2005-10-14 21:00:00+00:00,24.5611,25.0496,24.4502,24.9352,255190
2005-10-21 21:00:00+00:00,24.9352,24.9969,24.3939,24.6023,253213
2005-10-28 21:00:00+00:00,24.6046,24.7768,24.403,24.7518,247498
2005-11-04 22:00:00+00:00,24.7518,25.1251,24.4366,24.9233,245483
2005-11-11 22:00:00+00:00,24.9233,25.1949,24.8365,24.8896,252754
2005-11-18 22:00:00+00:00,24.8896,25.0628,24.6523,24.8102,221438
2005-11-25 22:00:00+00:00,24.8463,24.9172,24.3866,24.6885,239815
2005-12-02 22:00:00+00:00,24.6885,24.8055,24.4718,24.6106,231705
2005-12-09 22:00:00+00:00,24.6106,24.6927,24.0298,24.153,257479
2005-12-16 22:00:00+00:00,24.153,24.5448,24.0376,24.4228,214012
2005-12-23 22:00:00+00:00,24.4228,24.6494,24.2269,24.5527,180233
2005-12-30 22:00:00+00:00,24.5485,24.6096,23.7489,23.7821,210375
2006-01-06 22:00:00+00:00,23.7821,23.9877,23.6244,23.7363,239996
2006-01-13 22:00:00+00:00,23.7618,23.9243,23.5437,23.5578,91893
2006-01-20 22:00:00+00:00,23.5578,23.6204,23.047,23.4125,76752
2006-01-27 22:00:00+00:00,23.4125,23.825,23.2743,23.6677,65279
2006-02-03 22:00:00+00:00,23.6677,23.8926,23.5071,23.7989,61268
2006-02-10 22:00:00+00:00,23.8069,24.1242,23.7105,23.7625,59904
2006-02-17 22:00:00+00:00,23.7625,24.0824,23.6805,23.8575,54290
2006-02-24 22:00:00+00:00,23.8548,23.9601,23.6144,23.7053,62316
2006-03-03 22:00:00+00:00,23.7111,24.2981,23.5758,24.1582,64319
2006-03-10 22:00:00+00:00,24.1582,24.2487,23.3622,23.4723,64291
2006-03-17 22:00:00+00:00,23.4805,24.0279,23.3979,23.8209,63391
2006-03-24 22:00:00+00:00,23.8169,24.0098,23.4318,23.4923,64180
2006-03-31 22:00:00+00:00,23.4943,23.7532,23.1658,23.7369,74093
2006-04-07 21:00:00+00:00,23.733,23.733,23.4657,23.654,52148
2006-04-14 21:00:00+00:00,23.6501,23.6654,22.938,22.9871,67028
2006-04-21 21:00:00+00:00,22.9796,23.0056,22.539,22.5582,69561
2006-04-28 21:00:00+00:00,22.5653,22.6779,22.1405,22.2123,68759
2006-05-05 21:00:00+00:00,22.2161,22.3673,21.8226,21.8681,93632
2006-05-12 21:00:00+00:00,21.8664,22.3809,21.7911,22.1279,120648
2006-05-19 21:00:00+00:00,22.1296,22.3108,21.8818,22.119,112736
2006-05-26 21:00:00+00:00,22.1225,22.2007,21.7742,21.8344,97473
2006-06-02 21:00:00+00:00,21.8327,22.4109,21.7916,22.356,97405
2006-06-09 21:00:00+00:00,22.356,22.6386,22.3322,22.5529,92530
2006-06-16 21:00:00+00:00,22.5476,22.8333,22.353,22.7602,80770
2006-06-23 21:00:00+00:00,22.7647,22.7949,22.278,22.2852,88339
2006-06-30 21:00:00+00:00,22.2887,22.4838,22.1162,22.2229,79727
2006-07-07 21:00:00+00:00,22.2229,22.5741,22.1784,22.5022,79211
2006-07-14 21:00:00+00:00,22.5057,22.8422,22.3702,22.375,84208
2006-07-21 21:00:00+00:00,22.375,22.5773,22.2303,22.3126,85469
2006-07-28 21:00:00+00:00,22.3117,22.4081,21.9245,21.9931,81537
2006-08-04 21:00:00+00:00,21.9837,22.0991,21.7117,22.026,82301
2006-08-11 21:00:00+00:00,22.0269,22.1478,21.7284,21.9287,73111
2006-08-18 21:00:00+00:00,21.9287,22.1383,21.775,22.1071,77455
2006-08-25 21:00:00+00:00,22.0906,22.1585,21.9085,22.0158,73761
2006-09-01 21:00:00+00:00,22.0123,22.3916,21.90305,22.3385,73390
2006-09-08 21:00:00+00:00,22.335,22.5513,22.0855,22.4692,78059
2006-09-15 21:00:00+00:00,22.4799,22.5387,22.2022,22.2974,76824
2006-09-22 21:00:00+00:00,22.2983,22.4411,22.2064,22.334,91722
2006-09-29 21:00:00+00:00,22.3323,22.4549,22.107,22.4,71661
2006-10-06 21:00:00+00:00,22.4,22.6467,22.3266,22.5916,98901
2006-10-13 21:00:00+00:00,22.5934,22.6581,22.352,22.4324,77886
2006-10-20 21:00:00+00:00,22.4324,22.651,22.2428,22.2551,83656
2006-10-27 21:00:00+00:00,22.2593,22.3174,21.8713,22.0169,81749
2006-11-03 22:00:00+00:00,22.0187,22.0771,21.8083,21.9273,75803
2006-11-10 22:00:00+00:00,21.9205,22.0006,21.8134,21.8593,97362
2006-11-17 22:00:00+00:00,21.8593,21.8695,21.359,21.4087,77991
2006-11-24 22:00:00+00:00,21.4111,21.4242,20.9536,21.0331,122852
2006-12-01 22:00:00+00:00,21.041,21.1892,20.8932,21.1684,117602
2006-12-08 22:00:00+00:00,21.1716,21.2458,20.9882,21.1322,141577
2006-12-15 22:00:00+00:00,21.1322,21.2598,20.7402,21.1,152110
2006-12-22 22:00:00+00:00,21.1284,21.2956,20.8133,20.8256,92690
2006-12-29 22:00:00+00:00,20.8256,21.3039,20.6444,21.2721,129911
2007-01-05 22:00:00+00:00,21.2647,21.5657,21.1244,21.5306,172901
2007-01-12 22:00:00+00:00,21.5204,21.608,21.3555,21.4419,150238
2007-01-19 22:00:00+00:00,21.4386,21.8872,21.3888,21.7814,170490
2007-01-26 22:00:00+00:00,21.7811,21.8963,21.5227,21.7651,154277
2007-02-02 22:00:00+00:00,21.7617,21.8139,21.627,21.7243,136344
2007-02-09 22:00:00+00:00,21.7243,21.8827,21.4449,21.5129,147123
2007-02-16 22:00:00+00:00,21.5156,21.6233,21.2982,21.5167,101755
2007-02-23 22:00:00+00:00,21.5135,21.6133,21.2601,21.3618,110977
2007-03-02 22:00:00+00:00,21.361,21.5567,21.326,21.4918,132023
2007-03-09 22:00:00+00:00,21.4313,21.5088,20.8557,20.9147,87174
2007-03-16 21:00:00+00:00,20.9147,21.054,20.7492,21.0336,83676
2007-03-23 21:00:00+00:00,21.0305,21.1011,20.8996,20.9716,126369
2007-03-30 21:00:00+00:00,20.9705,21.00917,20.74143,20.85631,98171
2007-04-06 21:00:00+00:00,20.85319,20.90518,20.60585,20.65609,104605
2007-04-13 21:00:00+00:00,20.61692,20.66089,20.51134,20.63238,115795
2007-04-20 21:00:00+00:00,20.63177,20.69999,20.54819,20.62123,117803
2007-04-27 21:00:00+00:00,20.62078,20.78879,20.59138,20.73249,134064
2007-05-04 21:00:00+00:00,20.72715,20.99275,20.6693,20.89913,134001
2007-05-11 21:00:00+00:00,20.87751,20.94553,20.70967,20.8774,129173
2007-05-18 21:00:00+00:00,20.87415,21.12272,20.83366,21.08041,134242
2007-05-25 21:00:00+00:00,21.08198,21.14845,20.92418,21.01868,118460
2007-06-01 21:00:00+00:00,21.01868,21.38299,20.93886,21.28107,93669
2007-06-08 21:00:00+00:00,21.27932,21.54184,21.27558,21.3277,106424
2007-06-15 21:00:00+00:00,21.3328,21.42959,21.262,21.30264,104659
2007-06-22 21:00:00+00:00,21.30185,21.41491,21.19974,21.22814,89485
2007-06-29 21:00:00+00:00,21.22735,21.25281,20.97097,21.00818,80793
2007-07-06 21:00:00+00:00,21.00047,21.06926,20.39846,20.45745,92329
2007-07-13 21:00:00+00:00,20.45077,20.55669,20.38763,20.41449,83953
2007-07-20 21:00:00+00:00,20.40667,20.58481,20.33524,20.55344,119742
2007-07-27 21:00:00+00:00,20.55374,20.59255,20.31585,20.38554,135479
2007-08-03 21:00:00+00:00,20.38489,20.61118,20.26019,20.48724,130207
2007-08-10 21:00:00+00:00,20.48829,20.81445,20.45887,20.59009,173800
2007-08-17 21:00:00+00:00,20.58017,20.62069,20.26609,20.2773,108664
2007-08-24 21:00:00+00:00,20.27508,20.39955,20.20103,20.31698,99315
2007-08-31 21:00:00+00:00,20.31101,20.40515,19.99928,20.02326,96462
2007-09-07 21:00:00+00:00,20.01236,20.1392,19.74224,19.75748,109550
2007-09-14 21:00:00+00:00,19.75037,19.87866,19.50047,19.53944,110658
2007-09-21 21:00:00+00:00,19.5436,19.60887,19.27566,19.31031,104793
2007-09-28 21:00:00+00:00,19.30219,19.62023,19.27166,19.50791,95786
2007-10-05 21:00:00+00:00,19.50792,19.61271,19.29053,19.39883,107919
2007-10-12 21:00:00+00:00,19.39883,19.48378,19.01044,19.03701,117895
2007-10-19 21:00:00+00:00,19.02517,19.27895,18.63938,18.65505,155918
2007-10-26 21:00:00+00:00,18.64857,18.77944,18.52826,18.56347,115192
2007-11-02 21:00:00+00:00,18.5604,18.67264,18.0783,18.1186,138653
2007-11-09 22:00:00+00:00,18.1223,18.36934,18.09602,18.17341,166133
2007-11-16 22:00:00+00:00,18.1734,18.26739,17.87163,18.05103,170930
2007-11-23 22:00:00+00:00,19.0852,19.0852,17.72321,17.93024,185381
2007-11-30 22:00:00+00:00,17.92534,17.98313,17.81276,17.82547,159576
2007-12-07 22:00:00+00:00,17.82985,18.34251,17.63514,18.31689,164589
2007-12-14 22:00:00+00:00,18.34613,18.50239,18.11518,18.40754,149614
2007-12-21 22:00:00+00:00,18.41842,18.44725,18.05006,18.07864,76437
2007-12-28 22:00:00+00:00,18.07839,18.25047,17.62085,17.71139,128404
2008-01-04 22:00:00+00:00,17.70874,17.82816,17.46472,17.52287,180640
2008-01-11 22:00:00+00:00,17.51398,17.95636,17.33708,17.9298,183038
2008-01-18 22:00:00+00:00,17.9505,18.3303,17.4844,17.6258,210635
2008-01-25 22:00:00+00:00,17.633,17.6675,17.2945,17.4667,191210
2008-02-01 22:00:00+00:00,17.4584,17.8436,17.2798,17.7552,197907
2008-02-08 22:00:00+00:00,17.754,17.7634,17.1055,17.172,111539
2008-02-15 22:00:00+00:00,17.1535,17.311,16.8435,16.904,108817
2008-02-22 22:00:00+00:00,16.9005,16.9295,16.4925,16.5405,124278
2008-02-29 22:00:00+00:00,16.5565,16.5675,16.2708,16.2955,119603
2008-03-07 22:00:00+00:00,16.302,16.414,15.992,16.017,136069
2008-03-14 21:00:00+00:00,16.0095,16.56605,15.745,16.54625,153443
2008-03-21 21:00:00+00:00,16.2635,16.3115,15.9465,16.0295,76485
2008-03-28 21:00:00+00:00,16.0145,16.14095,15.7535,15.957,140782
2008-04-04 21:00:00+00:00,15.962,16.0539,15.752,15.763,123779
2008-04-11 21:00:00+00:00,15.7545,15.9715,15.55225,15.86535,129561
2008-04-18 21:00:00+00:00,15.8417,16.22055,15.636,16.11935,139677
2008-04-25 21:00:00+00:00,16.159,16.4609,16.036,16.3868,133202
2008-05-02 21:00:00+00:00,16.3945,16.474,16.1495,16.1695,120219
2008-05-09 21:00:00+00:00,16.2195,16.37,15.9765,16.0695,118965
2008-05-16 21:00:00+00:00,16.0655,16.158,15.877,15.892,127632
2008-05-23 21:00:00+00:00,15.903,16.2335,15.8565,16.096,124825
2008-05-30 21:00:00+00:00,16.0755,16.1485,15.584,15.586,144288
2008-06-06 21:00:00+00:00,15.581,15.869,15.5685,15.7185,152331
2008-06-13 21:00:00+00:00,15.711,15.751,15.3925,15.456,126825
2008-06-20 21:00:00+00:00,15.4585,15.606,15.095,15.1,125923
2008-06-27 21:00:00+00:00,15.1485,15.2025,14.51,15.0485,124456
2008-07-04 21:00:00+00:00,15.0705,15.1475,14.4505,14.6955,128517
2008-07-11 21:00:00+00:00,14.7245,14.8155,14.4915,14.5105,224246
2008-07-18 21:00:00+00:00,14.5105,15.2175,14.3835,15.1535,282260
2008-07-25 21:00:00+00:00,15.0385,15.4795,15.016,15.33905,208592
2008-08-01 21:00:00+00:00,15.3585,16.2425,15.3185,16.2215,305272
2008-08-08 21:00:00+00:00,16.2185,16.759,15.868,16.7195,309368
2008-08-15 21:00:00+00:00,16.716,16.73,16.4275,16.443,261310
2008-08-22 21:00:00+00:00,16.4965,16.933,16.4565,16.9015,344099
2008-08-29 21:00:00+00:00,16.8665,17.503,16.816,17.481,334829
2008-09-05 21:00:00+00:00,17.3835,17.7655,16.9365,16.9505,399463
2008-09-12 21:00:00+00:00,16.865,17.289,16.5239,16.544,386795
2008-09-19 21:00:00+00:00,16.5451,16.797,16.086,16.6764,371138
2008-09-26 21:00:00+00:00,16.709,18.1625,16.6509,18.0244,380139
2008-10-03 21:00:00+00:00,18.0224,18.7739,17.8253,18.5562,377925
2008-10-10 21:00:00+00:00,18.5634,18.876,17.8454,18.5415,456322
2008-10-17 21:00:00+00:00,18.5456,20.6095,18.3735,19.6664,525400
2008-10-24 21:00:00+00:00,19.6752,20.1514,17.9231,18.8984,517679
2008-10-31 21:00:00+00:00,18.8702,19.7757,18.4434,19.726,486442
2008-11-07 22:00:00+00:00,19.7299,20.5745,19.414,20.0969,482211
2008-11-14 22:00:00+00:00,20.0961,20.7475,19.9075,20.427,503274
2008-11-21 22:00:00+00:00,20.4213,20.497,19.1171,19.9904,444777
2008-11-28 22:00:00+00:00,19.9904,20.5645,19.9221,20.3615,518420
2008-12-05 22:00:00+00:00,20.297,20.3552,19.229,19.5008,528372
2008-12-12 22:00:00+00:00,19.4242,19.464,18.0023,19.0117,433926
2008-12-19 22:00:00+00:00,19.0117,19.0847,18.6785,18.8236,139725
2008-12-26 22:00:00+00:00,18.8241,19.447,18.4875,19.3106,279040
2009-01-02 22:00:00+00:00,19.2574,19.8279,18.916,19.7373,404540
2009-01-09 22:00:00+00:00,19.7388,21.0385,19.6335,20.7741,479979
2009-01-16 22:00:00+00:00,20.7741,22.0971,20.5565,21.5191,491906
2009-01-23 22:00:00+00:00,21.52,21.9181,20.5147,21.8177,521158
2009-01-30 22:00:00+00:00,21.8434,22.2447,21.4449,21.5685,533736
2009-02-06 22:00:00+00:00,21.5686,22.6502,21.0372,22.2649,520867
2009-02-13 22:00:00+00:00,22.2651,23.5778,22.1084,22.4849,464746
2009-02-20 22:00:00+00:00,22.4981,22.5985,21.787,22.1909,523153
2009-02-27 22:00:00+00:00,22.1891,22.7016,21.4383,21.9173,542392
2009-03-06 22:00:00+00:00,21.8269,22.4775,20.3008,20.4302,530024
2009-03-13 21:00:00+00:00,20.4302,20.7486,19.4961,19.6221,428440
2009-03-20 21:00:00+00:00,19.6219,20.6497,19.3563,20.622,528144
2009-03-27 21:00:00+00:00,20.6197,21.0959,19.6063,19.6262,452071
2009-04-03 21:00:00+00:00,19.6262,20.3246,19.5013,20.0535,425249
2009-04-10 21:00:00+00:00,20.0535,20.6195,19.7101,20.5347,403663
2009-04-17 21:00:00+00:00,20.5269,21.1159,19.9719,20.1103,432482
2009-04-24 21:00:00+00:00,20.1076,20.7049,19.8793,20.0874,440762
2009-05-01 21:00:00+00:00,20.0829,20.1997,19.5748,19.5999,458798
2009-05-08 21:00:00+00:00,19.5709,20.0226,19.4757,19.9241,418735
2009-05-15 21:00:00+00:00,19.9781,20.0986,18.974,19.0506,440070
2009-05-22 21:00:00+00:00,19.0506,19.3977,18.971,19.0394,375043
2009-05-29 21:00:00+00:00,19.0515,19.3758,18.6559,19.3364,438415
2009-06-05 21:00:00+00:00,19.3364,19.5676,18.79446,19.0119,702575
2009-06-12 21:00:00+00:00,19.0119,19.52614,18.70081,18.806,415491
2009-06-19 21:00:00+00:00,18.806,18.90469,18.42344,18.5052,212722
2009-06-26 21:00:00+00:00,18.5032,18.64606,18.10606,18.5192,176312
2009-07-03 21:00:00+00:00,18.5199,18.88927,18.40037,18.6586,191092
2009-07-10 21:00:00+00:00,18.6751,18.78989,18.2642,18.3669,179635
2009-07-17 21:00:00+00:00,18.3455,18.36787,17.8626,17.8714,157164
2009-07-24 21:00:00+00:00,17.8714,18.26952,17.79467,17.924,156746
2009-07-31 21:00:00+00:00,17.994,18.2439,17.73679,18.204,176557
2009-08-07 21:00:00+00:00,18.204,18.3504,17.97198,18.087,157679
2009-08-14 21:00:00+00:00,18.087,18.35273,17.67425,17.7785,157399
2009-08-21 21:00:00+00:00,17.7844,17.95013,17.62476,17.7572,143939
2009-08-28 21:00:00+00:00,17.7475,18.15505,17.68716,17.83398,152143
2009-09-04 21:00:00+00:00,17.83566,17.86317,17.39655,17.47717,143444
2009-09-11 21:00:00+00:00,17.44779,17.5841,16.91478,17.09346,126892
2009-09-18 21:00:00+00:00,17.095,17.24873,16.93901,17.13891,131068
2009-09-25 21:00:00+00:00,17.153,17.59834,17.0995,17.4641,151444
2009-10-02 21:00:00+00:00,17.4641,17.67564,17.28056,17.59322,112385
2009-10-09 21:00:00+00:00,17.5915,17.65864,17.23673,17.33847,125226
2009-10-16 21:00:00+00:00,17.3345,17.42607,17.14317,17.26735,126565
2009-10-23 21:00:00+00:00,17.26859,18.11518,17.20339,18.02196,150695
2009-10-30 21:00:00+00:00,18.0259,18.06498,17.2354,17.33813,141669
2009-11-06 22:00:00+00:00,17.341,17.38045,16.86946,17.09966,120217
2009-11-13 22:00:00+00:00,17.09966,17.50941,16.94274,17.44499,104595
2009-11-20 22:00:00+00:00,17.4435,17.86637,17.16706,17.41601,117586
2009-11-27 22:00:00+00:00,17.4155,17.49393,17.02443,17.26197,122203
2009-12-04 22:00:00+00:00,17.2677,17.72177,17.21292,17.68247,129962
2009-12-11 22:00:00+00:00,17.68298,18.47984,17.48851,18.35715,133631
2009-12-18 22:00:00+00:00,18.3555,18.5224,18.27331,18.3425,64268
2009-12-25 22:00:00+00:00,18.3425,18.51126,18.25483,18.462,49177
2010-01-01 22:00:00+00:00,18.433,18.51026,18.04682,18.24796,112807
2010-01-08 22:00:00+00:00,18.2505,18.2688,17.87089,18.04549,134227
2010-01-15 22:00:00+00:00,18.04614,18.59704,17.89117,18.43823,145041
2010-01-22 22:00:00+00:00,18.4405,18.91863,18.3064,18.91084,152115
2010-01-29 22:00:00+00:00,18.91084,19.29049,18.47,19.15318,149328
2010-02-05 22:00:00+00:00,19.15318,19.28064,18.84027,19.08849,171429
2010-02-12 22:00:00+00:00,19.0895,19.2103,18.76789,18.90893,109374
2010-02-19 22:00:00+00:00,18.913,19.3445,18.77557,19.0246,122359
2010-02-26 22:00:00+00:00,19.0235,19.24405,18.74716,18.82021,128558
2010-03-05 22:00:00+00:00,18.819,18.9653,18.4623,18.54795,98284
2010-03-12 22:00:00+00:00,18.54738,18.78831,18.40861,18.77324,92129
2010-03-19 21:00:00+00:00,18.775,19.11393,18.71829,18.9822,121028
2010-03-26 21:00:00+00:00,18.9815,19.0143,18.65293,18.80059,92597
2010-04-02 21:00:00+00:00,18.80147,18.98993,18.66644,18.66662,85730
2010-04-09 21:00:00+00:00,18.667,18.67015,18.31661,18.62893,103343
2010-04-16 21:00:00+00:00,18.6304,19.25704,18.6304,18.96717,126868
2010-04-23 21:00:00+00:00,18.9679,19.5302,18.93545,19.27389,156751
2010-04-30 21:00:00+00:00,19.281,20.94562,19.163,20.12235,261203
2010-05-07 21:00:00+00:00,20.11856,20.66843,19.54645,20.64358,206156
2010-05-14 21:00:00+00:00,20.646,21.26325,20.32539,20.36134,306135
2010-05-21 21:00:00+00:00,20.36034,21.13241,20.36034,21.09018,226267
2010-05-28 21:00:00+00:00,21.0925,21.73418,20.64967,21.73306,198287
2010-06-04 21:00:00+00:00,21.737,21.87318,21.14566,21.27591,208407
2010-06-11 21:00:00+00:00,21.2765,21.28723,20.69227,20.77744,154467
2010-06-18 21:00:00+00:00,20.781,21.10534,20.59045,20.81802,147370
2010-06-25 21:00:00+00:00,20.81655,21.24492,20.37932,20.47077,185992
2010-07-02 21:00:00+00:00,20.46967,20.51836,19.94047,20.02868,126381
2010-07-09 21:00:00+00:00,20.02955,20.24811,19.54396,19.65403,121045
2010-07-16 21:00:00+00:00,19.659,19.88379,19.40905,19.4655,130814
2010-07-23 21:00:00+00:00,19.4666,19.55992,18.85902,18.99822,126785
2010-07-30 21:00:00+00:00,18.9887,19.0069,18.57975,18.7281,102075
2010-08-06 21:00:00+00:00,18.7274,19.52354,18.63478,19.5041,127141
2010-08-13 21:00:00+00:00,19.5048,19.62234,19.14243,19.55126,120291
2010-08-20 21:00:00+00:00,19.5536,19.78451,19.33823,19.3869,148919
2010-08-27 21:00:00+00:00,19.3887,19.6669,19.13442,19.13523,105185
2010-09-03 21:00:00+00:00,19.1346,19.53178,19.08759,19.47564,107821
2010-09-10 21:00:00+00:00,19.47263,19.5047,18.76189,18.91222,120496
2010-09-17 21:00:00+00:00,18.9068,18.95755,18.24348,18.26548,121746
2010-09-24 21:00:00+00:00,18.2513,18.41249,17.71816,17.73361,131320
2010-10-01 21:00:00+00:00,17.721,17.97328,17.45848,17.5669,125393
2010-10-08 21:00:00+00:00,17.5311,17.79096,17.27321,17.5338,130585
2010-10-15 21:00:00+00:00,17.5332,17.90656,17.42533,17.5959,150703
2010-10-22 21:00:00+00:00,17.594,17.96473,17.42875,17.6601,143085
2010-10-29 21:00:00+00:00,17.6597,17.72464,17.06303,17.50835,147568
2010-11-05 21:00:00+00:00,17.5072,18.18016,17.44556,17.981,188687
2010-11-12 22:00:00+00:00,17.9814,18.3183,17.90516,18.05944,164362
2010-11-19 22:00:00+00:00,18.0885,18.76991,17.90554,18.67867,174034
2010-11-26 22:00:00+00:00,18.68084,19.23182,18.5325,18.64058,222616
2010-12-03 22:00:00+00:00,18.63753,19.11077,18.5975,19.0458,175292
2010-12-10 22:00:00+00:00,19.0451,19.21367,18.61814,19.11047,172858
2010-12-17 22:00:00+00:00,19.10945,19.39738,19.0946,19.2737,124958
2010-12-24 22:00:00+00:00,19.2708,19.36449,18.64217,18.6948,108236
2010-12-31 22:00:00+00:00,18.6974,19.03526,18.52281,19.0319,179767
2011-01-07 22:00:00+00:00,19.0258,19.14515,18.11336,18.2062,193723
2011-01-14 22:00:00+00:00,18.2083,18.40049,17.83142,17.84438,159206
2011-01-21 22:00:00+00:00,17.84504,17.93703,17.58872,17.8275,161736
2011-01-28 22:00:00+00:00,17.8275,17.869,17.33761,17.6805,131861
2011-02-04 22:00:00+00:00,17.6811,17.95937,17.53474,17.8721,124652
2011-02-11 22:00:00+00:00,17.8801,18.09515,17.81397,17.8452,127114
2011-02-18 22:00:00+00:00,17.8452,18.13396,17.70525,17.78232,92184
2011-02-25 22:00:00+00:00,17.784,17.8575,17.32742,17.3643,98672
2011-03-04 22:00:00+00:00,17.3631,17.7181,17.26027,17.4784,89902
2011-03-11 22:00:00+00:00,17.4784,17.78276,17.19998,17.2236,137918
2011-03-18 21:00:00+00:00,17.237,17.45537,17.13442,17.3905,75792
2011-03-25 21:00:00+00:00,17.3905,17.4973,17.18183,17.195,95033
2011-04-01 21:00:00+00:00,17.195,17.27583,16.85589,16.861,78836
2011-04-08 21:00:00+00:00,16.86203,16.99055,16.67196,16.7962,92134
2011-04-15 21:00:00+00:00,16.7962,17.08341,16.51388,16.564,91860
2011-04-22 21:00:00+00:00,16.564,16.62525,16.19809,16.331,85676
2011-04-29 21:00:00+00:00,16.331,16.88355,16.18006,16.8789,120828
2011-05-06 21:00:00+00:00,16.8789,17.35636,16.70242,17.29076,148573
2011-05-13 21:00:00+00:00,17.29076,17.37876,17.03452,17.2826,154078
2011-05-20 21:00:00+00:00,17.2826,17.58556,17.12738,17.14034,162441
2011-05-27 21:00:00+00:00,17.14034,17.23899,16.61263,16.62331,126064
2011-06-03 21:00:00+00:00,16.62331,16.88919,16.45538,16.8658,127549
2011-06-10 21:00:00+00:00,16.8658,17.29054,16.63688,16.8481,143398
2011-06-17 21:00:00+00:00,16.8481,17.27035,16.75039,17.20567,134606
2011-06-24 21:00:00+00:00,17.20567,17.34342,16.68366,16.7071,139903
2011-07-01 21:00:00+00:00,16.7071,17.06838,16.62044,16.94567,119825
2011-07-08 21:00:00+00:00,16.94567,17.57422,16.89677,17.2735,192947
2011-07-15 21:00:00+00:00,17.2735,17.46976,16.89439,16.9633,153946
2011-07-22 21:00:00+00:00,16.9633,17.05142,16.72718,16.7956,130747
2011-07-29 21:00:00+00:00,16.7956,17.27674,16.71359,16.9338,216530
2011-08-05 21:00:00+00:00,16.9338,17.17975,16.70627,16.9841,264471
2011-08-12 21:00:00+00:00,16.9841,17.15802,16.77937,17.0139,151162
2011-08-19 21:00:00+00:00,17.0139,17.0662,16.5925,16.5932,133373
2011-08-26 21:00:00+00:00,16.5932,17.20026,16.53459,17.18555,112266
2011-09-02 21:00:00+00:00,17.18555,18.01171,17.1239,17.9669,165767
2011-09-09 21:00:00+00:00,17.9669,18.14471,17.55333,17.68781,211775
2011-09-16 21:00:00+00:00,17.68781,18.60723,17.68781,18.2784,173023
2011-09-23 21:00:00+00:00,18.2784,18.58614,17.86774,18.43749,182823
2011-09-30 21:00:00+00:00,18.43749,18.9417,18.31555,18.6077,187878
2011-10-07 21:00:00+00:00,18.6077,18.6685,17.78144,17.8055,162109
2011-10-14 21:00:00+00:00,17.8055,18.35046,17.71511,17.9751,188126
2011-10-21 21:00:00+00:00,17.9751,18.17012,17.30364,17.4465,172949
2011-10-28 21:00:00+00:00,17.4465,18.5453,17.43195,18.1064,209883
2011-11-04 21:00:00+00:00,18.1128,18.99559,18.03307,18.6401,192338
2011-11-11 22:00:00+00:00,18.6401,19.20558,18.57038,18.8265,194784
2011-11-18 22:00:00+00:00,18.83095,19.73811,18.77242,19.6832,104809
2011-11-25 22:00:00+00:00,19.6832,19.7122,18.5896,18.7869,174406
2011-12-02 22:00:00+00:00,18.7869,19.24875,18.61004,18.9897,143652
2011-12-09 22:00:00+00:00,18.9921,19.82807,18.9921,19.4388,135803
2011-12-16 22:00:00+00:00,19.4156,19.80562,19.31195,19.74692,95099
2011-12-23 22:00:00+00:00,19.76692,20.17716,19.57068,19.74098,49970
2011-12-30 22:00:00+00:00,19.7527,20.41663,19.56304,20.3361,109849
2012-01-06 22:00:00+00:00,20.3361,20.4526,19.80765,20.1987,158285
2012-01-13 22:00:00+00:00,20.201,20.3029,19.45926,19.6458,137894
2012-01-20 22:00:00+00:00,19.6458,19.82111,18.98289,19.0019,140187
2012-01-27 22:00:00+00:00,19.0267,19.47759,18.94528,18.96,135369
2012-02-03 22:00:00+00:00,18.9925,19.2378,18.60972,19.09865,138168
2012-02-10 22:00:00+00:00,19.09865,19.51228,18.84269,19.03917,149496
2012-02-17 22:00:00+00:00,19.03917,19.08907,18.5279,18.5923,118931
2012-02-24 22:00:00+00:00,18.5923,18.77862,18.4233,18.7498,120153
2012-03-02 22:00:00+00:00,18.7498,19.00847,18.60514,18.7625,96651
2012-03-09 22:00:00+00:00,18.78964,18.9543,18.59572,18.6006,88323
2012-03-16 21:00:00+00:00,18.6006,18.8656,18.39386,18.54,92142
2012-03-23 21:00:00+00:00,18.54,18.73547,18.36466,18.5916,95352
2012-03-30 21:00:00+00:00,18.5916,18.95271,18.41195,18.87599,78117
2012-04-06 21:00:00+00:00,18.837,19.04347,18.72912,18.93145,86975
2012-04-13 21:00:00+00:00,18.93145,19.09478,18.79145,18.86915,98486
2012-04-20 21:00:00+00:00,18.8702,19.1293,18.65382,18.73473,87293
2012-04-27 21:00:00+00:00,18.73473,19.25277,18.67256,19.24894,76743
2012-05-04 21:00:00+00:00,19.2083,19.60145,19.16,19.57039,106702
2012-05-11 21:00:00+00:00,19.57039,20.30227,19.54615,19.7666,148019
2012-05-18 21:00:00+00:00,19.7666,20.4103,19.56884,20.25184,156970
2012-05-25 21:00:00+00:00,20.25184,21.00131,19.973,20.74044,152659
2012-06-01 21:00:00+00:00,20.7635,20.84708,19.93816,20.30035,154502
2012-06-08 21:00:00+00:00,20.3105,20.72344,19.98443,20.11557,148312
2012-06-15 21:00:00+00:00,20.11557,20.65864,19.8664,20.50511,157315
2012-06-22 21:00:00+00:00,20.50511,20.85245,20.05012,20.15223,114865
2012-06-29 21:00:00+00:00,20.1825,20.951,20.06605,20.92575,94213
2012-07-06 21:00:00+00:00,20.92575,21.06211,20.59066,20.76043,83972
2012-07-13 21:00:00+00:00,20.76043,21.06746,20.47435,21.04509,85817
2012-07-20 21:00:00+00:00,21.04509,21.23598,20.39653,20.5367,118757
2012-07-27 21:00:00+00:00,20.5367,20.87904,20.28398,20.37536,110354
2012-08-03 21:00:00+00:00,20.37536,20.56298,20.15569,20.42,77042
2012-08-10 21:00:00+00:00,20.42,20.47513,20.0651,20.21658,71190
2012-08-17 21:00:00+00:00,20.21658,20.27316,19.75305,19.88425,84013
2012-08-24 21:00:00+00:00,19.88425,19.94502,19.65216,19.76389,69083
2012-08-31 21:00:00+00:00,19.76389,19.89827,19.15859,19.16343,92925
2012-09-07 21:00:00+00:00,19.16343,19.28014,18.51427,18.56105,75791
2012-09-14 21:00:00+00:00,18.56105,19.30657,18.54691,19.13442,83819
2012-09-21 21:00:00+00:00,19.13442,19.60016,19.0887,19.54351,86193
2012-09-28 21:00:00+00:00,19.51851,19.63464,19.0062,19.08117,80739
2012-10-05 21:00:00+00:00,19.08117,19.48472,19.0474,19.30242,68857
2012-10-12 21:00:00+00:00,19.30242,19.38473,18.82814,19.08591,67031
2012-10-19 21:00:00+00:00,19.098,19.36717,19.00181,19.2719,70594
2012-10-26 21:00:00+00:00,19.2719,19.69233,19.18979,19.67205,52661
2012-11-02 21:00:00+00:00,19.67205,20.03318,19.60531,19.98371,79149
2012-11-09 22:00:00+00:00,19.98371,20.11932,19.88395,20.05252,69576
2012-11-16 22:00:00+00:00,20.0436,20.05205,19.50024,19.5303,65274
2012-11-23 22:00:00+00:00,19.5303,19.61942,19.32002,19.4412,58330
2012-11-30 22:00:00+00:00,19.4412,19.56428,19.22769,19.49194,57544
2012-12-07 22:00:00+00:00,19.49194,19.57095,19.14303,19.16609,48088
2012-12-14 22:00:00+00:00,19.15058,19.21003,18.94319,19.06534,45942
2012-12-21 22:00:00+00:00,19.07915,19.10766,18.88418,19.0014,19546
2012-12-28 22:00:00+00:00,19.01158,19.51206,18.87178,19.42878,45755
2013-01-04 22:00:00+00:00,19.42878,19.71061,19.15941,19.21963,81355
2013-01-11 22:00:00+00:00,19.21963,19.29854,19.0734,19.23249,77918
2013-01-18 22:00:00+00:00,19.23249,19.29405,18.97509,18.98331,72628
2013-01-25 22:00:00+00:00,19.00358,19.14882,18.73405,18.83139,69321
2013-02-01 22:00:00+00:00,18.83139,19.0788,18.55072,18.86948,84837
2013-02-08 22:00:00+00:00,18.86948,19.0807,18.77648,19.02871,76047
2013-02-15 22:00:00+00:00,19.02871,19.42105,18.87468,19.35849,75835
2013-02-22 22:00:00+00:00,19.32012,19.79767,19.1491,19.7097,118010
2013-03-01 22:00:00+00:00,19.7097,19.79611,19.34424,19.54892,83514
2013-03-08 22:00:00+00:00,19.54892,19.84167,19.50641,19.56822,73304
2013-03-15 21:00:00+00:00,19.56822,20.05228,19.56822,19.86889,107289
2013-03-22 21:00:00+00:00,19.94041,20.23917,19.78427,20.07622,74520
2013-03-29 21:00:00+00:00,20.09513,20.25807,19.76039,19.85146,84676
2013-04-05 21:00:00+00:00,19.85002,19.93322,19.61921,19.76346,83845
2013-04-12 21:00:00+00:00,19.76346,19.8797,19.55247,19.80093,96164
2013-04-19 21:00:00+00:00,19.77531,20.02025,19.72464,19.75243,82984
2013-04-26 21:00:00+00:00,19.72197,19.74246,19.40989,19.56827,86827
2013-05-03 21:00:00+00:00,19.53209,19.99024,19.51942,19.85799,68681
2013-05-10 21:00:00+00:00,19.91708,20.35863,19.84904,20.27677,89359
2013-05-17 21:00:00+00:00,20.26004,20.39493,19.99547,20.03886,109542
2013-05-24 21:00:00+00:00,20.04145,20.18929,19.69895,19.79326,78167
2013-05-31 21:00:00+00:00,19.7686,19.84612,19.23376,19.34384,1074041
2013-06-07 21:00:00+00:00,19.37952,19.52729,19.0993,19.2875,508754
2013-06-14 21:00:00+00:00,19.28492,19.78486,19.09254,19.73394,429376
2013-06-21 21:00:00+00:00,19.7494,20.09402,19.59441,19.98846,393884
2013-06-28 21:00:00+00:00,19.9725,20.26844,19.87532,20.24726,396064
2013-07-05 21:00:00+00:00,20.26084,20.326,19.60226,19.88215,434708
2013-07-12 21:00:00+00:00,19.88908,20.02571,19.67051,19.73454,340839
2013-07-19 21:00:00+00:00,19.74688,19.77032,19.47017,19.51202,336085
2013-07-26 21:00:00+00:00,19.49272,19.70666,19.3556,19.45639,350584
2013-08-02 21:00:00+00:00,19.45858,19.59134,19.28841,19.35814,301243
2013-08-09 21:00:00+00:00,19.40029,19.5597,19.26417,19.3403,293046
2013-08-16 21:00:00+00:00,19.34616,19.41581,19.13312,19.17819,297287
2013-08-23 21:00:00+00:00,19.2003,19.55653,19.14458,19.47552,279640
2013-08-30 21:00:00+00:00,19.47776,19.67703,19.41928,19.56554,290541
2013-09-06 21:00:00+00:00,19.59408,19.60149,19.32183,19.37958,279161
2013-09-13 21:00:00+00:00,19.29389,19.36959,18.96408,19.07684,321325
2013-09-20 21:00:00+00:00,19.04558,19.26706,18.92589,19.017,276874
2013-09-27 21:00:00+00:00,19.0155,19.08024,18.71442,18.87037,314891
2013-10-04 21:00:00+00:00,18.85228,18.98178,18.74476,18.85353,264638
2013-10-11 21:00:00+00:00,18.84292,19.07225,18.75725,18.85392,289963
2013-10-18 21:00:00+00:00,18.85062,18.89042,18.58727,18.6259,263338
2013-10-25 21:00:00+00:00,18.62403,19.19595,18.60971,19.17682,324501
2013-11-01 21:00:00+00:00,19.16625,20.24718,19.03512,20.18085,374521
2013-11-08 22:00:00+00:00,20.20164,20.24674,20.0682,20.13283,345150
2013-11-15 22:00:00+00:00,20.10908,20.359,20.0366,20.12368,242582
2013-11-22 22:00:00+00:00,20.13972,20.2266,20.08108,20.1361,170771
2013-11-29 22:00:00+00:00,20.14109,20.30204,20.03706,20.04417,238811
2013-12-06 22:00:00+00:00,20.02584,20.10742,19.87314,20.02199,178786
2013-12-13 22:00:00+00:00,20.04126,20.30174,19.97729,20.1807,249509
2013-12-20 22:00:00+00:00,20.19083,20.19842,19.77576,19.94586,115314
2013-12-27 22:00:00+00:00,19.9476,20.29408,19.81534,20.27976,176318
2014-01-03 22:00:00+00:00,20.27616,20.29912,20.0116,20.0323,278714
2014-01-10 22:00:00+00:00,20.02094,20.31155,19.98716,20.27873,230413
2014-01-17 22:00:00+00:00,20.28854,20.38175,20.044,20.08088,265138
2014-01-24 22:00:00+00:00,20.09445,20.44606,20.06012,20.41012,306419
2014-01-31 22:00:00+00:00,20.43275,20.43806,20.16498,20.19428,278135
2014-02-07 22:00:00+00:00,20.21008,20.30133,19.9293,20.00326,218435
2014-02-14 22:00:00+00:00,19.98604,20.02462,19.84153,19.92372,185823
2014-02-21 22:00:00+00:00,19.9316,20.055,19.76648,19.79504,218681
2014-02-28 22:00:00+00:00,19.8629,19.95388,19.65298,19.71021,211266
2014-03-07 22:00:00+00:00,19.7067,19.76914,19.58918,19.66886,198896
2014-03-14 21:00:00+00:00,19.67038,19.98772,19.64974,19.88759,201356
2014-03-21 21:00:00+00:00,19.88666,19.98082,19.76676,19.94675,206258
2014-03-28 21:00:00+00:00,19.92794,20.07067,19.86738,20.02358,214106
2014-04-04 21:00:00+00:00,20.02586,20.02906,19.72989,19.77376,169719
2014-04-11 21:00:00+00:00,19.8345,19.91752,19.80659,19.87338,165226
2014-04-18 21:00:00+00:00,19.87,19.9202,19.81054,19.829,130214
2014-04-25 21:00:00+00:00,19.81083,19.92499,19.75798,19.78484,156237
2014-05-02 21:00:00+00:00,19.77344,19.92486,19.58264,19.89816,162712
2014-05-09 21:00:00+00:00,19.91287,20.10598,19.8738,20.04309,161267
2014-05-16 21:00:00+00:00,20.04496,20.15814,20.00454,20.12482,162339
2014-05-23 21:00:00+00:00,20.12947,20.23471,20.06398,20.16187,151366
2014-05-30 21:00:00+00:00,20.15247,20.31994,20.07612,20.12698,252739
2014-06-06 21:00:00+00:00,20.12422,20.3008,20.08904,20.27257,190687
2014-06-13 21:00:00+00:00,20.26505,20.31408,20.08878,20.17574,183059
2014-06-20 21:00:00+00:00,20.183,20.2302,20.09512,20.11327,167252
2014-06-27 21:00:00+00:00,20.12282,20.20626,20.03008,20.18184,150558
2014-07-04 21:00:00+00:00,20.18828,20.21902,20.0941,20.16078,133602
2014-07-11 21:00:00+00:00,20.17213,20.33364,20.11194,20.28708,144737
2014-07-18 21:00:00+00:00,20.28668,20.46986,20.2544,20.45811,148207
2014-07-25 21:00:00+00:00,20.45392,20.69126,20.43981,20.60484,163148
2014-08-01 21:00:00+00:00,20.59321,21.03106,20.57708,20.77919,206860
2014-08-08 21:00:00+00:00,20.7836,20.9203,20.75804,20.82278,189603
2014-08-15 21:00:00+00:00,20.83694,21.1016,20.82472,21.05494,196517
2014-08-22 21:00:00+00:00,21.10534,21.19362,20.93798,21.11509,209809
2014-08-29 21:00:00+00:00,21.12005,21.38594,21.01755,21.31864,230005
2014-09-05 21:00:00+00:00,21.3045,21.5167,21.24211,21.27298,307040
2014-09-12 21:00:00+00:00,21.25603,21.4789,21.18013,21.46534,285802
2014-09-19 21:00:00+00:00,21.47204,21.72376,21.32934,21.70274,271662
2014-09-26 21:00:00+00:00,21.70258,21.98599,21.64994,21.95994,363100
2014-10-03 21:00:00+00:00,21.96033,21.96638,21.4815,21.79034,413787
2014-10-10 21:00:00+00:00,21.78352,21.82652,21.37323,21.5533,451524
2014-10-17 21:00:00+00:00,21.56229,21.9719,21.47989,21.8343,343597
2014-10-24 21:00:00+00:00,21.83306,22.2645,21.7298,22.19579,378985
2014-10-31 21:00:00+00:00,22.22908,22.45712,22.07704,22.2626,489250
2014-11-07 22:00:00+00:00,22.2194,22.30798,22.06248,22.10763,390535
2014-11-14 22:00:00+00:00,22.09098,22.35598,21.9859,22.33168,437957
2014-11-21 22:00:00+00:00,22.3725,22.38122,22.00376,22.18224,316028
2014-11-28 22:00:00+00:00,22.17228,22.50576,22.07011,22.4765,401838
2014-12-05 22:00:00+00:00,22.47104,22.55088,22.09212,22.13213,434248
2014-12-12 22:00:00+00:00,22.1055,22.61147,21.94084,22.57782,430757
2014-12-19 22:00:00+00:00,22.58016,22.83855,22.47472,22.81845,132904
2014-12-26 22:00:00+00:00,22.79278,23.08656,22.66538,23.05943,175564
2015-01-02 22:00:00+00:00,23.15931,23.95432,23.11677,23.76312,442525
2015-01-09 22:00:00+00:00,23.72956,24.31274,23.68762,24.09784,607692
2015-01-16 22:00:00+00:00,24.14786,25.01612,23.93428,24.73496,542707
2015-01-23 22:00:00+00:00,24.86225,24.9489,24.39746,24.58649,533844
2015-01-30 22:00:00+00:00,24.53284,24.5763,24.07253,24.47964,465926
2015-02-06 22:00:00+00:00,24.52053,24.60234,24.15114,24.2342,411395
2015-02-13 22:00:00+00:00,24.2398,24.42762,23.83372,24.18577,441626
2015-02-20 22:00:00+00:00,24.15909,24.62639,24.08204,24.56876,472563
2015-02-27 22:00:00+00:00,24.60274,25.21584,24.44848,25.2097,500580
2015-03-06 22:00:00+00:00,25.2364,26.09296,24.99605,26.01106,648420
2015-03-13 21:00:00+00:00,26.08956,26.09039,24.74984,25.36794,670212
2015-03-20 21:00:00+00:00,25.33075,25.50918,24.79486,25.23298,687886
2015-03-27 21:00:00+00:00,25.24256,25.71332,24.97206,25.09862,587962
2015-04-03 21:00:00+00:00,25.02962,25.91072,24.78612,25.78585,555672
2015-04-10 21:00:00+00:00,25.8435,26.03306,25.35103,25.396,753271
2015-04-17 21:00:00+00:00,25.3525,25.74193,25.18066,25.2674,655452
2015-04-24 21:00:00+00:00,25.27303,25.36325,24.27954,24.41634,701651
2015-05-01 21:00:00+00:00,24.44256,24.69734,24.05989,24.49884,712058
2015-05-08 21:00:00+00:00,24.518,24.66468,23.88042,23.93085,617004
2015-05-15 21:00:00+00:00,23.93674,24.92322,23.916,24.91549,697256
2015-05-22 21:00:00+00:00,24.91466,25.32166,24.85717,24.94968,636014
2015-05-29 21:00:00+00:00,24.98234,25.2026,24.14114,24.67153,777461
2015-06-05 21:00:00+00:00,24.73054,24.75335,24.01811,24.22611,710976
2015-06-12 21:00:00+00:00,24.33754,24.39496,23.8088,24.0125,623272
2015-06-19 21:00:00+00:00,23.95435,24.47612,23.85858,24.38518,605760
2015-06-26 21:00:00+00:00,24.73325,24.84888,24.0996,24.38889,609552
2015-07-03 21:00:00+00:00,24.65802,24.82853,24.17158,24.28962,616323
2015-07-10 21:00:00+00:00,24.4191,24.9856,24.20845,24.9829,479515
2015-07-17 21:00:00+00:00,24.97504,25.05761,24.54092,24.62199,395917
2015-07-24 21:00:00+00:00,24.60871,24.82304,24.28479,24.64846,451037
2015-07-31 21:00:00+00:00,24.67113,24.92599,24.60076,24.65368,397891
2015-08-07 21:00:00+00:00,24.656,24.74306,24.09642,24.32461,457457
2015-08-14 21:00:00+00:00,24.30362,24.52958,23.7283,23.73218,440840
2015-08-21 21:00:00+00:00,23.7503,24.24274,23.09487,24.16,762073
2015-08-28 21:00:00+00:00,24.16,24.37396,23.84728,24.23816,485810
2015-09-04 21:00:00+00:00,24.20993,24.30428,23.87623,23.90692,405448
2015-09-11 21:00:00+00:00,23.90291,24.13252,23.6189,23.95684,365585
2015-09-18 21:00:00+00:00,23.99284,24.4492,23.88697,24.34818,453911
2015-09-25 21:00:00+00:00,24.33448,24.41728,24.00444,24.2153,604365
2015-10-02 21:00:00+00:00,24.19402,24.27869,23.8003,23.8523,598785
2015-10-09 21:00:00+00:00,23.86782,23.89858,23.57468,23.85821,495519
2015-10-16 21:00:00+00:00,23.84562,24.649,23.78198,24.608,596099
2015-10-23 21:00:00+00:00,24.64139,24.87144,24.42541,24.61858,880775
2015-10-30 21:00:00+00:00,24.54736,25.24692,24.51268,25.16314,833145
2015-11-06 22:00:00+00:00,25.18857,25.3297,24.96174,25.10097,920219
2015-11-13 22:00:00+00:00,25.16027,25.452,25.11414,25.40725,777684
2015-11-20 22:00:00+00:00,25.4164,25.58048,25.2836,25.51402,761618
2015-11-27 22:00:00+00:00,25.52072,25.69832,24.6587,24.83224,1141967
2015-12-04 22:00:00+00:00,24.85186,25.03144,24.47764,24.5959,962080
2015-12-11 22:00:00+00:00,24.60244,25.02448,24.43626,24.87471,1250837
2015-12-18 22:00:00+00:00,24.89134,24.91962,24.60622,24.65234,380838
2015-12-25 22:00:00+00:00,24.65234,24.8979,24.58147,24.85862,354711
2016-01-01 22:00:00+00:00,24.85368,25.22912,24.68851,24.72618,977251
2016-01-08 22:00:00+00:00,24.7446,25.00996,24.59965,24.75309,828716
2016-01-15 22:00:00+00:00,24.72832,25.09697,24.62566,25.02532,707296
2016-01-22 22:00:00+00:00,25.03662,25.04588,24.63669,24.9455,436037
2016-01-29 22:00:00+00:00,24.94378,24.98738,24.04607,24.27196,671857
2016-02-05 22:00:00+00:00,24.30228,24.40772,23.76126,24.02498,927990
2016-02-12 22:00:00+00:00,24.05339,24.41492,24.05339,24.27933,591147
2016-02-19 22:00:00+00:00,24.32019,24.77552,24.29088,24.73116,590860
2016-02-26 22:00:00+00:00,24.76806,24.98421,24.49874,24.5762,617017
2016-03-04 22:00:00+00:00,24.61688,24.97531,24.12344,24.26696,671189
2016-03-11 22:00:00+00:00,24.2887,24.45542,23.84744,23.98128,483886
2016-03-18 21:00:00+00:00,24.00499,24.2817,23.95334,24.22482,470791
2016-03-25 21:00:00+00:00,24.22866,24.25398,23.63051,23.72257,543983
2016-04-01 21:00:00+00:00,23.70462,23.86452,23.59652,23.70772,583203
2016-04-08 21:00:00+00:00,23.66985,24.0539,23.57176,23.9507,542054
2016-04-15 21:00:00+00:00,23.91176,24.1023,23.70754,24.08181,569798
2016-04-22 21:00:00+00:00,24.10948,24.10948,23.60466,23.61844,570341
2016-04-29 21:00:00+00:00,23.5976,23.7406,23.27226,23.69572,606974
2016-05-06 21:00:00+00:00,23.71707,23.9483,23.6065,23.89986,389922
2016-05-13 21:00:00+00:00,23.88599,24.17137,23.81258,24.08842,497634
2016-05-20 21:00:00+00:00,24.12072,24.32244,24.04614,24.31652,486241
2016-05-27 21:00:00+00:00,24.3173,24.3504,23.76094,23.77494,550654
2016-06-03 21:00:00+00:00,23.79724,24.03346,23.6708,24.01519,567153
2016-06-10 21:00:00+00:00,24.01732,24.3181,23.91098,24.00113,678813
2016-06-17 21:00:00+00:00,23.981,24.84897,23.68702,24.40569,1117219
2016-06-24 21:00:00+00:00,24.61394,24.7653,24.26977,24.3349,1022964
2016-07-01 21:00:00+00:00,24.34719,24.56744,24.20612,24.45592,689322
2016-07-08 21:00:00+00:00,24.45518,24.53206,24.20846,24.48728,632785
2016-07-15 21:00:00+00:00,24.456,24.66251,24.38356,24.61586,649748
2016-07-22 21:00:00+00:00,24.62096,24.67114,24.15592,24.19588,566505
2016-07-29 21:00:00+00:00,24.1869,24.46156,24.06424,24.374,480663
2016-08-05 21:00:00+00:00,24.38664,24.41281,24.0804,24.20811,406062
2016-08-12 21:00:00+00:00,24.19096,24.2247,23.77318,23.86215,473814
2016-08-19 21:00:00+00:00,23.88876,24.16648,23.79801,24.13035,512844
2016-08-26 21:00:00+00:00,24.16726,24.29838,24.01428,24.22386,614516
2016-09-02 21:00:00+00:00,24.22652,24.25526,23.85551,24.05452,417461
2016-09-09 21:00:00+00:00,24.04728,24.23402,23.94852,24.21722,435313
2016-09-16 21:00:00+00:00,24.21804,24.29138,24.00272,24.07288,504972
2016-09-23 21:00:00+00:00,24.06492,24.22626,23.95606,24.03545,619965
2016-09-30 21:00:00+00:00,24.06046,24.33298,24.03242,24.12156,752262
2016-10-07 21:00:00+00:00,24.16807,24.63159,24.114,24.62956,712676
2016-10-14 21:00:00+00:00,24.63446,24.8817,24.47712,24.82444,624438
2016-10-21 21:00:00+00:00,24.82636,24.90199,24.58902,24.59867,705319
2016-10-28 21:00:00+00:00,24.59356,24.70992,24.25195,24.25662,801801
2016-11-04 21:00:00+00:00,24.42806,24.9631,23.92098,24.8959,1326728
2016-11-11 22:00:00+00:00,24.95325,25.58348,24.93168,25.52056,1338611
2016-11-18 22:00:00+00:00,25.51237,25.6964,25.37804,25.51002,1052856
2016-11-25 22:00:00+00:00,25.4744,25.63519,25.3044,25.36058,1202183
2016-12-02 22:00:00+00:00,25.3535,25.73098,24.86751,25.5909,1158465
2016-12-09 22:00:00+00:00,25.66084,26.06526,25.32438,25.85539,1203017
2016-12-16 22:00:00+00:00,25.87932,26.10102,25.7388,25.84412,678030
2016-12-23 22:00:00+00:00,25.84971,26.07758,25.36183,25.6873,625912
2016-12-30 22:00:00+00:00,25.81598,26.1295,25.43933,25.65495,1126637
2017-01-06 22:00:00+00:00,25.65894,25.84796,25.2897,25.38944,2164407
2017-01-13 22:00:00+00:00,25.47863,25.5403,25.20697,25.25327,2096856
2017-01-20 22:00:00+00:00,25.25327,25.3527,25.07763,25.26436,1546924
2017-01-27 22:00:00+00:00,25.20098,25.44362,24.9537,25.05456,1837007
2017-02-03 22:00:00+00:00,25.04784,25.47208,25.04297,25.39599,1436611
2017-02-10 22:00:00+00:00,25.42375,25.68258,25.30101,25.45366,1287030
2017-02-17 22:00:00+00:00,25.46878,25.74949,25.41322,25.58528,1247210
2017-02-24 22:00:00+00:00,25.57866,25.74596,25.41826,25.4364,1319038
2017-03-03 22:00:00+00:00,25.4696,25.67318,25.25502,25.31706,1172631
2017-03-10 22:00:00+00:00,25.30184,25.48849,25.06004,25.16254,1160193
2017-03-17 21:00:00+00:00,25.17422,25.20678,24.96148,25.02415,993913
2017-03-24 21:00:00+00:00,24.92956,25.52181,24.77535,25.36898,1092037
2017-03-31 21:00:00+00:00,25.34542,25.47506,24.91402,25.09756,1073007
2017-04-07 21:00:00+00:00,25.0835,25.24208,24.99546,25.15669,735734
2017-04-14 21:00:00+00:00,25.1296,25.24021,24.9363,25.11032,624829
2017-04-21 21:00:00+00:00,24.73746,24.89532,24.51487,24.63116,1272815
2017-04-28 21:00:00+00:00,24.59192,24.71007,24.29436,24.31936,1180433
2017-05-05 21:00:00+00:00,24.27159,24.5641,24.21464,24.29618,1278251
2017-05-12 21:00:00+00:00,24.30814,24.31748,23.62614,23.63668,1462751
2017-05-19 21:00:00+00:00,23.6715,23.7315,23.49656,23.67058,1297342
2017-05-26 21:00:00+00:00,23.65924,23.88503,23.33524,23.33543,1150459
2017-06-02 21:00:00+00:00,23.36055,23.51224,23.32056,23.38206,1464157
2017-06-09 21:00:00+00:00,23.37314,23.59377,23.13196,23.37715,1298954
2017-06-16 21:00:00+00:00,23.3715,23.6917,23.31508,23.46548,1060514
2017-06-23 21:00:00+00:00,23.46888,23.53446,22.85486,22.86467,1570639
2017-06-30 21:00:00+00:00,22.87288,23.1003,22.81786,22.88723,1216726
2017-07-07 21:00:00+00:00,22.894,22.95782,22.72744,22.73526,973190
2017-07-14 21:00:00+00:00,22.72814,22.81051,22.29906,22.33288,1054283
2017-07-21 21:00:00+00:00,22.32356,22.40546,22.11418,22.1864,1198367
2017-07-28 21:00:00+00:00,22.17863,22.27352,21.86736,22.17913,1096927
2017-08-04 21:00:00+00:00,22.1776,22.3894,22.08846,22.13444,1027940
2017-08-11 21:00:00+00:00,22.13986,22.37926,22.0893,22.15049,1135363
2017-08-18 21:00:00+00:00,22.1765,22.23082,21.857,21.88894,946894
2017-08-25 21:00:00+00:00,21.84519,22.08012,21.63918,21.96361,1275456
2017-09-01 21:00:00+00:00,21.91921,21.99258,21.6058,21.69852,1234150
2017-09-08 21:00:00+00:00,21.71637,22.04958,21.67446,21.84204,1041716
2017-09-15 21:00:00+00:00,21.88381,22.00051,21.69148,21.80074,1080411
2017-09-22 21:00:00+00:00,21.89066,22.26214,21.81478,21.98795,1209825
2017-09-29 21:00:00+00:00,22.049,22.16956,21.92326,22.0712,1052131
2017-10-06 21:00:00+00:00,22.0712,22.09038,21.745,21.83316,720831
2017-10-13 21:00:00+00:00,21.84494,21.95366,21.6897,21.80168,718242
2017-10-20 21:00:00+00:00,21.8017,22.1943,21.61308,22.06641,886224
2017-10-27 21:00:00+00:00,22.08292,22.13303,21.87482,22.12462,745094
2017-11-03 21:00:00+00:00,22.10665,22.1523,21.87913,21.90724,686981
2017-11-10 22:00:00+00:00,21.94109,21.96624,21.61203,21.68698,786934
2017-11-17 22:00:00+00:00,21.68698,21.8075,21.30707,21.32652,677350
2017-11-24 22:00:00+00:00,21.32726,21.58114,21.25211,21.50004,854972
2017-12-01 22:00:00+00:00,21.54978,21.78586,21.51316,21.71203,798197
2017-12-08 22:00:00+00:00,21.7314,21.88695,21.65346,21.85792,942704
2017-12-15 22:00:00+00:00,21.86499,21.87646,21.55907,21.71452,728374
2017-12-22 22:00:00+00:00,21.70067,21.82028,21.22884,21.28834,454335
2017-12-29 22:00:00+00:00,21.2697,21.28592,21.09607,21.22087,569162
2018-01-05 22:00:00+00:00,21.23794,21.44307,20.8784,20.9078,923952
2018-01-12 22:00:00+00:00,20.9217,20.92899,20.64299,20.76828,976646
2018-01-19 22:00:00+00:00,20.71496,20.79932,20.22672,20.3542,1152319
2018-01-26 22:00:00+00:00,20.36862,20.53428,20.10724,20.26298,1094925
2018-02-02 22:00:00+00:00,20.27017,20.80373,20.2079,20.71988,1254258
2018-02-09 22:00:00+00:00,20.7305,20.7381,20.188,20.4166,985779
2018-02-16 22:00:00+00:00,20.434,20.69264,20.3647,20.62556,916609
2018-02-23 22:00:00+00:00,20.61409,20.90985,20.54636,20.59738,1298371
2018-03-02 22:00:00+00:00,20.57628,20.7459,20.4156,20.69292,1133584
2018-03-09 22:00:00+00:00,20.66411,20.74162,20.52634,20.67668,718500
2018-03-16 21:00:00+00:00,20.68889,20.77004,20.50506,20.58244,768288
2018-03-23 21:00:00+00:00,20.58277,20.69397,20.39418,20.5599,678555
2018-03-30 21:00:00+00:00,20.5918,20.7672,20.5106,20.65643,662478
2018-04-06 21:00:00+00:00,20.63646,20.69312,20.42152,20.51764,628536
2018-04-13 21:00:00+00:00,20.5159,20.72164,20.34748,20.63742,573444
2018-04-20 21:00:00+00:00,20.65857,21.13384,20.63151,20.99535,916829
2018-04-27 21:00:00+00:00,21.01147,21.50156,20.97768,21.29114,1010308
2018-05-04 21:00:00+00:00,21.30696,21.66594,21.26583,21.3439,1216448
2018-05-11 21:00:00+00:00,21.34504,21.83028,21.2426,21.78242,1281436
2018-05-18 21:00:00+00:00,21.79153,22.15062,21.67876,22.08536,1674401
2018-05-25 21:00:00+00:00,22.01406,22.51928,21.912,22.12882,1993797
2018-06-01 21:00:00+00:00,22.12882,22.14908,21.64675,21.87517,1338966
2018-06-08 21:00:00+00:00,21.89676,22.33153,21.67042,22.15016,1497285
2018-06-15 21:00:00+00:00,22.19528,22.55054,22.07014,22.14058,1363593
2018-06-22 21:00:00+00:00,22.12533,22.57309,22.0714,22.22981,2358393
2018-06-29 21:00:00+00:00,22.24191,22.51756,22.03119,22.04679,1834469
2018-07-06 21:00:00+00:00,22.04356,22.32792,21.92341,22.15566,727810
2018-07-13 21:00:00+00:00,22.16502,22.3907,22.0189,22.06458,1078116
2018-07-20 21:00:00+00:00,22.07277,22.15551,21.7936,21.99494,1104487
2018-07-27 21:00:00+00:00,21.97968,22.23048,21.78323,22.14971,813896
2018-08-03 21:00:00+00:00,22.17014,22.53522,22.00528,22.48087,818632
2018-08-10 21:00:00+00:00,22.55572,22.8421,22.44353,22.46538,1399210
2018-08-17 21:00:00+00:00,22.46108,22.56414,22.12965,22.16466,1313884
2018-08-24 21:00:00+00:00,22.17201,22.25006,21.91263,22.2081,1109517
2018-08-31 21:00:00+00:00,22.20819,22.32228,22.0491,22.23304,1123621
2018-09-07 21:00:00+00:00,22.25576,22.29114,21.75205,21.91108,879871
2018-09-14 21:00:00+00:00,21.9079,21.91562,21.63185,21.79228,980644
2018-09-21 21:00:00+00:00,21.77726,22.24784,21.68,22.20544,1336861
2018-09-28 21:00:00+00:00,22.1784,22.48132,22.16166,22.35023,1386417
2018-10-05 21:00:00+00:00,22.36781,22.59375,22.23276,22.30326,1300152
2018-10-12 21:00:00+00:00,22.34025,22.62386,22.22171,22.45504,1116436
2018-10-19 21:00:00+00:00,22.4631,22.80979,22.37846,22.6381,1215439
2018-10-26 21:00:00+00:00,22.66796,22.95009,22.51127,22.66376,1296732
2018-11-02 21:00:00+00:00,22.66944,22.92758,22.4806,22.87534,1034186
2018-11-09 22:00:00+00:00,22.90192,23.13358,22.74488,22.75989,1810627
2018-11-16 22:00:00+00:00,22.77039,22.91992,22.69332,22.86862,2431405
2018-11-23 22:00:00+00:00,22.85615,23.0418,22.7282,22.95476,1724270
2018-11-30 22:00:00+00:00,22.87184,22.9231,22.64602,22.73193,1364111
2018-12-07 22:00:00+00:00,22.7422,22.89562,22.59898,22.81776,1109161
2018-12-14 22:00:00+00:00,22.83205,22.83789,22.4242,22.73852,1071619
2018-12-21 22:00:00+00:00,22.74368,22.83726,22.46512,22.49258,886209
2018-12-28 22:00:00+00:00,22.49184,22.78038,22.38222,22.4354,1003819
2019-01-04 22:00:00+00:00,22.43541,22.44382,22.15482,22.28702,1012327
2019-01-11 22:00:00+00:00,22.3083,22.5349,22.23514,22.51075,985317
2019-01-18 22:00:00+00:00,22.5066,22.79098,22.45623,22.50174,1091015
2019-01-25 22:00:00+00:00,22.4976,22.61856,22.34014,22.45174,1291590
2019-02-01 22:00:00+00:00,22.45886,22.81592,22.41758,22.79685,913459
2019-02-08 22:00:00+00:00,22.79888,22.9644,22.71671,22.73606,831053
2019-02-15 22:00:00+00:00,22.73664,22.81392,22.55837,22.6351,790054
2019-02-22 22:00:00+00:00,22.62956,22.64262,22.42304,22.55016,939906
2019-03-01 22:00:00+00:00,22.51718,22.93847,22.50315,22.82726,1088853
2019-03-08 22:00:00+00:00,22.81599,22.8687,22.6137,22.62874,1009390
2019-03-15 21:00:00+00:00,22.62873,22.85972,22.39774,22.79328,1123163
2019-03-22 21:00:00+00:00,22.79242,23.03204,22.71162,23.01748,1606760
2019-03-29 21:00:00+00:00,22.98404,23.03617,22.78094,22.8551,1220182
2019-04-05 21:00:00+00:00,22.85516,22.86728,22.62472,22.67118,1028402
2019-04-12 21:00:00+00:00,22.65797,22.8928,22.62702,22.85075,1313009
2019-04-19 21:00:00+00:00,22.85065,23.1495,22.82069,23.05383,939916
2019-04-26 21:00:00+00:00,23.05569,23.09298,22.75414,22.9587,1278186
2019-05-03 21:00:00+00:00,22.95871,23.04552,22.86976,22.8981,946112
2019-05-10 21:00:00+00:00,22.8981,23.10476,22.87978,23.08309,707441
2019-05-17 21:00:00+00:00,23.08451,23.24557,23.03359,23.03359,661522
2019-05-24 21:00:00+00:00,23.0274,23.24676,23.0274,23.1382,647279
2019-05-31 21:00:00+00:00,23.13776,23.16178,22.55695,22.59575,1034296
2019-06-07 21:00:00+00:00,22.59552,22.79844,22.57913,22.79404,779338
2019-06-14 21:00:00+00:00,22.7943,22.90758,22.5112,22.52225,1027089
2019-06-21 21:00:00+00:00,22.52384,22.5367,22.31384,22.36124,926663
2019-06-28 21:00:00+00:00,22.36128,22.76063,22.36052,22.71824,678478
2019-07-05 21:00:00+00:00,22.71798,22.81892,22.68274,22.70333,697659
2019-07-12 21:00:00+00:00,22.70254,22.86056,22.6368,22.75162,724076
2019-07-19 21:00:00+00:00,22.75147,23.01016,22.74438,22.98135,769969
2019-07-26 21:00:00+00:00,22.98172,23.35394,22.94722,23.18046,1161730
2019-08-02 21:00:00+00:00,23.18025,23.19216,22.90826,23.08191,879348
2019-08-09 21:00:00+00:00,23.08216,23.3109,23.00576,23.2146,854489
2019-08-16 21:00:00+00:00,23.21522,23.33265,23.1754,23.20722,634697
2019-08-23 21:00:00+00:00,23.21379,23.66996,23.16138,23.62924,821969
2019-08-30 21:00:00+00:00,23.62367,23.70056,23.32824,23.44401,574885
2019-09-06 21:00:00+00:00,23.44416,23.64172,23.26636,23.34515,572835
2019-09-13 21:00:00+00:00,23.3439,23.54512,23.32077,23.47458,568796
2019-09-20 21:00:00+00:00,23.47367,23.69562,23.45493,23.62006,705565
2019-09-27 21:00:00+00:00,23.61922,23.72404,23.376,23.42733,628033
2019-10-04 21:00:00+00:00,23.42771,23.58704,23.31564,23.37535,605842
2019-10-11 21:00:00+00:00,23.37697,23.49286,22.94204,22.94325,646443
2019-10-18 21:00:00+00:00,22.94598,23.09444,22.91956,23.05947,467085
2019-10-25 21:00:00+00:00,23.06746,23.09346,22.81678,22.84464,514333
2019-11-01 21:00:00+00:00,22.85543,23.1477,22.82895,23.12806,499803
2019-11-08 22:00:00+00:00,23.12006,23.27184,23.10084,23.17058,385236
2019-11-15 22:00:00+00:00,23.14936,23.1643,22.98498,23.13386,420845
2019-11-22 22:00:00+00:00,23.14244,23.2483,23.07523,23.18346,346968
2019-11-29 22:00:00+00:00,23.16739,23.21588,22.96062,23.08996,465010
2019-12-06 22:00:00+00:00,23.08998,23.09812,22.78768,22.9018,502822
2019-12-13 22:00:00+00:00,22.90615,22.98376,22.77522,22.96672,417053
2019-12-20 22:00:00+00:00,22.96182,23.06189,22.76214,22.77982,294583
2019-12-27 22:00:00+00:00,22.76534,22.79341,22.60478,22.70808,385679
2020-01-03 22:00:00+00:00,22.77767,22.78891,22.53628,22.71898,512928
2020-01-10 22:00:00+00:00,22.719,22.73654,22.45955,22.67838,382898
2020-01-17 22:00:00+00:00,22.66323,22.8331,22.5165,22.82735,380133
2020-01-24 22:00:00+00:00,22.80098,22.9662,22.71223,22.73242,398646
2020-01-31 22:00:00+00:00,22.7207,22.90224,22.61302,22.87542,433910
2020-02-07 22:00:00+00:00,22.87596,22.98087,22.75419,22.95406,412883
2020-02-14 22:00:00+00:00,22.92474,23.26019,22.84904,23.10135,463928
2020-02-21 22:00:00+00:00,23.16646,23.35662,22.96916,23.08611,946899
2020-02-28 22:00:00+00:00,23.04916,23.07094,22.34838,22.50902,1497526
2020-03-06 22:00:00+00:00,22.40328,23.8345,22.16699,23.69545,2436222
2020-03-13 21:00:00+00:00,23.76325,26.07699,23.47,25.49695,1609458
2020-03-20 21:00:00+00:00,25.48797,25.95616,24.51328,24.5758,1415975
2020-03-27 21:00:00+00:00,24.5548,25.79758,24.539,25.73363,1013441
2020-04-03 21:00:00+00:00,25.7215,25.7215,24.5824,24.68541,647606
2020-04-10 21:00:00+00:00,24.59645,25.19758,24.40487,25.05815,631687
2020-04-17 21:00:00+00:00,25.05815,25.65024,24.724,25.13077,776552
2020-04-24 21:00:00+00:00,25.132,25.27038,24.59724,24.79126,785055
2020-05-01 21:00:00+00:00,24.80972,25.3675,24.7295,25.1181,733431
2020-05-08 21:00:00+00:00,25.18646,25.65224,25.02668,25.61798,717631
2020-05-15 21:00:00+00:00,25.59165,25.614,24.64692,25.02511,616193
2020-05-22 21:00:00+00:00,25.06009,25.13346,24.1499,24.26113,667026
2020-05-29 21:00:00+00:00,24.26113,24.28306,23.3489,23.56674,902818
2020-06-05 21:00:00+00:00,23.56374,23.86925,23.22868,23.75322,1116639
2020-06-12 21:00:00+00:00,23.82328,23.93888,23.40982,23.85032,1195073
2020-06-19 21:00:00+00:00,23.8135,23.99814,23.45681,23.84376,797504
2020-06-26 21:00:00+00:00,23.85641,23.9676,23.54219,23.72162,674601
2020-07-03 21:00:00+00:00,23.7251,23.78932,23.43736,23.60262,686815
2020-07-10 21:00:00+00:00,23.57456,23.64544,23.2215,23.32414,654412
2020-07-17 21:00:00+00:00,23.34256,23.35777,22.5082,22.51565,717265
2020-07-24 21:00:00+00:00,22.5312,22.6715,21.98924,22.27926,807024
2020-07-31 21:00:00+00:00,22.27993,22.49486,21.89125,22.3136,801262
2020-08-07 21:00:00+00:00,22.30782,22.36272,22.00426,22.02982,684170
2020-08-14 21:00:00+00:00,22.0395,22.20097,21.81082,22.09656,924741
2020-08-21 21:00:00+00:00,22.10622,22.35258,21.92093,21.94184,940755
2020-08-28 21:00:00+00:00,21.94142,22.48306,21.8039,22.35531,1067294
2020-09-04 21:00:00+00:00,22.34384,22.58813,22.29297,22.42872,869183
2020-09-11 21:00:00+00:00,22.45038,22.7891,22.3869,22.58045,1146825
2020-09-18 21:00:00+00:00,22.60827,23.39298,22.52597,23.32115,1536212
2020-09-25 21:00:00+00:00,23.3503,23.39111,22.83206,23.16695,1251179
2020-10-02 21:00:00+00:00,23.16695,23.19735,22.8325,22.8448,427485
2020-10-09 21:00:00+00:00,22.907,23.4278,22.8562,23.2442,464963
2020-10-16 21:00:00+00:00,23.3495,23.3699,22.80794,22.93935,450288
2020-10-23 21:00:00+00:00,22.973,23.49686,22.92005,23.4071,420259
2020-10-30 21:00:00+00:00,23.43825,23.4622,22.3429,22.3825,611131
2020-11-06 22:00:00+00:00,22.3705,22.5299,22.2025,22.32885,635149
2020-11-13 22:00:00+00:00,22.322,22.3771,22.0751,22.23145,430314
2020-11-20 22:00:00+00:00,22.2145,22.32765,21.86235,21.88635,731145
2020-11-27 22:00:00+00:00,21.8775,22.02545,21.6967,21.8308,622766
2020-12-04 22:00:00+00:00,21.859,21.9745,21.567,21.7485,523476
2020-12-11 22:00:00+00:00,21.802,21.802,21.298,21.3254,520257
2020-12-18 22:00:00+00:00,21.3785,21.7233,21.3677,21.5615,474059
2020-12-25 22:00:00+00:00,21.522,21.60306,21.2929,21.48515,378178
2021-01-01 22:00:00+00:00,21.45,21.46965,21.1368,21.4216,595873
2021-01-08 22:00:00+00:00,21.4105,21.68845,21.3955,21.669,507758
2021-01-15 22:00:00+00:00,21.6605,21.7321,21.41025,21.4615,437204
2021-01-22 22:00:00+00:00,21.47,21.65015,21.3756,21.4565,600992
2021-01-29 22:00:00+00:00,21.4505,21.66065,21.38605,21.406,630017
2021-02-05 22:00:00+00:00,21.369,21.4535,21.19105,21.2315,499072
2021-02-12 22:00:00+00:00,21.232,21.51795,21.1135,21.363,491984
2021-02-19 22:00:00+00:00,21.149,21.7002,21.149,21.66995,680340
2021-02-26 22:00:00+00:00,21.6725,22.15785,21.4293,22.098,835997
2021-03-05 22:00:00+00:00,22.088,22.3169,21.81845,21.901,689614
2021-03-12 22:00:00+00:00,21.9125,22.01656,21.6671,21.9015,581793
2021-03-19 21:00:00+00:00,21.986,22.27836,21.8251,22.1006,562610
2021-03-26 21:00:00+00:00,22.1006,22.34895,22.09455,22.256,472973
2021-04-02 21:00:00+00:00,22.213,22.22206,21.65145,21.8595,470162
2021-04-09 21:00:00+00:00,21.8828,21.99565,21.5804,21.6503,645876
2021-04-16 21:00:00+00:00,21.67735,21.71375,21.33855,21.344,508576
2021-04-23 21:00:00+00:00,21.3615,21.5373,21.27525,21.5235,646729
2021-04-30 21:00:00+00:00,21.501,21.58115,21.0539,21.1037,594355
2021-05-07 21:00:00+00:00,21.0875,21.2184,20.94755,20.959,592879
2021-05-14 21:00:00+00:00,20.946,21.0245,20.74855,20.903,368869
2021-05-21 21:00:00+00:00,20.905,20.98055,20.7176,20.886,394282
2021-05-28 21:00:00+00:00,20.8835,21.04625,20.7424,20.896,329212
2021-06-04 21:00:00+00:00,20.897,21.00415,20.75965,20.9685,318117
2021-06-11 21:00:00+00:00,20.9685,21.5871,20.92164,21.554,453627
2021-06-18 21:00:00+00:00,21.554,21.59905,21.19575,21.3515,372278
2021-06-25 21:00:00+00:00,21.32075,21.6804,21.278,21.5498,355646
2021-07-02 21:00:00+00:00,21.5662,21.9219,21.4793,21.6908,404788
2021-07-09 21:00:00+00:00,21.69265,21.82825,21.56454,21.6155,329454
2021-07-16 21:00:00+00:00,21.60025,21.85985,21.60025,21.78965,904356
2021-07-23 21:00:00+00:00,21.7844,21.8565,21.3863,21.4791,1126457
2021-07-30 21:00:00+00:00,21.50265,21.64156,21.2986,21.6019,825889
2021-08-06 21:00:00+00:00,21.59675,21.71485,21.52645,21.54295,776685
2021-08-13 21:00:00+00:00,21.55885,21.9785,21.46575,21.852,978955
2021-08-20 21:00:00+00:00,21.8394,21.95,21.60195,21.949,847915
2021-08-27 21:00:00+00:00,21.949,21.949,21.3128,21.35385,777809
2021-09-03 21:00:00+00:00,21.37175,21.5391,21.3127,21.4418,771895
2021-09-10 21:00:00+00:00,21.44195,21.6471,21.38305,21.64406,863771
2021-09-17 21:00:00+00:00,21.61845,21.74175,21.5711,21.68925,797323
2021-09-24 21:00:00+00:00,21.67095,22.06975,21.66835,21.8217,992150
2021-10-01 21:00:00+00:00,21.83775,22.06395,21.74005,21.98515,672898
2021-10-08 21:00:00+00:00,21.9982,22.05156,21.8289,21.86355,585794
2021-10-15 21:00:00+00:00,21.88325,22.0919,21.81935,22.0492,752229
2021-10-22 21:00:00+00:00,21.97965,22.24465,21.9736,22.18955,850528
2021-10-29 21:00:00+00:00,22.2045,22.24005,21.79895,21.81965,827579
2021-11-05 21:00:00+00:00,21.8128,22.09655,21.7115,22.0566,750476
2021-11-12 22:00:00+00:00,22.03345,22.58605,22.0064,22.53285,909402
2021-11-19 22:00:00+00:00,22.52745,22.93245,22.49415,22.7169,1082335
2021-11-26 22:00:00+00:00,22.71035,22.8026,22.3963,22.49895,1270048
2021-12-03 22:00:00+00:00,22.48365,22.68565,22.3716,22.41585,1028602
2021-12-10 22:00:00+00:00,22.4121,22.5494,22.26655,22.45015,1144074
2021-12-17 22:00:00+00:00,22.4613,22.47675,22.0387,22.0988,882927
2021-12-24 22:00:00+00:00,22.15285,22.23065,21.8347,21.88305,666852
2021-12-31 22:00:00+00:00,21.87155,22.00975,21.49755,21.505,964658
2022-01-07 22:00:00+00:00,21.4979,21.6332,21.15845,21.4645,1177980
2022-01-14 22:00:00+00:00,21.46845,21.582,21.1215,21.5146,1232120
2022-01-21 22:00:00+00:00,21.5027,22.01045,21.4835,21.9706,1535751
2022-01-28 22:00:00+00:00,21.94305,21.9686,21.19445,21.2546,1437591
2022-02-04 22:00:00+00:00,21.2161,21.7042,21.1267,21.659,1432305
2022-02-11 22:00:00+00:00,21.60435,21.78136,21.3354,21.46955,1279005
2022-02-18 22:00:00+00:00,21.4802,22.4795,21.329,21.95625,1386301
2022-02-25 22:00:00+00:00,21.95625,23.6664,21.95625,23.4889,1450743
2022-03-04 22:00:00+00:00,23.3745,23.9246,22.7091,23.0207,941694
2022-03-11 22:00:00+00:00,23.007,23.07855,22.1877,22.49085,737080
2022-03-18 21:00:00+00:00,22.4422,22.68635,22.22215,22.34735,674534
2022-03-25 21:00:00+00:00,22.44375,22.5131,21.8394,22.0459,875752
2022-04-01 21:00:00+00:00,22.0644,22.60795,22.0252,22.45295,853995
2022-04-08 21:00:00+00:00,22.38705,22.715,22.34775,22.59555,1006775
2022-04-15 21:00:00+00:00,22.60965,22.7308,22.3069,22.5421,896267
2022-04-22 21:00:00+00:00,22.5131,23.456,22.50655,23.3422,1525259
2022-04-29 21:00:00+00:00,23.299,23.7556,23.1125,23.73045,1616200
2022-05-06 21:00:00+00:00,23.7306,24.37176,23.5582,23.78675,1740414
2022-05-13 21:00:00+00:00,23.75545,23.83725,23.2796,23.32725,1567603
2022-05-20 21:00:00+00:00,23.3231,23.33355,22.88175,23.01085,1478689
2022-05-27 21:00:00+00:00,22.98795,23.2798,22.9124,23.0055,1029911
2022-06-03 21:00:00+00:00,23.01735,23.51045,22.89305,23.47965,1375158
2022-06-10 21:00:00+00:00,23.4821,23.88035,23.34,23.56265,1340140
2022-06-17 21:00:00+00:00,23.5639,23.6116,23.3187,23.4319,658255
2022-06-24 21:00:00+00:00,23.4329,23.8779,23.29465,23.7361,667326
2022-07-01 21:00:00+00:00,23.7474,24.5798,23.64955,24.189,658936
2022-07-08 21:00:00+00:00,24.18555,24.60775,24.074,24.28675,863931
2022-07-15 21:00:00+00:00,24.3422,24.34235,23.8177,24.0734,935083
2022-07-22 21:00:00+00:00,24.0325,24.33685,23.9079,24.06915,741603
2022-07-29 21:00:00+00:00,24.0648,24.361,23.9254,24.0779,815123
2022-08-05 21:00:00+00:00,24.10075,24.1232,23.4553,23.74885,723078
2022-08-12 21:00:00+00:00,23.8381,24.5625,23.716,24.54015,696211
2022-08-19 21:00:00+00:00,24.52425,24.9121,24.41395,24.70585,690029
2022-08-26 21:00:00+00:00,24.74965,24.83265,24.3217,24.63515,777219
2022-09-02 21:00:00+00:00,24.69755,24.94175,24.25395,24.4405,780674
2022-09-09 21:00:00+00:00,24.30705,24.66575,24.08395,24.4814,819724
2022-09-16 21:00:00+00:00,24.4866,25.456,24.38865,25.3996,831646
